event_id,session_id,stage,event_time
EVT_000001,SES_00001,landing,2025-07-15 11:06:44
EVT_000002,SES_00002,landing,2025-10-22 10:09:50
EVT_000003,SES_00002,Category,2025-10-22 10:10:40
EVT_000004,SES_00002,Product,2025-10-22 10:11:40
EVT_000005,SES_00002,Cart,2025-10-22 10:12:54
EVT_000006,SES_00003,landing,2025-07-30 19:33:02
EVT_000007,SES_00004,landing,2025-12-30 02:38:07
EVT_000008,SES_00004,Category,2025-12-30 02:39:46
EVT_000009,SES_00004,Product,2025-12-30 02:40:04
EVT_000010,SES_00005,landing,2025-03-23 01:43:08
EVT_000011,SES_00005,Category,2025-03-23 01:44:18
EVT_000012,SES_00006,landing,2025-08-27 17:37:51
EVT_000013,SES_00006,Category,2025-08-27 17:39:35
EVT_000014,SES_00006,Product,2025-08-27 17:40:57
EVT_000015,SES_00006,Cart,2025-08-27 17:42:23
EVT_000016,SES_00006,Checkout,2025-08-27 17:43:45
EVT_000017,SES_00007,landing,2025-08-26 17:29:00
EVT_000018,SES_00007,Category,2025-08-26 17:30:57
EVT_000019,SES_00007,Product,2025-08-26 17:32:52
EVT_000020,SES_00007,Cart,2025-08-26 17:34:04
EVT_000021,SES_00008,landing,2025-03-31 00:46:57
EVT_000022,SES_00008,Category,2025-03-31 00:47:26
EVT_000023,SES_00008,Product,2025-03-31 00:49:24
EVT_000024,SES_00009,landing,2025-08-12 06:38:12
EVT_000025,SES_00010,landing,2025-02-15 03:09:23
EVT_000026,SES_00010,Category,2025-02-15 03:11:03
EVT_000027,SES_00010,Product,2025-02-15 03:12:41
EVT_000028,SES_00010,Cart,2025-02-15 03:14:32
EVT_000029,SES_00010,Checkout,2025-02-15 03:16:01
EVT_000030,SES_00011,landing,2025-03-27 23:46:07
EVT_000031,SES_00011,Category,2025-03-27 23:46:53
EVT_000032,SES_00011,Product,2025-03-27 23:47:26
EVT_000033,SES_00012,landing,2025-05-14 13:01:59
EVT_000034,SES_00012,Category,2025-05-14 13:03:47
EVT_000035,SES_00012,Product,2025-05-14 13:05:03
EVT_000036,SES_00013,landing,2025-07-08 02:00:03
EVT_000037,SES_00013,Category,2025-07-08 02:01:32
EVT_000038,SES_00013,Product,2025-07-08 02:03:13
EVT_000039,SES_00013,Cart,2025-07-08 02:03:44
EVT_000040,SES_00013,Checkout,2025-07-08 02:05:11
EVT_000041,SES_00014,landing,2025-06-01 14:55:31
EVT_000042,SES_00014,Category,2025-06-01 14:56:36
EVT_000043,SES_00015,landing,2025-08-08 04:16:31
EVT_000044,SES_00016,landing,2025-09-13 17:36:09
EVT_000045,SES_00016,Category,2025-09-13 17:36:53
EVT_000046,SES_00016,Product,2025-09-13 17:37:09
EVT_000047,SES_00017,landing,2025-12-11 20:12:52
EVT_000048,SES_00017,Category,2025-12-11 20:13:19
EVT_000049,SES_00017,Product,2025-12-11 20:13:36
EVT_000050,SES_00017,Cart,2025-12-11 20:15:06
EVT_000051,SES_00018,landing,2025-11-09 02:05:55
EVT_000052,SES_00019,landing,2025-05-04 15:12:31
EVT_000053,SES_00019,Category,2025-05-04 15:13:59
EVT_000054,SES_00020,landing,2025-02-05 17:11:09
EVT_000055,SES_00020,Category,2025-02-05 17:12:13
EVT_000056,SES_00020,Product,2025-02-05 17:12:36
EVT_000057,SES_00020,Cart,2025-02-05 17:13:27
EVT_000058,SES_00020,Checkout,2025-02-05 17:14:16
EVT_000059,SES_00020,Thank_you,2025-02-05 17:14:41
EVT_000060,SES_00021,landing,2025-06-23 16:03:02
EVT_000061,SES_00021,Category,2025-06-23 16:04:10
EVT_000062,SES_00021,Product,2025-06-23 16:05:09
EVT_000063,SES_00021,Cart,2025-06-23 16:05:45
EVT_000064,SES_00021,Checkout,2025-06-23 16:06:54
EVT_000065,SES_00022,landing,2025-01-18 03:52:15
EVT_000066,SES_00022,Category,2025-01-18 03:53:47
EVT_000067,SES_00022,Product,2025-01-18 03:55:01
EVT_000068,SES_00022,Cart,2025-01-18 03:56:37
EVT_000069,SES_00023,landing,2025-11-06 06:29:34
EVT_000070,SES_00023,Category,2025-11-06 06:31:21
EVT_000071,SES_00023,Product,2025-11-06 06:33:20
EVT_000072,SES_00024,landing,2025-07-26 02:46:05
EVT_000073,SES_00024,Category,2025-07-26 02:47:41
EVT_000074,SES_00025,landing,2025-03-26 02:42:32
EVT_000075,SES_00025,Category,2025-03-26 02:44:01
EVT_000076,SES_00025,Product,2025-03-26 02:45:52
EVT_000077,SES_00026,landing,2025-10-17 09:31:55
EVT_000078,SES_00026,Category,2025-10-17 09:33:12
EVT_000079,SES_00027,landing,2025-12-11 10:45:24
EVT_000080,SES_00028,landing,2025-10-25 06:37:21
EVT_000081,SES_00028,Category,2025-10-25 06:37:57
EVT_000082,SES_00029,landing,2025-11-23 05:25:58
EVT_000083,SES_00029,Category,2025-11-23 05:27:25
EVT_000084,SES_00030,landing,2025-06-24 16:19:49
EVT_000085,SES_00030,Category,2025-06-24 16:21:24
EVT_000086,SES_00031,landing,2025-04-28 15:12:50
EVT_000087,SES_00031,Category,2025-04-28 15:14:23
EVT_000088,SES_00031,Product,2025-04-28 15:16:16
EVT_000089,SES_00031,Cart,2025-04-28 15:17:02
EVT_000090,SES_00032,landing,2025-02-12 08:02:26
EVT_000091,SES_00032,Category,2025-02-12 08:03:03
EVT_000092,SES_00033,landing,2025-05-14 11:37:53
EVT_000093,SES_00033,Category,2025-05-14 11:39:42
EVT_000094,SES_00034,landing,2025-10-15 20:08:42
EVT_000095,SES_00034,Category,2025-10-15 20:10:06
EVT_000096,SES_00035,landing,2025-09-21 23:14:09
EVT_000097,SES_00035,Category,2025-09-21 23:14:28
EVT_000098,SES_00036,landing,2025-11-12 12:04:39
EVT_000099,SES_00036,Category,2025-11-12 12:05:05
EVT_000100,SES_00037,landing,2025-09-26 10:39:42
EVT_000101,SES_00037,Category,2025-09-26 10:40:58
EVT_000102,SES_00037,Product,2025-09-26 10:42:44
EVT_000103,SES_00037,Cart,2025-09-26 10:43:39
EVT_000104,SES_00038,landing,2025-01-27 09:57:55
EVT_000105,SES_00038,Category,2025-01-27 09:59:16
EVT_000106,SES_00038,Product,2025-01-27 10:01:11
EVT_000107,SES_00038,Cart,2025-01-27 10:01:50
EVT_000108,SES_00039,landing,2025-08-31 11:36:43
EVT_000109,SES_00039,Category,2025-08-31 11:38:35
EVT_000110,SES_00040,landing,2025-06-07 15:23:46
EVT_000111,SES_00041,landing,2025-10-14 09:18:07
EVT_000112,SES_00041,Category,2025-10-14 09:20:02
EVT_000113,SES_00042,landing,2025-12-03 08:57:15
EVT_000114,SES_00043,landing,2025-05-11 22:57:23
EVT_000115,SES_00043,Category,2025-05-11 22:58:56
EVT_000116,SES_00043,Product,2025-05-11 23:00:50
EVT_000117,SES_00044,landing,2025-05-29 22:35:54
EVT_000118,SES_00045,landing,2025-07-11 00:07:51
EVT_000119,SES_00046,landing,2025-11-24 04:23:49
EVT_000120,SES_00047,landing,2025-06-30 00:44:27
EVT_000121,SES_00048,landing,2025-01-26 04:13:49
EVT_000122,SES_00049,landing,2025-02-02 06:01:31
EVT_000123,SES_00049,Category,2025-02-02 06:01:51
EVT_000124,SES_00050,landing,2025-06-19 15:07:19
EVT_000125,SES_00051,landing,2025-02-15 13:49:04
EVT_000126,SES_00052,landing,2025-08-12 01:15:41
EVT_000127,SES_00053,landing,2025-10-24 04:51:39
EVT_000128,SES_00053,Category,2025-10-24 04:53:04
EVT_000129,SES_00054,landing,2025-02-10 11:08:44
EVT_000130,SES_00054,Category,2025-02-10 11:09:55
EVT_000131,SES_00054,Product,2025-02-10 11:11:06
EVT_000132,SES_00055,landing,2025-11-25 13:02:00
EVT_000133,SES_00056,landing,2025-06-23 12:47:12
EVT_000134,SES_00056,Category,2025-06-23 12:49:08
EVT_000135,SES_00057,landing,2025-01-12 17:29:57
EVT_000136,SES_00058,landing,2025-04-13 22:23:51
EVT_000137,SES_00058,Category,2025-04-13 22:25:05
EVT_000138,SES_00058,Product,2025-04-13 22:26:01
EVT_000139,SES_00058,Cart,2025-04-13 22:26:43
EVT_000140,SES_00058,Checkout,2025-04-13 22:27:47
EVT_000141,SES_00059,landing,2025-04-20 08:48:45
EVT_000142,SES_00059,Category,2025-04-20 08:49:55
EVT_000143,SES_00059,Product,2025-04-20 08:50:11
EVT_000144,SES_00059,Cart,2025-04-20 08:51:02
EVT_000145,SES_00060,landing,2025-06-04 07:09:01
EVT_000146,SES_00060,Category,2025-06-04 07:10:26
EVT_000147,SES_00061,landing,2025-10-17 17:45:21
EVT_000148,SES_00061,Category,2025-10-17 17:46:31
EVT_000149,SES_00062,landing,2025-10-08 23:50:09
EVT_000150,SES_00063,landing,2025-07-04 23:55:43
EVT_000151,SES_00063,Category,2025-07-04 23:56:08
EVT_000152,SES_00064,landing,2025-04-04 22:05:45
EVT_000153,SES_00064,Category,2025-04-04 22:07:20
EVT_000154,SES_00064,Product,2025-04-04 22:08:28
EVT_000155,SES_00064,Cart,2025-04-04 22:10:23
EVT_000156,SES_00064,Checkout,2025-04-04 22:12:16
EVT_000157,SES_00065,landing,2025-02-13 17:26:50
EVT_000158,SES_00066,landing,2025-07-26 04:14:13
EVT_000159,SES_00066,Category,2025-07-26 04:15:55
EVT_000160,SES_00067,landing,2025-08-13 23:34:32
EVT_000161,SES_00067,Category,2025-08-13 23:35:58
EVT_000162,SES_00067,Product,2025-08-13 23:37:52
EVT_000163,SES_00067,Cart,2025-08-13 23:38:07
EVT_000164,SES_00068,landing,2025-03-17 01:20:43
EVT_000165,SES_00068,Category,2025-03-17 01:21:24
EVT_000166,SES_00068,Product,2025-03-17 01:22:12
EVT_000167,SES_00069,landing,2025-09-16 01:48:03
EVT_000168,SES_00070,landing,2025-08-14 23:41:34
EVT_000169,SES_00070,Category,2025-08-14 23:42:20
EVT_000170,SES_00071,landing,2025-03-26 03:44:30
EVT_000171,SES_00072,landing,2025-11-07 20:31:56
EVT_000172,SES_00072,Category,2025-11-07 20:33:23
EVT_000173,SES_00073,landing,2025-12-02 22:55:10
EVT_000174,SES_00073,Category,2025-12-02 22:56:46
EVT_000175,SES_00073,Product,2025-12-02 22:57:03
EVT_000176,SES_00073,Cart,2025-12-02 22:58:53
EVT_000177,SES_00073,Checkout,2025-12-02 23:00:49
EVT_000178,SES_00073,Thank_you,2025-12-02 23:01:31
EVT_000179,SES_00074,landing,2025-08-01 21:09:25
EVT_000180,SES_00074,Category,2025-08-01 21:10:18
EVT_000181,SES_00074,Product,2025-08-01 21:12:17
EVT_000182,SES_00075,landing,2025-08-29 21:18:56
EVT_000183,SES_00075,Category,2025-08-29 21:20:32
EVT_000184,SES_00076,landing,2025-04-24 18:09:13
EVT_000185,SES_00077,landing,2025-05-07 12:08:38
EVT_000186,SES_00077,Category,2025-05-07 12:09:43
EVT_000187,SES_00077,Product,2025-05-07 12:09:58
EVT_000188,SES_00077,Cart,2025-05-07 12:10:19
EVT_000189,SES_00077,Checkout,2025-05-07 12:11:42
EVT_000190,SES_00078,landing,2025-05-30 02:21:06
EVT_000191,SES_00078,Category,2025-05-30 02:22:11
EVT_000192,SES_00079,landing,2025-11-10 00:19:20
EVT_000193,SES_00080,landing,2025-12-21 17:13:32
EVT_000194,SES_00080,Category,2025-12-21 17:13:48
EVT_000195,SES_00081,landing,2025-02-08 21:12:46
EVT_000196,SES_00082,landing,2025-10-26 08:13:06
EVT_000197,SES_00082,Category,2025-10-26 08:13:36
EVT_000198,SES_00082,Product,2025-10-26 08:14:08
EVT_000199,SES_00083,landing,2025-04-15 05:14:19
EVT_000200,SES_00083,Category,2025-04-15 05:15:38
EVT_000201,SES_00083,Product,2025-04-15 05:16:49
EVT_000202,SES_00084,landing,2025-12-18 18:35:36
EVT_000203,SES_00085,landing,2025-10-01 08:49:53
EVT_000204,SES_00085,Category,2025-10-01 08:51:11
EVT_000205,SES_00086,landing,2025-05-05 18:33:03
EVT_000206,SES_00087,landing,2025-07-21 02:12:45
EVT_000207,SES_00088,landing,2025-05-15 14:52:49
EVT_000208,SES_00088,Category,2025-05-15 14:54:47
EVT_000209,SES_00089,landing,2025-10-18 11:19:56
EVT_000210,SES_00089,Category,2025-10-18 11:20:33
EVT_000211,SES_00089,Product,2025-10-18 11:21:01
EVT_000212,SES_00089,Cart,2025-10-18 11:22:16
EVT_000213,SES_00089,Checkout,2025-10-18 11:24:03
EVT_000214,SES_00090,landing,2025-01-25 03:18:59
EVT_000215,SES_00090,Category,2025-01-25 03:20:13
EVT_000216,SES_00091,landing,2025-05-21 18:24:25
EVT_000217,SES_00092,landing,2025-11-17 13:12:56
EVT_000218,SES_00093,landing,2025-11-13 07:20:19
EVT_000219,SES_00093,Category,2025-11-13 07:20:53
EVT_000220,SES_00093,Product,2025-11-13 07:21:33
EVT_000221,SES_00094,landing,2025-10-28 00:27:28
EVT_000222,SES_00094,Category,2025-10-28 00:28:38
EVT_000223,SES_00094,Product,2025-10-28 00:28:54
EVT_000224,SES_00095,landing,2025-03-13 23:45:11
EVT_000225,SES_00096,landing,2025-05-30 09:16:28
EVT_000226,SES_00097,landing,2025-06-07 00:17:21
EVT_000227,SES_00097,Category,2025-06-07 00:18:13
EVT_000228,SES_00098,landing,2025-01-15 11:04:38
EVT_000229,SES_00099,landing,2025-08-03 01:49:56
EVT_000230,SES_00100,landing,2025-12-24 17:38:55
EVT_000231,SES_00100,Category,2025-12-24 17:40:33
EVT_000232,SES_00100,Product,2025-12-24 17:41:41
EVT_000233,SES_00101,landing,2025-02-21 20:39:38
EVT_000234,SES_00101,Category,2025-02-21 20:40:04
EVT_000235,SES_00102,landing,2025-08-06 09:53:49
EVT_000236,SES_00102,Category,2025-08-06 09:54:36
EVT_000237,SES_00102,Product,2025-08-06 09:56:35
EVT_000238,SES_00103,landing,2025-09-04 16:09:04
EVT_000239,SES_00103,Category,2025-09-04 16:10:44
EVT_000240,SES_00103,Product,2025-09-04 16:12:31
EVT_000241,SES_00103,Cart,2025-09-04 16:12:49
EVT_000242,SES_00104,landing,2025-08-05 11:29:59
EVT_000243,SES_00105,landing,2025-04-08 23:36:44
EVT_000244,SES_00106,landing,2025-10-13 03:56:20
EVT_000245,SES_00107,landing,2025-01-28 19:03:23
EVT_000246,SES_00108,landing,2025-11-28 23:00:57
EVT_000247,SES_00109,landing,2025-06-28 07:18:29
EVT_000248,SES_00109,Category,2025-06-28 07:19:07
EVT_000249,SES_00109,Product,2025-06-28 07:20:10
EVT_000250,SES_00109,Cart,2025-06-28 07:22:00
EVT_000251,SES_00110,landing,2025-10-04 22:37:33
EVT_000252,SES_00110,Category,2025-10-04 22:37:53
EVT_000253,SES_00111,landing,2025-12-02 10:12:53
EVT_000254,SES_00111,Category,2025-12-02 10:14:45
EVT_000255,SES_00112,landing,2025-04-06 09:27:50
EVT_000256,SES_00112,Category,2025-04-06 09:29:18
EVT_000257,SES_00113,landing,2025-06-04 00:37:22
EVT_000258,SES_00113,Category,2025-06-04 00:39:03
EVT_000259,SES_00113,Product,2025-06-04 00:39:45
EVT_000260,SES_00114,landing,2025-02-13 17:24:38
EVT_000261,SES_00114,Category,2025-02-13 17:25:30
EVT_000262,SES_00114,Product,2025-02-13 17:26:49
EVT_000263,SES_00115,landing,2025-06-06 08:15:00
EVT_000264,SES_00115,Category,2025-06-06 08:16:19
EVT_000265,SES_00115,Product,2025-06-06 08:17:40
EVT_000266,SES_00115,Cart,2025-06-06 08:18:42
EVT_000267,SES_00115,Checkout,2025-06-06 08:20:01
EVT_000268,SES_00116,landing,2025-05-23 02:41:52
EVT_000269,SES_00116,Category,2025-05-23 02:42:34
EVT_000270,SES_00116,Product,2025-05-23 02:44:31
EVT_000271,SES_00117,landing,2025-03-07 08:04:40
EVT_000272,SES_00117,Category,2025-03-07 08:05:40
EVT_000273,SES_00117,Product,2025-03-07 08:07:17
EVT_000274,SES_00118,landing,2025-05-03 23:56:51
EVT_000275,SES_00118,Category,2025-05-03 23:57:30
EVT_000276,SES_00118,Product,2025-05-03 23:58:32
EVT_000277,SES_00118,Cart,2025-05-03 23:59:29
EVT_000278,SES_00119,landing,2025-03-18 22:23:20
EVT_000279,SES_00119,Category,2025-03-18 22:23:57
EVT_000280,SES_00119,Product,2025-03-18 22:24:54
EVT_000281,SES_00119,Cart,2025-03-18 22:26:00
EVT_000282,SES_00120,landing,2025-07-20 15:34:10
EVT_000283,SES_00121,landing,2025-08-11 19:03:24
EVT_000284,SES_00121,Category,2025-08-11 19:03:54
EVT_000285,SES_00122,landing,2025-09-30 07:05:36
EVT_000286,SES_00122,Category,2025-09-30 07:06:10
EVT_000287,SES_00122,Product,2025-09-30 07:07:38
EVT_000288,SES_00123,landing,2025-03-05 19:30:05
EVT_000289,SES_00123,Category,2025-03-05 19:30:24
EVT_000290,SES_00124,landing,2025-05-31 04:55:12
EVT_000291,SES_00125,landing,2025-05-08 16:05:12
EVT_000292,SES_00125,Category,2025-05-08 16:06:39
EVT_000293,SES_00125,Product,2025-05-08 16:07:02
EVT_000294,SES_00125,Cart,2025-05-08 16:08:08
EVT_000295,SES_00125,Checkout,2025-05-08 16:08:31
EVT_000296,SES_00126,landing,2025-09-23 15:22:03
EVT_000297,SES_00127,landing,2025-01-25 08:01:35
EVT_000298,SES_00127,Category,2025-01-25 08:02:55
EVT_000299,SES_00127,Product,2025-01-25 08:03:46
EVT_000300,SES_00127,Cart,2025-01-25 08:04:03
EVT_000301,SES_00128,landing,2025-12-07 14:53:37
EVT_000302,SES_00128,Category,2025-12-07 14:54:11
EVT_000303,SES_00129,landing,2025-12-06 17:25:21
EVT_000304,SES_00129,Category,2025-12-06 17:27:09
EVT_000305,SES_00129,Product,2025-12-06 17:28:29
EVT_000306,SES_00130,landing,2025-06-29 15:46:47
EVT_000307,SES_00131,landing,2025-07-05 13:54:59
EVT_000308,SES_00132,landing,2025-05-21 16:02:53
EVT_000309,SES_00132,Category,2025-05-21 16:04:19
EVT_000310,SES_00133,landing,2025-05-04 20:06:23
EVT_000311,SES_00133,Category,2025-05-04 20:08:06
EVT_000312,SES_00134,landing,2025-05-07 01:50:01
EVT_000313,SES_00135,landing,2025-07-13 09:53:18
EVT_000314,SES_00135,Category,2025-07-13 09:53:58
EVT_000315,SES_00136,landing,2025-08-16 05:26:08
EVT_000316,SES_00136,Category,2025-08-16 05:27:11
EVT_000317,SES_00137,landing,2025-05-15 05:07:03
EVT_000318,SES_00138,landing,2025-11-06 00:05:51
EVT_000319,SES_00138,Category,2025-11-06 00:06:35
EVT_000320,SES_00139,landing,2025-06-09 18:18:48
EVT_000321,SES_00140,landing,2025-01-22 16:00:58
EVT_000322,SES_00141,landing,2025-07-26 02:34:59
EVT_000323,SES_00141,Category,2025-07-26 02:36:29
EVT_000324,SES_00141,Product,2025-07-26 02:37:48
EVT_000325,SES_00141,Cart,2025-07-26 02:39:10
EVT_000326,SES_00141,Checkout,2025-07-26 02:40:23
EVT_000327,SES_00141,Thank_you,2025-07-26 02:41:42
EVT_000328,SES_00142,landing,2025-11-03 19:20:24
EVT_000329,SES_00142,Category,2025-11-03 19:21:28
EVT_000330,SES_00142,Product,2025-11-03 19:23:06
EVT_000331,SES_00143,landing,2025-12-06 05:05:40
EVT_000332,SES_00143,Category,2025-12-06 05:07:16
EVT_000333,SES_00143,Product,2025-12-06 05:07:37
EVT_000334,SES_00143,Cart,2025-12-06 05:08:24
EVT_000335,SES_00144,landing,2025-06-01 22:56:51
EVT_000336,SES_00144,Category,2025-06-01 22:57:19
EVT_000337,SES_00144,Product,2025-06-01 22:59:09
EVT_000338,SES_00144,Cart,2025-06-01 22:59:50
EVT_000339,SES_00145,landing,2025-05-25 15:59:56
EVT_000340,SES_00146,landing,2025-07-25 12:01:39
EVT_000341,SES_00146,Category,2025-07-25 12:03:28
EVT_000342,SES_00146,Product,2025-07-25 12:04:04
EVT_000343,SES_00146,Cart,2025-07-25 12:04:31
EVT_000344,SES_00147,landing,2025-12-04 21:17:36
EVT_000345,SES_00147,Category,2025-12-04 21:18:40
EVT_000346,SES_00148,landing,2025-10-04 20:35:36
EVT_000347,SES_00148,Category,2025-10-04 20:36:46
EVT_000348,SES_00148,Product,2025-10-04 20:37:37
EVT_000349,SES_00148,Cart,2025-10-04 20:38:53
EVT_000350,SES_00149,landing,2025-02-19 05:34:59
EVT_000351,SES_00149,Category,2025-02-19 05:36:23
EVT_000352,SES_00150,landing,2025-02-08 13:40:23
EVT_000353,SES_00150,Category,2025-02-08 13:41:22
EVT_000354,SES_00151,landing,2025-06-29 12:00:07
EVT_000355,SES_00151,Category,2025-06-29 12:00:57
EVT_000356,SES_00151,Product,2025-06-29 12:02:16
EVT_000357,SES_00151,Cart,2025-06-29 12:04:11
EVT_000358,SES_00152,landing,2025-09-12 01:39:29
EVT_000359,SES_00152,Category,2025-09-12 01:40:07
EVT_000360,SES_00153,landing,2025-08-28 21:06:39
EVT_000361,SES_00153,Category,2025-08-28 21:07:14
EVT_000362,SES_00154,landing,2025-02-26 13:53:33
EVT_000363,SES_00155,landing,2025-11-12 00:04:57
EVT_000364,SES_00155,Category,2025-11-12 00:05:40
EVT_000365,SES_00155,Product,2025-11-12 00:07:24
EVT_000366,SES_00155,Cart,2025-11-12 00:08:14
EVT_000367,SES_00156,landing,2025-11-11 22:29:19
EVT_000368,SES_00156,Category,2025-11-11 22:29:37
EVT_000369,SES_00156,Product,2025-11-11 22:30:05
EVT_000370,SES_00157,landing,2025-06-08 17:19:03
EVT_000371,SES_00157,Category,2025-06-08 17:19:19
EVT_000372,SES_00158,landing,2025-12-28 16:12:35
EVT_000373,SES_00159,landing,2025-06-23 13:27:41
EVT_000374,SES_00159,Category,2025-06-23 13:28:48
EVT_000375,SES_00159,Product,2025-06-23 13:30:36
EVT_000376,SES_00160,landing,2025-05-06 20:35:38
EVT_000377,SES_00160,Category,2025-05-06 20:36:08
EVT_000378,SES_00160,Product,2025-05-06 20:37:09
EVT_000379,SES_00161,landing,2025-08-07 21:10:52
EVT_000380,SES_00161,Category,2025-08-07 21:11:11
EVT_000381,SES_00161,Product,2025-08-07 21:12:27
EVT_000382,SES_00161,Cart,2025-08-07 21:12:50
EVT_000383,SES_00162,landing,2025-08-07 22:43:04
EVT_000384,SES_00162,Category,2025-08-07 22:43:20
EVT_000385,SES_00162,Product,2025-08-07 22:44:55
EVT_000386,SES_00162,Cart,2025-08-07 22:46:13
EVT_000387,SES_00163,landing,2025-09-10 15:31:34
EVT_000388,SES_00163,Category,2025-09-10 15:33:32
EVT_000389,SES_00164,landing,2025-09-17 21:20:31
EVT_000390,SES_00165,landing,2025-04-01 03:26:50
EVT_000391,SES_00165,Category,2025-04-01 03:27:25
EVT_000392,SES_00166,landing,2025-08-27 05:24:40
EVT_000393,SES_00167,landing,2025-07-05 05:03:28
EVT_000394,SES_00167,Category,2025-07-05 05:03:54
EVT_000395,SES_00168,landing,2025-01-14 22:40:01
EVT_000396,SES_00169,landing,2025-04-25 08:39:27
EVT_000397,SES_00169,Category,2025-04-25 08:40:51
EVT_000398,SES_00170,landing,2025-04-26 02:05:46
EVT_000399,SES_00171,landing,2025-10-26 15:24:16
EVT_000400,SES_00172,landing,2025-10-17 07:09:27
EVT_000401,SES_00173,landing,2025-09-18 15:00:22
EVT_000402,SES_00173,Category,2025-09-18 15:01:43
EVT_000403,SES_00173,Product,2025-09-18 15:03:16
EVT_000404,SES_00173,Cart,2025-09-18 15:04:04
EVT_000405,SES_00174,landing,2025-09-27 21:43:53
EVT_000406,SES_00175,landing,2025-09-25 20:10:35
EVT_000407,SES_00175,Category,2025-09-25 20:10:55
EVT_000408,SES_00175,Product,2025-09-25 20:12:12
EVT_000409,SES_00176,landing,2025-03-29 19:01:44
EVT_000410,SES_00176,Category,2025-03-29 19:02:57
EVT_000411,SES_00177,landing,2025-04-02 11:36:42
EVT_000412,SES_00177,Category,2025-04-02 11:37:21
EVT_000413,SES_00177,Product,2025-04-02 11:38:07
EVT_000414,SES_00177,Cart,2025-04-02 11:39:20
EVT_000415,SES_00178,landing,2025-11-15 09:55:51
EVT_000416,SES_00178,Category,2025-11-15 09:56:24
EVT_000417,SES_00178,Product,2025-11-15 09:58:01
EVT_000418,SES_00178,Cart,2025-11-15 09:59:15
EVT_000419,SES_00178,Checkout,2025-11-15 10:00:24
EVT_000420,SES_00179,landing,2025-01-09 15:01:41
EVT_000421,SES_00180,landing,2025-05-28 16:25:55
EVT_000422,SES_00180,Category,2025-05-28 16:27:01
EVT_000423,SES_00180,Product,2025-05-28 16:28:48
EVT_000424,SES_00180,Cart,2025-05-28 16:29:18
EVT_000425,SES_00180,Checkout,2025-05-28 16:31:07
EVT_000426,SES_00181,landing,2025-12-23 02:48:24
EVT_000427,SES_00181,Category,2025-12-23 02:48:40
EVT_000428,SES_00181,Product,2025-12-23 02:49:43
EVT_000429,SES_00181,Cart,2025-12-23 02:51:18
EVT_000430,SES_00182,landing,2025-06-06 21:34:41
EVT_000431,SES_00182,Category,2025-06-06 21:35:37
EVT_000432,SES_00182,Product,2025-06-06 21:37:05
EVT_000433,SES_00182,Cart,2025-06-06 21:37:28
EVT_000434,SES_00182,Checkout,2025-06-06 21:37:58
EVT_000435,SES_00183,landing,2025-02-09 18:06:29
EVT_000436,SES_00183,Category,2025-02-09 18:06:53
EVT_000437,SES_00183,Product,2025-02-09 18:08:30
EVT_000438,SES_00183,Cart,2025-02-09 18:09:02
EVT_000439,SES_00184,landing,2025-08-05 19:57:25
EVT_000440,SES_00185,landing,2025-06-06 10:07:31
EVT_000441,SES_00185,Category,2025-06-06 10:08:19
EVT_000442,SES_00186,landing,2025-06-23 09:29:58
EVT_000443,SES_00186,Category,2025-06-23 09:30:26
EVT_000444,SES_00187,landing,2025-10-05 14:40:58
EVT_000445,SES_00187,Category,2025-10-05 14:42:28
EVT_000446,SES_00187,Product,2025-10-05 14:42:46
EVT_000447,SES_00187,Cart,2025-10-05 14:43:01
EVT_000448,SES_00188,landing,2025-04-20 23:32:27
EVT_000449,SES_00189,landing,2025-01-01 17:26:01
EVT_000450,SES_00189,Category,2025-01-01 17:27:14
EVT_000451,SES_00189,Product,2025-01-01 17:28:48
EVT_000452,SES_00190,landing,2025-10-05 18:09:03
EVT_000453,SES_00190,Category,2025-10-05 18:09:32
EVT_000454,SES_00191,landing,2025-10-06 14:10:27
EVT_000455,SES_00191,Category,2025-10-06 14:11:32
EVT_000456,SES_00192,landing,2025-01-13 15:19:43
EVT_000457,SES_00192,Category,2025-01-13 15:20:03
EVT_000458,SES_00193,landing,2025-06-07 08:05:52
EVT_000459,SES_00193,Category,2025-06-07 08:06:19
EVT_000460,SES_00193,Product,2025-06-07 08:07:51
EVT_000461,SES_00194,landing,2025-04-21 17:35:37
EVT_000462,SES_00195,landing,2025-05-14 07:58:17
EVT_000463,SES_00195,Category,2025-05-14 07:58:59
EVT_000464,SES_00195,Product,2025-05-14 08:00:43
EVT_000465,SES_00195,Cart,2025-05-14 08:01:44
EVT_000466,SES_00195,Checkout,2025-05-14 08:03:04
EVT_000467,SES_00196,landing,2025-02-08 13:38:51
EVT_000468,SES_00196,Category,2025-02-08 13:40:44
EVT_000469,SES_00197,landing,2025-12-20 12:26:04
EVT_000470,SES_00197,Category,2025-12-20 12:27:54
EVT_000471,SES_00197,Product,2025-12-20 12:29:45
EVT_000472,SES_00198,landing,2025-04-02 00:48:19
EVT_000473,SES_00198,Category,2025-04-02 00:50:01
EVT_000474,SES_00198,Product,2025-04-02 00:50:28
EVT_000475,SES_00199,landing,2025-05-30 16:42:13
EVT_000476,SES_00200,landing,2025-08-27 20:29:34
EVT_000477,SES_00200,Category,2025-08-27 20:31:19
EVT_000478,SES_00200,Product,2025-08-27 20:32:12
EVT_000479,SES_00200,Cart,2025-08-27 20:32:40
EVT_000480,SES_00201,landing,2025-11-05 12:32:52
EVT_000481,SES_00201,Category,2025-11-05 12:34:10
EVT_000482,SES_00202,landing,2025-11-15 02:49:36
EVT_000483,SES_00203,landing,2025-11-22 21:09:50
EVT_000484,SES_00203,Category,2025-11-22 21:11:10
EVT_000485,SES_00203,Product,2025-11-22 21:11:45
EVT_000486,SES_00203,Cart,2025-11-22 21:12:19
EVT_000487,SES_00203,Checkout,2025-11-22 21:12:56
EVT_000488,SES_00204,landing,2025-08-09 12:16:54
EVT_000489,SES_00204,Category,2025-08-09 12:18:32
EVT_000490,SES_00205,landing,2025-12-03 21:12:40
EVT_000491,SES_00206,landing,2025-10-02 11:15:23
EVT_000492,SES_00207,landing,2025-04-24 18:32:00
EVT_000493,SES_00207,Category,2025-04-24 18:32:22
EVT_000494,SES_00207,Product,2025-04-24 18:33:20
EVT_000495,SES_00208,landing,2025-11-25 04:30:02
EVT_000496,SES_00208,Category,2025-11-25 04:30:57
EVT_000497,SES_00209,landing,2025-06-28 06:54:49
EVT_000498,SES_00210,landing,2025-03-08 23:01:16
EVT_000499,SES_00210,Category,2025-03-08 23:02:25
EVT_000500,SES_00210,Product,2025-03-08 23:02:59
EVT_000501,SES_00210,Cart,2025-03-08 23:03:40
EVT_000502,SES_00211,landing,2025-04-24 12:51:24
EVT_000503,SES_00211,Category,2025-04-24 12:53:09
EVT_000504,SES_00211,Product,2025-04-24 12:54:45
EVT_000505,SES_00211,Cart,2025-04-24 12:56:11
EVT_000506,SES_00212,landing,2025-01-29 21:48:49
EVT_000507,SES_00213,landing,2025-01-30 16:56:09
EVT_000508,SES_00213,Category,2025-01-30 16:57:46
EVT_000509,SES_00213,Product,2025-01-30 16:59:24
EVT_000510,SES_00213,Cart,2025-01-30 17:00:27
EVT_000511,SES_00214,landing,2025-10-30 08:23:09
EVT_000512,SES_00214,Category,2025-10-30 08:24:36
EVT_000513,SES_00215,landing,2025-05-18 16:38:05
EVT_000514,SES_00215,Category,2025-05-18 16:39:40
EVT_000515,SES_00216,landing,2025-11-04 05:49:11
EVT_000516,SES_00216,Category,2025-11-04 05:50:03
EVT_000517,SES_00217,landing,2025-10-30 11:40:37
EVT_000518,SES_00218,landing,2025-11-29 09:46:54
EVT_000519,SES_00218,Category,2025-11-29 09:47:30
EVT_000520,SES_00218,Product,2025-11-29 09:48:15
EVT_000521,SES_00218,Cart,2025-11-29 09:49:33
EVT_000522,SES_00219,landing,2025-11-15 06:31:18
EVT_000523,SES_00220,landing,2025-05-27 19:23:15
EVT_000524,SES_00220,Category,2025-05-27 19:24:54
EVT_000525,SES_00220,Product,2025-05-27 19:26:52
EVT_000526,SES_00221,landing,2025-04-19 11:03:12
EVT_000527,SES_00222,landing,2025-06-20 10:51:45
EVT_000528,SES_00223,landing,2025-07-11 14:18:41
EVT_000529,SES_00224,landing,2025-12-20 23:06:49
EVT_000530,SES_00225,landing,2025-04-22 21:29:32
EVT_000531,SES_00226,landing,2025-12-11 15:00:56
EVT_000532,SES_00226,Category,2025-12-11 15:02:50
EVT_000533,SES_00226,Product,2025-12-11 15:03:26
EVT_000534,SES_00226,Cart,2025-12-11 15:04:11
EVT_000535,SES_00226,Checkout,2025-12-11 15:05:29
EVT_000536,SES_00226,Thank_you,2025-12-11 15:06:50
EVT_000537,SES_00227,landing,2025-04-06 04:14:41
EVT_000538,SES_00228,landing,2025-05-28 16:47:34
EVT_000539,SES_00229,landing,2025-12-13 00:12:23
EVT_000540,SES_00229,Category,2025-12-13 00:13:43
EVT_000541,SES_00229,Product,2025-12-13 00:14:54
EVT_000542,SES_00229,Cart,2025-12-13 00:16:05
EVT_000543,SES_00229,Checkout,2025-12-13 00:16:24
EVT_000544,SES_00230,landing,2025-10-29 00:35:11
EVT_000545,SES_00230,Category,2025-10-29 00:35:38
EVT_000546,SES_00231,landing,2025-07-18 13:10:15
EVT_000547,SES_00232,landing,2025-03-16 18:34:52
EVT_000548,SES_00232,Category,2025-03-16 18:36:12
EVT_000549,SES_00233,landing,2025-07-03 06:02:52
EVT_000550,SES_00234,landing,2025-12-12 12:04:16
EVT_000551,SES_00234,Category,2025-12-12 12:05:12
EVT_000552,SES_00234,Product,2025-12-12 12:05:53
EVT_000553,SES_00234,Cart,2025-12-12 12:06:57
EVT_000554,SES_00234,Checkout,2025-12-12 12:08:18
EVT_000555,SES_00234,Thank_you,2025-12-12 12:09:18
EVT_000556,SES_00235,landing,2025-04-01 13:47:09
EVT_000557,SES_00235,Category,2025-04-01 13:48:15
EVT_000558,SES_00235,Product,2025-04-01 13:49:39
EVT_000559,SES_00236,landing,2025-06-05 04:56:04
EVT_000560,SES_00237,landing,2025-10-03 16:16:25
EVT_000561,SES_00238,landing,2025-12-14 20:41:20
EVT_000562,SES_00239,landing,2025-09-23 12:11:23
EVT_000563,SES_00240,landing,2025-09-19 02:34:07
EVT_000564,SES_00240,Category,2025-09-19 02:35:40
EVT_000565,SES_00240,Product,2025-09-19 02:36:11
EVT_000566,SES_00241,landing,2025-05-29 18:20:11
EVT_000567,SES_00242,landing,2025-03-23 18:07:52
EVT_000568,SES_00243,landing,2025-09-02 09:55:12
EVT_000569,SES_00243,Category,2025-09-02 09:56:29
EVT_000570,SES_00243,Product,2025-09-02 09:57:05
EVT_000571,SES_00244,landing,2025-04-15 14:07:04
EVT_000572,SES_00244,Category,2025-04-15 14:08:19
EVT_000573,SES_00244,Product,2025-04-15 14:08:35
EVT_000574,SES_00245,landing,2025-01-27 11:19:37
EVT_000575,SES_00245,Category,2025-01-27 11:21:34
EVT_000576,SES_00245,Product,2025-01-27 11:23:33
EVT_000577,SES_00246,landing,2025-03-05 08:31:35
EVT_000578,SES_00246,Category,2025-03-05 08:32:29
EVT_000579,SES_00246,Product,2025-03-05 08:33:14
EVT_000580,SES_00246,Cart,2025-03-05 08:33:55
EVT_000581,SES_00246,Checkout,2025-03-05 08:35:42
EVT_000582,SES_00247,landing,2025-12-21 06:22:40
EVT_000583,SES_00247,Category,2025-12-21 06:22:59
EVT_000584,SES_00247,Product,2025-12-21 06:24:39
EVT_000585,SES_00248,landing,2025-08-06 20:20:04
EVT_000586,SES_00249,landing,2025-10-09 04:43:17
EVT_000587,SES_00250,landing,2025-02-05 17:57:06
EVT_000588,SES_00251,landing,2025-06-07 19:40:29
EVT_000589,SES_00251,Category,2025-06-07 19:41:15
EVT_000590,SES_00251,Product,2025-06-07 19:41:57
EVT_000591,SES_00252,landing,2025-08-02 12:01:04
EVT_000592,SES_00252,Category,2025-08-02 12:02:33
EVT_000593,SES_00252,Product,2025-08-02 12:03:55
EVT_000594,SES_00252,Cart,2025-08-02 12:05:43
EVT_000595,SES_00252,Checkout,2025-08-02 12:06:40
EVT_000596,SES_00253,landing,2025-04-16 23:26:50
EVT_000597,SES_00253,Category,2025-04-16 23:28:33
EVT_000598,SES_00253,Product,2025-04-16 23:29:09
EVT_000599,SES_00253,Cart,2025-04-16 23:31:03
EVT_000600,SES_00254,landing,2025-03-24 11:09:22
EVT_000601,SES_00255,landing,2025-03-31 00:07:44
EVT_000602,SES_00255,Category,2025-03-31 00:08:00
EVT_000603,SES_00255,Product,2025-03-31 00:09:19
EVT_000604,SES_00256,landing,2025-07-15 16:36:54
EVT_000605,SES_00256,Category,2025-07-15 16:38:36
EVT_000606,SES_00256,Product,2025-07-15 16:39:25
EVT_000607,SES_00257,landing,2025-09-26 23:29:50
EVT_000608,SES_00258,landing,2025-02-19 05:48:42
EVT_000609,SES_00258,Category,2025-02-19 05:50:16
EVT_000610,SES_00259,landing,2025-01-01 13:26:01
EVT_000611,SES_00260,landing,2025-03-16 07:16:16
EVT_000612,SES_00260,Category,2025-03-16 07:17:40
EVT_000613,SES_00260,Product,2025-03-16 07:18:28
EVT_000614,SES_00260,Cart,2025-03-16 07:19:06
EVT_000615,SES_00260,Checkout,2025-03-16 07:20:48
EVT_000616,SES_00260,Thank_you,2025-03-16 07:21:19
EVT_000617,SES_00261,landing,2025-03-17 04:06:33
EVT_000618,SES_00262,landing,2025-12-30 12:00:00
EVT_000619,SES_00262,Category,2025-12-30 12:01:00
EVT_000620,SES_00263,landing,2025-11-09 21:13:07
EVT_000621,SES_00264,landing,2025-06-17 15:20:34
EVT_000622,SES_00264,Category,2025-06-17 15:21:40
EVT_000623,SES_00264,Product,2025-06-17 15:22:00
EVT_000624,SES_00265,landing,2025-01-21 05:50:12
EVT_000625,SES_00265,Category,2025-01-21 05:51:43
EVT_000626,SES_00266,landing,2025-08-23 19:43:18
EVT_000627,SES_00266,Category,2025-08-23 19:45:14
EVT_000628,SES_00266,Product,2025-08-23 19:46:32
EVT_000629,SES_00267,landing,2025-07-23 22:24:05
EVT_000630,SES_00268,landing,2025-11-01 14:07:17
EVT_000631,SES_00268,Category,2025-11-01 14:07:34
EVT_000632,SES_00268,Product,2025-11-01 14:07:51
EVT_000633,SES_00268,Cart,2025-11-01 14:08:22
EVT_000634,SES_00268,Checkout,2025-11-01 14:09:03
EVT_000635,SES_00269,landing,2025-11-12 01:51:59
EVT_000636,SES_00270,landing,2025-01-25 02:34:08
EVT_000637,SES_00270,Category,2025-01-25 02:35:39
EVT_000638,SES_00270,Product,2025-01-25 02:36:50
EVT_000639,SES_00270,Cart,2025-01-25 02:37:35
EVT_000640,SES_00271,landing,2025-01-07 03:53:31
EVT_000641,SES_00271,Category,2025-01-07 03:55:29
EVT_000642,SES_00271,Product,2025-01-07 03:56:15
EVT_000643,SES_00272,landing,2025-03-03 05:30:36
EVT_000644,SES_00272,Category,2025-03-03 05:31:09
EVT_000645,SES_00272,Product,2025-03-03 05:33:00
EVT_000646,SES_00272,Cart,2025-03-03 05:34:48
EVT_000647,SES_00272,Checkout,2025-03-03 05:35:38
EVT_000648,SES_00272,Thank_you,2025-03-03 05:36:00
EVT_000649,SES_00273,landing,2025-06-11 12:31:56
EVT_000650,SES_00273,Category,2025-06-11 12:32:40
EVT_000651,SES_00274,landing,2025-02-02 12:54:11
EVT_000652,SES_00275,landing,2025-07-18 07:06:20
EVT_000653,SES_00275,Category,2025-07-18 07:08:09
EVT_000654,SES_00275,Product,2025-07-18 07:08:30
EVT_000655,SES_00276,landing,2025-12-14 15:51:46
EVT_000656,SES_00276,Category,2025-12-14 15:53:37
EVT_000657,SES_00276,Product,2025-12-14 15:55:27
EVT_000658,SES_00277,landing,2025-03-26 17:51:10
EVT_000659,SES_00277,Category,2025-03-26 17:51:27
EVT_000660,SES_00278,landing,2025-04-22 19:02:52
EVT_000661,SES_00278,Category,2025-04-22 19:04:14
EVT_000662,SES_00279,landing,2025-09-30 18:08:24
EVT_000663,SES_00280,landing,2025-12-13 15:16:36
EVT_000664,SES_00280,Category,2025-12-13 15:17:14
EVT_000665,SES_00280,Product,2025-12-13 15:18:11
EVT_000666,SES_00280,Cart,2025-12-13 15:19:51
EVT_000667,SES_00280,Checkout,2025-12-13 15:20:39
EVT_000668,SES_00281,landing,2025-05-08 10:54:14
EVT_000669,SES_00281,Category,2025-05-08 10:55:17
EVT_000670,SES_00282,landing,2025-10-22 20:40:04
EVT_000671,SES_00282,Category,2025-10-22 20:41:51
EVT_000672,SES_00282,Product,2025-10-22 20:43:48
EVT_000673,SES_00283,landing,2025-07-11 09:52:50
EVT_000674,SES_00283,Category,2025-07-11 09:53:26
EVT_000675,SES_00284,landing,2025-01-11 13:25:04
EVT_000676,SES_00285,landing,2025-02-08 18:15:31
EVT_000677,SES_00285,Category,2025-02-08 18:16:59
EVT_000678,SES_00285,Product,2025-02-08 18:18:03
EVT_000679,SES_00285,Cart,2025-02-08 18:18:46
EVT_000680,SES_00285,Checkout,2025-02-08 18:20:37
EVT_000681,SES_00286,landing,2025-03-22 16:47:53
EVT_000682,SES_00286,Category,2025-03-22 16:48:18
EVT_000683,SES_00286,Product,2025-03-22 16:48:51
EVT_000684,SES_00287,landing,2025-04-17 08:12:38
EVT_000685,SES_00287,Category,2025-04-17 08:13:30
EVT_000686,SES_00287,Product,2025-04-17 08:15:07
EVT_000687,SES_00288,landing,2025-11-29 23:10:46
EVT_000688,SES_00288,Category,2025-11-29 23:12:34
EVT_000689,SES_00289,landing,2025-08-09 17:28:30
EVT_000690,SES_00290,landing,2025-04-26 21:31:07
EVT_000691,SES_00290,Category,2025-04-26 21:32:38
EVT_000692,SES_00291,landing,2025-06-22 02:04:01
EVT_000693,SES_00291,Category,2025-06-22 02:04:59
EVT_000694,SES_00291,Product,2025-06-22 02:05:24
EVT_000695,SES_00291,Cart,2025-06-22 02:06:18
EVT_000696,SES_00292,landing,2025-04-02 21:48:54
EVT_000697,SES_00292,Category,2025-04-02 21:50:19
EVT_000698,SES_00293,landing,2025-11-28 01:27:20
EVT_000699,SES_00294,landing,2025-01-14 21:49:53
EVT_000700,SES_00294,Category,2025-01-14 21:51:08
EVT_000701,SES_00295,landing,2025-02-11 20:56:29
EVT_000702,SES_00295,Category,2025-02-11 20:57:43
EVT_000703,SES_00296,landing,2025-10-24 16:33:42
EVT_000704,SES_00296,Category,2025-10-24 16:34:46
EVT_000705,SES_00297,landing,2025-11-17 09:01:25
EVT_000706,SES_00297,Category,2025-11-17 09:02:41
EVT_000707,SES_00298,landing,2025-05-09 16:02:39
EVT_000708,SES_00298,Category,2025-05-09 16:03:03
EVT_000709,SES_00298,Product,2025-05-09 16:04:40
EVT_000710,SES_00299,landing,2025-10-15 00:37:57
EVT_000711,SES_00299,Category,2025-10-15 00:38:46
EVT_000712,SES_00299,Product,2025-10-15 00:39:56
EVT_000713,SES_00300,landing,2025-04-19 10:25:54
EVT_000714,SES_00300,Category,2025-04-19 10:27:32
EVT_000715,SES_00301,landing,2025-06-01 09:18:46
EVT_000716,SES_00301,Category,2025-06-01 09:20:25
EVT_000717,SES_00302,landing,2025-02-26 19:34:16
EVT_000718,SES_00303,landing,2025-07-21 19:59:23
EVT_000719,SES_00304,landing,2025-11-01 20:39:36
EVT_000720,SES_00304,Category,2025-11-01 20:40:50
EVT_000721,SES_00304,Product,2025-11-01 20:41:40
EVT_000722,SES_00305,landing,2025-05-29 16:00:49
EVT_000723,SES_00305,Category,2025-05-29 16:01:27
EVT_000724,SES_00305,Product,2025-05-29 16:02:22
EVT_000725,SES_00305,Cart,2025-05-29 16:03:00
EVT_000726,SES_00306,landing,2025-10-24 04:30:18
EVT_000727,SES_00306,Category,2025-10-24 04:30:57
EVT_000728,SES_00306,Product,2025-10-24 04:32:04
EVT_000729,SES_00307,landing,2025-04-09 16:37:39
EVT_000730,SES_00307,Category,2025-04-09 16:38:00
EVT_000731,SES_00307,Product,2025-04-09 16:38:24
EVT_000732,SES_00307,Cart,2025-04-09 16:40:22
EVT_000733,SES_00307,Checkout,2025-04-09 16:41:04
EVT_000734,SES_00308,landing,2025-04-25 03:18:04
EVT_000735,SES_00308,Category,2025-04-25 03:19:01
EVT_000736,SES_00308,Product,2025-04-25 03:20:42
EVT_000737,SES_00308,Cart,2025-04-25 03:21:14
EVT_000738,SES_00309,landing,2025-09-20 09:51:21
EVT_000739,SES_00309,Category,2025-09-20 09:51:54
EVT_000740,SES_00309,Product,2025-09-20 09:53:32
EVT_000741,SES_00310,landing,2025-11-28 13:58:20
EVT_000742,SES_00311,landing,2025-08-29 23:10:57
EVT_000743,SES_00311,Category,2025-08-29 23:11:18
EVT_000744,SES_00312,landing,2025-03-12 07:14:51
EVT_000745,SES_00312,Category,2025-03-12 07:15:54
EVT_000746,SES_00312,Product,2025-03-12 07:16:16
EVT_000747,SES_00312,Cart,2025-03-12 07:17:22
EVT_000748,SES_00312,Checkout,2025-03-12 07:18:20
EVT_000749,SES_00312,Thank_you,2025-03-12 07:19:13
EVT_000750,SES_00313,landing,2025-06-04 12:48:54
EVT_000751,SES_00313,Category,2025-06-04 12:50:07
EVT_000752,SES_00313,Product,2025-06-04 12:50:26
EVT_000753,SES_00313,Cart,2025-06-04 12:51:39
EVT_000754,SES_00314,landing,2025-01-07 18:10:09
EVT_000755,SES_00314,Category,2025-01-07 18:11:21
EVT_000756,SES_00314,Product,2025-01-07 18:13:06
EVT_000757,SES_00315,landing,2025-06-28 17:06:39
EVT_000758,SES_00316,landing,2025-12-16 20:27:21
EVT_000759,SES_00316,Category,2025-12-16 20:28:20
EVT_000760,SES_00317,landing,2025-06-27 16:50:23
EVT_000761,SES_00317,Category,2025-06-27 16:51:36
EVT_000762,SES_00317,Product,2025-06-27 16:52:35
EVT_000763,SES_00317,Cart,2025-06-27 16:54:10
EVT_000764,SES_00318,landing,2025-12-14 10:25:31
EVT_000765,SES_00318,Category,2025-12-14 10:26:17
EVT_000766,SES_00318,Product,2025-12-14 10:27:39
EVT_000767,SES_00318,Cart,2025-12-14 10:29:19
EVT_000768,SES_00319,landing,2025-01-06 23:42:52
EVT_000769,SES_00320,landing,2025-10-18 20:26:11
EVT_000770,SES_00321,landing,2025-05-31 14:48:32
EVT_000771,SES_00321,Category,2025-05-31 14:50:21
EVT_000772,SES_00321,Product,2025-05-31 14:51:17
EVT_000773,SES_00322,landing,2025-11-30 06:56:51
EVT_000774,SES_00322,Category,2025-11-30 06:57:33
EVT_000775,SES_00323,landing,2025-07-13 18:28:14
EVT_000776,SES_00323,Category,2025-07-13 18:30:02
EVT_000777,SES_00323,Product,2025-07-13 18:31:27
EVT_000778,SES_00324,landing,2025-10-06 00:16:40
EVT_000779,SES_00324,Category,2025-10-06 00:18:24
EVT_000780,SES_00325,landing,2025-01-22 06:38:40
EVT_000781,SES_00325,Category,2025-01-22 06:38:55
EVT_000782,SES_00325,Product,2025-01-22 06:40:19
EVT_000783,SES_00325,Cart,2025-01-22 06:41:16
EVT_000784,SES_00326,landing,2025-01-05 01:36:07
EVT_000785,SES_00326,Category,2025-01-05 01:37:02
EVT_000786,SES_00327,landing,2025-06-30 06:54:48
EVT_000787,SES_00327,Category,2025-06-30 06:55:51
EVT_000788,SES_00327,Product,2025-06-30 06:56:21
EVT_000789,SES_00328,landing,2025-05-03 22:58:50
EVT_000790,SES_00329,landing,2025-09-06 11:26:06
EVT_000791,SES_00329,Category,2025-09-06 11:26:33
EVT_000792,SES_00330,landing,2025-04-02 04:42:56
EVT_000793,SES_00330,Category,2025-04-02 04:43:30
EVT_000794,SES_00331,landing,2025-11-21 05:43:39
EVT_000795,SES_00332,landing,2025-06-22 11:45:10
EVT_000796,SES_00332,Category,2025-06-22 11:46:34
EVT_000797,SES_00332,Product,2025-06-22 11:47:52
EVT_000798,SES_00332,Cart,2025-06-22 11:49:19
EVT_000799,SES_00332,Checkout,2025-06-22 11:49:41
EVT_000800,SES_00333,landing,2025-02-20 18:19:43
EVT_000801,SES_00333,Category,2025-02-20 18:20:39
EVT_000802,SES_00334,landing,2025-03-27 08:54:22
EVT_000803,SES_00335,landing,2025-08-09 19:17:31
EVT_000804,SES_00336,landing,2025-11-27 23:04:27
EVT_000805,SES_00336,Category,2025-11-27 23:05:02
EVT_000806,SES_00336,Product,2025-11-27 23:06:34
EVT_000807,SES_00337,landing,2025-02-21 06:37:06
EVT_000808,SES_00337,Category,2025-02-21 06:38:51
EVT_000809,SES_00338,landing,2025-09-19 10:08:23
EVT_000810,SES_00338,Category,2025-09-19 10:09:22
EVT_000811,SES_00339,landing,2025-05-16 23:28:51
EVT_000812,SES_00339,Category,2025-05-16 23:30:19
EVT_000813,SES_00339,Product,2025-05-16 23:31:17
EVT_000814,SES_00340,landing,2025-04-24 11:08:50
EVT_000815,SES_00341,landing,2025-10-14 12:54:06
EVT_000816,SES_00341,Category,2025-10-14 12:55:27
EVT_000817,SES_00341,Product,2025-10-14 12:55:46
EVT_000818,SES_00341,Cart,2025-10-14 12:56:53
EVT_000819,SES_00342,landing,2025-02-01 12:14:05
EVT_000820,SES_00342,Category,2025-02-01 12:15:11
EVT_000821,SES_00343,landing,2025-01-09 06:54:13
EVT_000822,SES_00343,Category,2025-01-09 06:55:55
EVT_000823,SES_00343,Product,2025-01-09 06:56:59
EVT_000824,SES_00344,landing,2025-07-18 06:40:23
EVT_000825,SES_00345,landing,2025-01-25 20:09:11
EVT_000826,SES_00346,landing,2025-04-30 12:01:03
EVT_000827,SES_00346,Category,2025-04-30 12:02:28
EVT_000828,SES_00346,Product,2025-04-30 12:03:43
EVT_000829,SES_00346,Cart,2025-04-30 12:04:23
EVT_000830,SES_00347,landing,2025-08-10 22:34:21
EVT_000831,SES_00348,landing,2025-04-18 16:15:19
EVT_000832,SES_00348,Category,2025-04-18 16:17:14
EVT_000833,SES_00348,Product,2025-04-18 16:18:23
EVT_000834,SES_00349,landing,2025-11-24 17:07:38
EVT_000835,SES_00349,Category,2025-11-24 17:08:59
EVT_000836,SES_00350,landing,2025-05-12 17:52:10
EVT_000837,SES_00351,landing,2025-12-06 21:57:32
EVT_000838,SES_00351,Category,2025-12-06 21:58:44
EVT_000839,SES_00351,Product,2025-12-06 21:59:04
EVT_000840,SES_00351,Cart,2025-12-06 22:00:57
EVT_000841,SES_00352,landing,2025-12-11 13:30:16
EVT_000842,SES_00352,Category,2025-12-11 13:31:41
EVT_000843,SES_00353,landing,2025-02-09 08:51:36
EVT_000844,SES_00353,Category,2025-02-09 08:52:36
EVT_000845,SES_00354,landing,2025-10-04 06:15:22
EVT_000846,SES_00355,landing,2025-07-12 05:23:01
EVT_000847,SES_00356,landing,2025-03-07 03:10:00
EVT_000848,SES_00356,Category,2025-03-07 03:10:58
EVT_000849,SES_00356,Product,2025-03-07 03:12:34
EVT_000850,SES_00356,Cart,2025-03-07 03:14:28
EVT_000851,SES_00357,landing,2025-03-24 18:57:54
EVT_000852,SES_00358,landing,2025-11-12 11:18:38
EVT_000853,SES_00358,Category,2025-11-12 11:19:32
EVT_000854,SES_00358,Product,2025-11-12 11:20:56
EVT_000855,SES_00359,landing,2025-03-20 03:22:13
EVT_000856,SES_00360,landing,2025-02-12 17:03:40
EVT_000857,SES_00360,Category,2025-02-12 17:05:27
EVT_000858,SES_00361,landing,2025-01-06 14:56:02
EVT_000859,SES_00362,landing,2025-05-19 11:58:12
EVT_000860,SES_00362,Category,2025-05-19 11:59:46
EVT_000861,SES_00362,Product,2025-05-19 12:00:55
EVT_000862,SES_00362,Cart,2025-05-19 12:01:46
EVT_000863,SES_00363,landing,2025-11-09 15:04:33
EVT_000864,SES_00363,Category,2025-11-09 15:04:53
EVT_000865,SES_00363,Product,2025-11-09 15:06:44
EVT_000866,SES_00364,landing,2025-11-06 07:41:44
EVT_000867,SES_00365,landing,2025-04-27 10:30:39
EVT_000868,SES_00365,Category,2025-04-27 10:32:20
EVT_000869,SES_00366,landing,2025-03-19 14:20:30
EVT_000870,SES_00366,Category,2025-03-19 14:22:21
EVT_000871,SES_00366,Product,2025-03-19 14:23:27
EVT_000872,SES_00366,Cart,2025-03-19 14:23:56
EVT_000873,SES_00366,Checkout,2025-03-19 14:25:54
EVT_000874,SES_00366,Thank_you,2025-03-19 14:26:56
EVT_000875,SES_00367,landing,2025-11-16 09:23:56
EVT_000876,SES_00367,Category,2025-11-16 09:25:41
EVT_000877,SES_00367,Product,2025-11-16 09:26:48
EVT_000878,SES_00368,landing,2025-02-06 13:28:34
EVT_000879,SES_00368,Category,2025-02-06 13:30:04
EVT_000880,SES_00369,landing,2025-03-27 17:03:41
EVT_000881,SES_00370,landing,2025-12-23 17:54:53
EVT_000882,SES_00370,Category,2025-12-23 17:55:39
EVT_000883,SES_00370,Product,2025-12-23 17:57:33
EVT_000884,SES_00371,landing,2025-12-10 11:16:35
EVT_000885,SES_00372,landing,2025-08-21 21:41:54
EVT_000886,SES_00372,Category,2025-08-21 21:43:23
EVT_000887,SES_00372,Product,2025-08-21 21:43:45
EVT_000888,SES_00373,landing,2025-10-07 01:40:08
EVT_000889,SES_00374,landing,2025-08-15 07:04:01
EVT_000890,SES_00374,Category,2025-08-15 07:05:41
EVT_000891,SES_00375,landing,2025-03-16 15:42:48
EVT_000892,SES_00376,landing,2025-10-02 05:50:39
EVT_000893,SES_00377,landing,2025-02-14 18:17:44
EVT_000894,SES_00378,landing,2025-05-30 18:02:01
EVT_000895,SES_00378,Category,2025-05-30 18:03:12
EVT_000896,SES_00379,landing,2025-04-07 01:01:31
EVT_000897,SES_00379,Category,2025-04-07 01:03:03
EVT_000898,SES_00379,Product,2025-04-07 01:04:49
EVT_000899,SES_00380,landing,2025-06-05 17:49:45
EVT_000900,SES_00380,Category,2025-06-05 17:50:23
EVT_000901,SES_00381,landing,2025-01-05 05:27:36
EVT_000902,SES_00381,Category,2025-01-05 05:27:58
EVT_000903,SES_00382,landing,2025-06-13 14:33:19
EVT_000904,SES_00383,landing,2025-01-17 08:21:55
EVT_000905,SES_00383,Category,2025-01-17 08:23:33
EVT_000906,SES_00383,Product,2025-01-17 08:24:19
EVT_000907,SES_00384,landing,2025-01-09 06:58:56
EVT_000908,SES_00384,Category,2025-01-09 06:59:44
EVT_000909,SES_00385,landing,2025-10-06 12:51:13
EVT_000910,SES_00385,Category,2025-10-06 12:51:59
EVT_000911,SES_00385,Product,2025-10-06 12:53:36
EVT_000912,SES_00385,Cart,2025-10-06 12:55:31
EVT_000913,SES_00385,Checkout,2025-10-06 12:57:04
EVT_000914,SES_00386,landing,2025-12-06 00:25:18
EVT_000915,SES_00386,Category,2025-12-06 00:27:14
EVT_000916,SES_00387,landing,2025-05-09 03:09:39
EVT_000917,SES_00387,Category,2025-05-09 03:11:04
EVT_000918,SES_00387,Product,2025-05-09 03:12:15
EVT_000919,SES_00388,landing,2025-11-06 10:41:09
EVT_000920,SES_00389,landing,2025-09-14 04:19:43
EVT_000921,SES_00389,Category,2025-09-14 04:21:01
EVT_000922,SES_00389,Product,2025-09-14 04:21:26
EVT_000923,SES_00389,Cart,2025-09-14 04:22:03
EVT_000924,SES_00389,Checkout,2025-09-14 04:22:18
EVT_000925,SES_00389,Thank_you,2025-09-14 04:24:12
EVT_000926,SES_00390,landing,2025-08-27 08:54:54
EVT_000927,SES_00391,landing,2025-12-02 01:31:57
EVT_000928,SES_00391,Category,2025-12-02 01:33:51
EVT_000929,SES_00392,landing,2025-08-16 20:31:55
EVT_000930,SES_00392,Category,2025-08-16 20:32:28
EVT_000931,SES_00392,Product,2025-08-16 20:33:25
EVT_000932,SES_00392,Cart,2025-08-16 20:34:39
EVT_000933,SES_00392,Checkout,2025-08-16 20:36:35
EVT_000934,SES_00393,landing,2025-06-04 10:51:51
EVT_000935,SES_00393,Category,2025-06-04 10:52:40
EVT_000936,SES_00393,Product,2025-06-04 10:54:39
EVT_000937,SES_00393,Cart,2025-06-04 10:55:15
EVT_000938,SES_00394,landing,2025-12-23 01:09:08
EVT_000939,SES_00394,Category,2025-12-23 01:09:50
EVT_000940,SES_00394,Product,2025-12-23 01:10:07
EVT_000941,SES_00395,landing,2025-06-09 01:40:38
EVT_000942,SES_00396,landing,2025-06-04 11:57:24
EVT_000943,SES_00396,Category,2025-06-04 11:57:54
EVT_000944,SES_00396,Product,2025-06-04 11:59:10
EVT_000945,SES_00396,Cart,2025-06-04 11:59:49
EVT_000946,SES_00396,Checkout,2025-06-04 12:01:14
EVT_000947,SES_00397,landing,2025-08-04 21:04:03
EVT_000948,SES_00398,landing,2025-07-15 03:14:32
EVT_000949,SES_00398,Category,2025-07-15 03:14:51
EVT_000950,SES_00398,Product,2025-07-15 03:16:41
EVT_000951,SES_00399,landing,2025-05-27 16:24:22
EVT_000952,SES_00399,Category,2025-05-27 16:24:38
EVT_000953,SES_00400,landing,2025-09-10 02:23:25
EVT_000954,SES_00400,Category,2025-09-10 02:24:37
EVT_000955,SES_00400,Product,2025-09-10 02:25:41
EVT_000956,SES_00400,Cart,2025-09-10 02:26:55
EVT_000957,SES_00400,Checkout,2025-09-10 02:28:07
EVT_000958,SES_00401,landing,2025-08-19 03:25:56
EVT_000959,SES_00401,Category,2025-08-19 03:27:08
EVT_000960,SES_00401,Product,2025-08-19 03:28:51
EVT_000961,SES_00401,Cart,2025-08-19 03:30:49
EVT_000962,SES_00402,landing,2025-06-22 04:54:38
EVT_000963,SES_00403,landing,2025-11-20 03:13:35
EVT_000964,SES_00404,landing,2025-06-30 10:43:38
EVT_000965,SES_00404,Category,2025-06-30 10:44:10
EVT_000966,SES_00405,landing,2025-09-14 04:26:23
EVT_000967,SES_00406,landing,2025-12-28 01:24:53
EVT_000968,SES_00406,Category,2025-12-28 01:26:49
EVT_000969,SES_00407,landing,2025-12-04 15:20:24
EVT_000970,SES_00408,landing,2025-04-20 04:45:22
EVT_000971,SES_00408,Category,2025-04-20 04:46:30
EVT_000972,SES_00408,Product,2025-04-20 04:48:06
EVT_000973,SES_00409,landing,2025-10-20 19:47:25
EVT_000974,SES_00410,landing,2025-04-29 19:47:30
EVT_000975,SES_00411,landing,2025-12-26 04:34:50
EVT_000976,SES_00411,Category,2025-12-26 04:35:29
EVT_000977,SES_00411,Product,2025-12-26 04:36:08
EVT_000978,SES_00411,Cart,2025-12-26 04:37:28
EVT_000979,SES_00412,landing,2025-09-27 08:16:55
EVT_000980,SES_00413,landing,2025-10-15 23:47:24
EVT_000981,SES_00413,Category,2025-10-15 23:49:13
EVT_000982,SES_00413,Product,2025-10-15 23:50:25
EVT_000983,SES_00414,landing,2025-01-30 22:32:02
EVT_000984,SES_00414,Category,2025-01-30 22:33:33
EVT_000985,SES_00414,Product,2025-01-30 22:34:43
EVT_000986,SES_00414,Cart,2025-01-30 22:35:03
EVT_000987,SES_00415,landing,2025-03-28 11:42:49
EVT_000988,SES_00415,Category,2025-03-28 11:44:46
EVT_000989,SES_00416,landing,2025-11-07 19:44:24
EVT_000990,SES_00416,Category,2025-11-07 19:46:08
EVT_000991,SES_00416,Product,2025-11-07 19:47:28
EVT_000992,SES_00416,Cart,2025-11-07 19:48:38
EVT_000993,SES_00417,landing,2025-02-11 16:55:43
EVT_000994,SES_00417,Category,2025-02-11 16:57:23
EVT_000995,SES_00417,Product,2025-02-11 16:57:38
EVT_000996,SES_00418,landing,2025-05-14 07:01:09
EVT_000997,SES_00418,Category,2025-05-14 07:02:44
EVT_000998,SES_00418,Product,2025-05-14 07:03:38
EVT_000999,SES_00418,Cart,2025-05-14 07:04:17
EVT_001000,SES_00419,landing,2025-08-31 09:43:03
EVT_001001,SES_00419,Category,2025-08-31 09:44:37
EVT_001002,SES_00420,landing,2025-10-16 17:25:03
EVT_001003,SES_00420,Category,2025-10-16 17:25:53
EVT_001004,SES_00421,landing,2025-05-18 17:20:02
EVT_001005,SES_00421,Category,2025-05-18 17:21:42
EVT_001006,SES_00422,landing,2025-03-26 16:23:52
EVT_001007,SES_00422,Category,2025-03-26 16:24:20
EVT_001008,SES_00423,landing,2025-03-20 07:53:55
EVT_001009,SES_00423,Category,2025-03-20 07:55:18
EVT_001010,SES_00424,landing,2025-03-30 09:08:20
EVT_001011,SES_00424,Category,2025-03-30 09:08:45
EVT_001012,SES_00424,Product,2025-03-30 09:09:46
EVT_001013,SES_00425,landing,2025-08-04 21:49:41
EVT_001014,SES_00425,Category,2025-08-04 21:50:24
EVT_001015,SES_00425,Product,2025-08-04 21:51:54
EVT_001016,SES_00425,Cart,2025-08-04 21:52:46
EVT_001017,SES_00426,landing,2025-07-27 08:08:05
EVT_001018,SES_00427,landing,2025-04-15 16:10:01
EVT_001019,SES_00428,landing,2025-07-01 00:29:25
EVT_001020,SES_00429,landing,2025-03-29 03:31:13
EVT_001021,SES_00429,Category,2025-03-29 03:32:11
EVT_001022,SES_00429,Product,2025-03-29 03:32:56
EVT_001023,SES_00429,Cart,2025-03-29 03:33:18
EVT_001024,SES_00429,Checkout,2025-03-29 03:34:35
EVT_001025,SES_00430,landing,2025-03-02 09:38:19
EVT_001026,SES_00430,Category,2025-03-02 09:39:35
EVT_001027,SES_00431,landing,2025-05-15 19:01:46
EVT_001028,SES_00431,Category,2025-05-15 19:03:15
EVT_001029,SES_00432,landing,2025-01-28 02:37:45
EVT_001030,SES_00433,landing,2025-12-21 11:00:10
EVT_001031,SES_00434,landing,2025-10-28 08:35:44
EVT_001032,SES_00434,Category,2025-10-28 08:37:10
EVT_001033,SES_00435,landing,2025-01-25 22:31:15
EVT_001034,SES_00435,Category,2025-01-25 22:31:48
EVT_001035,SES_00435,Product,2025-01-25 22:33:28
EVT_001036,SES_00435,Cart,2025-01-25 22:35:17
EVT_001037,SES_00435,Checkout,2025-01-25 22:36:16
EVT_001038,SES_00436,landing,2025-10-14 11:29:14
EVT_001039,SES_00436,Category,2025-10-14 11:30:47
EVT_001040,SES_00436,Product,2025-10-14 11:32:28
EVT_001041,SES_00436,Cart,2025-10-14 11:32:44
EVT_001042,SES_00436,Checkout,2025-10-14 11:34:24
EVT_001043,SES_00437,landing,2025-08-30 19:13:48
EVT_001044,SES_00437,Category,2025-08-30 19:15:10
EVT_001045,SES_00438,landing,2025-08-13 14:31:54
EVT_001046,SES_00438,Category,2025-08-13 14:32:52
EVT_001047,SES_00439,landing,2025-03-25 10:46:29
EVT_001048,SES_00439,Category,2025-03-25 10:47:35
EVT_001049,SES_00439,Product,2025-03-25 10:48:01
EVT_001050,SES_00439,Cart,2025-03-25 10:49:37
EVT_001051,SES_00439,Checkout,2025-03-25 10:51:12
EVT_001052,SES_00440,landing,2025-01-22 00:56:33
EVT_001053,SES_00441,landing,2025-11-12 18:50:55
EVT_001054,SES_00442,landing,2025-12-28 13:10:51
EVT_001055,SES_00443,landing,2025-04-25 23:45:22
EVT_001056,SES_00444,landing,2025-05-03 07:10:50
EVT_001057,SES_00444,Category,2025-05-03 07:11:21
EVT_001058,SES_00444,Product,2025-05-03 07:11:49
EVT_001059,SES_00444,Cart,2025-05-03 07:12:25
EVT_001060,SES_00445,landing,2025-09-21 14:29:06
EVT_001061,SES_00445,Category,2025-09-21 14:30:03
EVT_001062,SES_00446,landing,2025-05-15 09:05:20
EVT_001063,SES_00446,Category,2025-05-15 09:06:06
EVT_001064,SES_00447,landing,2025-02-13 11:06:02
EVT_001065,SES_00447,Category,2025-02-13 11:06:24
EVT_001066,SES_00447,Product,2025-02-13 11:07:00
EVT_001067,SES_00447,Cart,2025-02-13 11:07:41
EVT_001068,SES_00448,landing,2025-05-23 21:32:45
EVT_001069,SES_00449,landing,2025-10-20 13:58:55
EVT_001070,SES_00449,Category,2025-10-20 13:59:35
EVT_001071,SES_00449,Product,2025-10-20 14:00:55
EVT_001072,SES_00449,Cart,2025-10-20 14:02:32
EVT_001073,SES_00449,Checkout,2025-10-20 14:04:15
EVT_001074,SES_00450,landing,2025-09-01 04:39:30
EVT_001075,SES_00450,Category,2025-09-01 04:41:23
EVT_001076,SES_00450,Product,2025-09-01 04:43:18
EVT_001077,SES_00450,Cart,2025-09-01 04:44:31
EVT_001078,SES_00451,landing,2025-05-08 08:12:56
EVT_001079,SES_00451,Category,2025-05-08 08:13:31
EVT_001080,SES_00452,landing,2025-11-21 04:07:10
EVT_001081,SES_00452,Category,2025-11-21 04:09:07
EVT_001082,SES_00453,landing,2025-10-21 20:10:32
EVT_001083,SES_00453,Category,2025-10-21 20:11:38
EVT_001084,SES_00453,Product,2025-10-21 20:12:53
EVT_001085,SES_00453,Cart,2025-10-21 20:14:27
EVT_001086,SES_00454,landing,2025-11-15 11:14:28
EVT_001087,SES_00455,landing,2025-10-25 17:52:35
EVT_001088,SES_00455,Category,2025-10-25 17:54:30
EVT_001089,SES_00455,Product,2025-10-25 17:55:49
EVT_001090,SES_00456,landing,2025-10-01 10:15:09
EVT_001091,SES_00457,landing,2025-01-11 19:40:55
EVT_001092,SES_00458,landing,2025-02-27 08:25:26
EVT_001093,SES_00459,landing,2025-03-30 15:37:52
EVT_001094,SES_00460,landing,2025-08-11 22:19:19
EVT_001095,SES_00461,landing,2025-02-12 23:17:39
EVT_001096,SES_00461,Category,2025-02-12 23:18:56
EVT_001097,SES_00461,Product,2025-02-12 23:19:15
EVT_001098,SES_00462,landing,2025-08-02 00:42:12
EVT_001099,SES_00462,Category,2025-08-02 00:43:19
EVT_001100,SES_00463,landing,2025-04-01 06:12:30
EVT_001101,SES_00464,landing,2025-05-10 17:32:56
EVT_001102,SES_00465,landing,2025-09-28 06:51:24
EVT_001103,SES_00465,Category,2025-09-28 06:52:22
EVT_001104,SES_00465,Product,2025-09-28 06:53:35
EVT_001105,SES_00465,Cart,2025-09-28 06:54:33
EVT_001106,SES_00466,landing,2025-02-27 07:46:18
EVT_001107,SES_00466,Category,2025-02-27 07:46:40
EVT_001108,SES_00467,landing,2025-02-14 12:47:04
EVT_001109,SES_00468,landing,2025-12-04 21:01:57
EVT_001110,SES_00469,landing,2025-04-21 21:57:13
EVT_001111,SES_00469,Category,2025-04-21 21:58:32
EVT_001112,SES_00469,Product,2025-04-21 21:58:57
EVT_001113,SES_00469,Cart,2025-04-21 22:00:43
EVT_001114,SES_00470,landing,2025-01-19 22:05:10
EVT_001115,SES_00470,Category,2025-01-19 22:07:09
EVT_001116,SES_00471,landing,2025-04-11 13:31:22
EVT_001117,SES_00471,Category,2025-04-11 13:33:16
EVT_001118,SES_00472,landing,2025-01-26 21:46:42
EVT_001119,SES_00473,landing,2025-06-03 12:49:45
EVT_001120,SES_00474,landing,2025-10-23 10:04:51
EVT_001121,SES_00475,landing,2025-02-07 03:39:45
EVT_001122,SES_00476,landing,2025-07-01 03:46:43
EVT_001123,SES_00476,Category,2025-07-01 03:47:54
EVT_001124,SES_00476,Product,2025-07-01 03:49:52
EVT_001125,SES_00476,Cart,2025-07-01 03:51:09
EVT_001126,SES_00477,landing,2025-02-22 21:39:05
EVT_001127,SES_00478,landing,2025-02-24 14:58:31
EVT_001128,SES_00478,Category,2025-02-24 15:00:27
EVT_001129,SES_00478,Product,2025-02-24 15:01:17
EVT_001130,SES_00478,Cart,2025-02-24 15:02:54
EVT_001131,SES_00478,Checkout,2025-02-24 15:04:26
EVT_001132,SES_00479,landing,2025-11-02 20:49:39
EVT_001133,SES_00480,landing,2025-03-19 16:14:03
EVT_001134,SES_00481,landing,2025-05-11 05:30:52
EVT_001135,SES_00482,landing,2025-05-21 02:08:43
EVT_001136,SES_00482,Category,2025-05-21 02:10:24
EVT_001137,SES_00483,landing,2025-12-23 04:38:50
EVT_001138,SES_00483,Category,2025-12-23 04:39:27
EVT_001139,SES_00484,landing,2025-02-05 00:55:11
EVT_001140,SES_00484,Category,2025-02-05 00:55:48
EVT_001141,SES_00484,Product,2025-02-05 00:56:06
EVT_001142,SES_00484,Cart,2025-02-05 00:57:55
EVT_001143,SES_00484,Checkout,2025-02-05 00:59:35
EVT_001144,SES_00485,landing,2025-06-06 02:52:57
EVT_001145,SES_00485,Category,2025-06-06 02:53:26
EVT_001146,SES_00485,Product,2025-06-06 02:53:42
EVT_001147,SES_00486,landing,2025-01-10 08:45:58
EVT_001148,SES_00486,Category,2025-01-10 08:47:27
EVT_001149,SES_00486,Product,2025-01-10 08:48:10
EVT_001150,SES_00487,landing,2025-03-12 20:34:32
EVT_001151,SES_00487,Category,2025-03-12 20:35:13
EVT_001152,SES_00487,Product,2025-03-12 20:37:07
EVT_001153,SES_00487,Cart,2025-03-12 20:38:31
EVT_001154,SES_00487,Checkout,2025-03-12 20:39:38
EVT_001155,SES_00487,Thank_you,2025-03-12 20:40:24
EVT_001156,SES_00488,landing,2025-07-20 13:18:06
EVT_001157,SES_00488,Category,2025-07-20 13:18:48
EVT_001158,SES_00488,Product,2025-07-20 13:19:03
EVT_001159,SES_00489,landing,2025-09-05 21:23:16
EVT_001160,SES_00490,landing,2025-01-24 01:53:00
EVT_001161,SES_00490,Category,2025-01-24 01:53:45
EVT_001162,SES_00490,Product,2025-01-24 01:54:44
EVT_001163,SES_00490,Cart,2025-01-24 01:55:39
EVT_001164,SES_00491,landing,2025-06-17 06:48:29
EVT_001165,SES_00491,Category,2025-06-17 06:49:58
EVT_001166,SES_00491,Product,2025-06-17 06:51:05
EVT_001167,SES_00491,Cart,2025-06-17 06:51:35
EVT_001168,SES_00492,landing,2025-04-23 01:51:29
EVT_001169,SES_00492,Category,2025-04-23 01:52:44
EVT_001170,SES_00492,Product,2025-04-23 01:53:30
EVT_001171,SES_00493,landing,2025-04-03 17:46:26
EVT_001172,SES_00493,Category,2025-04-03 17:48:11
EVT_001173,SES_00493,Product,2025-04-03 17:49:19
EVT_001174,SES_00494,landing,2025-02-11 09:34:05
EVT_001175,SES_00494,Category,2025-02-11 09:34:34
EVT_001176,SES_00494,Product,2025-02-11 09:35:16
EVT_001177,SES_00494,Cart,2025-02-11 09:36:43
EVT_001178,SES_00494,Checkout,2025-02-11 09:38:30
EVT_001179,SES_00494,Thank_you,2025-02-11 09:39:47
EVT_001180,SES_00495,landing,2025-11-24 04:26:37
EVT_001181,SES_00495,Category,2025-11-24 04:28:23
EVT_001182,SES_00496,landing,2025-06-20 12:11:49
EVT_001183,SES_00496,Category,2025-06-20 12:12:33
EVT_001184,SES_00496,Product,2025-06-20 12:14:06
EVT_001185,SES_00496,Cart,2025-06-20 12:15:34
EVT_001186,SES_00497,landing,2025-12-29 00:29:49
EVT_001187,SES_00497,Category,2025-12-29 00:31:11
EVT_001188,SES_00498,landing,2025-10-21 16:03:58
EVT_001189,SES_00498,Category,2025-10-21 16:04:55
EVT_001190,SES_00499,landing,2025-06-14 11:36:30
EVT_001191,SES_00500,landing,2025-09-24 00:27:09
EVT_001192,SES_00500,Category,2025-09-24 00:28:12
EVT_001193,SES_00501,landing,2025-01-24 23:30:50
EVT_001194,SES_00501,Category,2025-01-24 23:32:37
EVT_001195,SES_00502,landing,2025-08-25 09:14:17
EVT_001196,SES_00503,landing,2025-11-10 13:35:01
EVT_001197,SES_00504,landing,2025-06-12 07:25:10
EVT_001198,SES_00504,Category,2025-06-12 07:26:01
EVT_001199,SES_00504,Product,2025-06-12 07:27:19
EVT_001200,SES_00504,Cart,2025-06-12 07:27:49
EVT_001201,SES_00505,landing,2025-11-26 23:22:33
EVT_001202,SES_00506,landing,2025-06-05 22:43:53
EVT_001203,SES_00506,Category,2025-06-05 22:44:19
EVT_001204,SES_00506,Product,2025-06-05 22:46:08
EVT_001205,SES_00507,landing,2025-12-15 15:41:04
EVT_001206,SES_00507,Category,2025-12-15 15:42:55
EVT_001207,SES_00507,Product,2025-12-15 15:43:31
EVT_001208,SES_00508,landing,2025-12-15 22:21:40
EVT_001209,SES_00509,landing,2025-10-01 08:06:49
EVT_001210,SES_00510,landing,2025-12-30 16:23:25
EVT_001211,SES_00510,Category,2025-12-30 16:24:15
EVT_001212,SES_00510,Product,2025-12-30 16:25:44
EVT_001213,SES_00510,Cart,2025-12-30 16:26:38
EVT_001214,SES_00511,landing,2025-01-10 01:48:53
EVT_001215,SES_00511,Category,2025-01-10 01:50:12
EVT_001216,SES_00512,landing,2025-06-09 07:19:22
EVT_001217,SES_00513,landing,2025-12-21 08:05:45
EVT_001218,SES_00514,landing,2025-03-16 10:46:44
EVT_001219,SES_00514,Category,2025-03-16 10:48:21
EVT_001220,SES_00515,landing,2025-08-31 22:43:20
EVT_001221,SES_00515,Category,2025-08-31 22:45:03
EVT_001222,SES_00516,landing,2025-11-25 13:06:30
EVT_001223,SES_00516,Category,2025-11-25 13:07:14
EVT_001224,SES_00517,landing,2025-11-02 11:36:29
EVT_001225,SES_00518,landing,2025-05-26 09:56:00
EVT_001226,SES_00518,Category,2025-05-26 09:56:21
EVT_001227,SES_00519,landing,2025-03-29 09:13:41
EVT_001228,SES_00520,landing,2025-06-06 18:27:42
EVT_001229,SES_00520,Category,2025-06-06 18:28:28
EVT_001230,SES_00520,Product,2025-06-06 18:29:34
EVT_001231,SES_00521,landing,2025-06-10 01:16:50
EVT_001232,SES_00521,Category,2025-06-10 01:18:47
EVT_001233,SES_00521,Product,2025-06-10 01:20:43
EVT_001234,SES_00521,Cart,2025-06-10 01:21:07
EVT_001235,SES_00522,landing,2025-09-26 15:35:25
EVT_001236,SES_00522,Category,2025-09-26 15:36:59
EVT_001237,SES_00523,landing,2025-06-26 06:59:47
EVT_001238,SES_00524,landing,2025-04-16 23:25:32
EVT_001239,SES_00525,landing,2025-11-23 15:42:42
EVT_001240,SES_00525,Category,2025-11-23 15:43:05
EVT_001241,SES_00526,landing,2025-09-25 18:39:50
EVT_001242,SES_00527,landing,2025-07-25 21:32:36
EVT_001243,SES_00528,landing,2025-07-07 03:28:54
EVT_001244,SES_00528,Category,2025-07-07 03:30:50
EVT_001245,SES_00529,landing,2025-03-15 01:28:12
EVT_001246,SES_00529,Category,2025-03-15 01:29:34
EVT_001247,SES_00529,Product,2025-03-15 01:30:30
EVT_001248,SES_00529,Cart,2025-03-15 01:31:23
EVT_001249,SES_00529,Checkout,2025-03-15 01:31:55
EVT_001250,SES_00530,landing,2025-04-07 23:41:41
EVT_001251,SES_00531,landing,2025-02-28 14:52:03
EVT_001252,SES_00532,landing,2025-03-28 08:31:27
EVT_001253,SES_00532,Category,2025-03-28 08:33:11
EVT_001254,SES_00533,landing,2025-05-28 16:58:50
EVT_001255,SES_00533,Category,2025-05-28 17:00:26
EVT_001256,SES_00534,landing,2025-11-18 12:45:50
EVT_001257,SES_00535,landing,2025-10-26 19:48:38
EVT_001258,SES_00535,Category,2025-10-26 19:50:19
EVT_001259,SES_00536,landing,2025-06-28 12:30:39
EVT_001260,SES_00536,Category,2025-06-28 12:31:29
EVT_001261,SES_00536,Product,2025-06-28 12:32:02
EVT_001262,SES_00536,Cart,2025-06-28 12:34:00
EVT_001263,SES_00537,landing,2025-03-14 10:22:09
EVT_001264,SES_00537,Category,2025-03-14 10:23:49
EVT_001265,SES_00538,landing,2025-04-27 18:34:56
EVT_001266,SES_00539,landing,2025-05-20 18:28:05
EVT_001267,SES_00539,Category,2025-05-20 18:28:21
EVT_001268,SES_00539,Product,2025-05-20 18:30:06
EVT_001269,SES_00540,landing,2025-11-29 13:59:31
EVT_001270,SES_00541,landing,2025-10-29 20:11:57
EVT_001271,SES_00542,landing,2025-08-22 06:27:05
EVT_001272,SES_00542,Category,2025-08-22 06:27:28
EVT_001273,SES_00543,landing,2025-02-19 15:33:56
EVT_001274,SES_00543,Category,2025-02-19 15:35:22
EVT_001275,SES_00543,Product,2025-02-19 15:37:01
EVT_001276,SES_00544,landing,2025-05-08 00:19:35
EVT_001277,SES_00544,Category,2025-05-08 00:20:36
EVT_001278,SES_00544,Product,2025-05-08 00:21:37
EVT_001279,SES_00545,landing,2025-04-21 08:25:17
EVT_001280,SES_00546,landing,2025-05-18 21:31:58
EVT_001281,SES_00547,landing,2025-05-29 01:56:35
EVT_001282,SES_00547,Category,2025-05-29 01:56:57
EVT_001283,SES_00547,Product,2025-05-29 01:58:53
EVT_001284,SES_00547,Cart,2025-05-29 02:00:47
EVT_001285,SES_00548,landing,2025-01-28 14:13:51
EVT_001286,SES_00548,Category,2025-01-28 14:15:10
EVT_001287,SES_00548,Product,2025-01-28 14:15:50
EVT_001288,SES_00549,landing,2025-10-18 21:11:25
EVT_001289,SES_00550,landing,2025-05-28 07:40:56
EVT_001290,SES_00550,Category,2025-05-28 07:41:15
EVT_001291,SES_00550,Product,2025-05-28 07:41:48
EVT_001292,SES_00551,landing,2025-09-06 15:49:12
EVT_001293,SES_00552,landing,2025-08-19 22:52:58
EVT_001294,SES_00552,Category,2025-08-19 22:53:23
EVT_001295,SES_00553,landing,2025-07-04 05:11:57
EVT_001296,SES_00554,landing,2025-11-13 19:58:37
EVT_001297,SES_00554,Category,2025-11-13 20:00:07
EVT_001298,SES_00555,landing,2025-04-10 22:40:39
EVT_001299,SES_00556,landing,2025-10-13 02:01:20
EVT_001300,SES_00557,landing,2025-04-05 22:50:29
EVT_001301,SES_00558,landing,2025-07-14 02:41:57
EVT_001302,SES_00559,landing,2025-07-19 04:54:43
EVT_001303,SES_00559,Category,2025-07-19 04:55:16
EVT_001304,SES_00559,Product,2025-07-19 04:55:34
EVT_001305,SES_00560,landing,2025-10-05 01:06:21
EVT_001306,SES_00560,Category,2025-10-05 01:08:03
EVT_001307,SES_00560,Product,2025-10-05 01:08:18
EVT_001308,SES_00560,Cart,2025-10-05 01:08:53
EVT_001309,SES_00560,Checkout,2025-10-05 01:09:59
EVT_001310,SES_00561,landing,2025-05-11 13:44:19
EVT_001311,SES_00562,landing,2025-02-22 18:40:51
EVT_001312,SES_00562,Category,2025-02-22 18:42:09
EVT_001313,SES_00562,Product,2025-02-22 18:43:14
EVT_001314,SES_00562,Cart,2025-02-22 18:44:52
EVT_001315,SES_00563,landing,2025-02-17 19:58:58
EVT_001316,SES_00563,Category,2025-02-17 19:59:19
EVT_001317,SES_00564,landing,2025-01-17 02:00:26
EVT_001318,SES_00564,Category,2025-01-17 02:01:16
EVT_001319,SES_00564,Product,2025-01-17 02:02:31
EVT_001320,SES_00564,Cart,2025-01-17 02:04:28
EVT_001321,SES_00564,Checkout,2025-01-17 02:05:03
EVT_001322,SES_00565,landing,2025-09-17 15:25:22
EVT_001323,SES_00565,Category,2025-09-17 15:27:11
EVT_001324,SES_00566,landing,2025-05-17 01:19:31
EVT_001325,SES_00567,landing,2025-11-20 09:47:26
EVT_001326,SES_00567,Category,2025-11-20 09:47:56
EVT_001327,SES_00568,landing,2025-03-15 05:59:20
EVT_001328,SES_00568,Category,2025-03-15 06:01:17
EVT_001329,SES_00568,Product,2025-03-15 06:01:59
EVT_001330,SES_00569,landing,2025-08-22 10:22:32
EVT_001331,SES_00569,Category,2025-08-22 10:22:48
EVT_001332,SES_00570,landing,2025-11-05 14:17:37
EVT_001333,SES_00570,Category,2025-11-05 14:18:19
EVT_001334,SES_00571,landing,2025-10-10 21:10:01
EVT_001335,SES_00572,landing,2025-01-09 18:41:20
EVT_001336,SES_00573,landing,2025-03-05 07:40:12
EVT_001337,SES_00573,Category,2025-03-05 07:41:25
EVT_001338,SES_00573,Product,2025-03-05 07:42:46
EVT_001339,SES_00573,Cart,2025-03-05 07:44:08
EVT_001340,SES_00574,landing,2025-08-12 21:43:29
EVT_001341,SES_00574,Category,2025-08-12 21:44:36
EVT_001342,SES_00574,Product,2025-08-12 21:45:53
EVT_001343,SES_00574,Cart,2025-08-12 21:46:12
EVT_001344,SES_00574,Checkout,2025-08-12 21:47:33
EVT_001345,SES_00575,landing,2025-10-05 21:28:30
EVT_001346,SES_00576,landing,2025-02-02 13:02:44
EVT_001347,SES_00576,Category,2025-02-02 13:04:05
EVT_001348,SES_00576,Product,2025-02-02 13:04:27
EVT_001349,SES_00576,Cart,2025-02-02 13:05:14
EVT_001350,SES_00576,Checkout,2025-02-02 13:06:28
EVT_001351,SES_00577,landing,2025-08-23 09:43:40
EVT_001352,SES_00578,landing,2025-06-12 11:47:51
EVT_001353,SES_00578,Category,2025-06-12 11:48:31
EVT_001354,SES_00579,landing,2025-05-26 01:13:34
EVT_001355,SES_00579,Category,2025-05-26 01:14:01
EVT_001356,SES_00579,Product,2025-05-26 01:15:07
EVT_001357,SES_00579,Cart,2025-05-26 01:15:40
EVT_001358,SES_00579,Checkout,2025-05-26 01:16:45
EVT_001359,SES_00580,landing,2025-03-26 11:31:48
EVT_001360,SES_00581,landing,2025-01-20 23:23:25
EVT_001361,SES_00582,landing,2025-01-20 23:21:27
EVT_001362,SES_00583,landing,2025-12-29 04:30:55
EVT_001363,SES_00583,Category,2025-12-29 04:32:10
EVT_001364,SES_00584,landing,2025-10-19 05:06:53
EVT_001365,SES_00584,Category,2025-10-19 05:07:58
EVT_001366,SES_00584,Product,2025-10-19 05:09:31
EVT_001367,SES_00585,landing,2025-04-16 01:32:07
EVT_001368,SES_00585,Category,2025-04-16 01:32:25
EVT_001369,SES_00586,landing,2025-08-03 08:03:27
EVT_001370,SES_00586,Category,2025-08-03 08:04:33
EVT_001371,SES_00586,Product,2025-08-03 08:06:29
EVT_001372,SES_00586,Cart,2025-08-03 08:08:04
EVT_001373,SES_00586,Checkout,2025-08-03 08:09:00
EVT_001374,SES_00586,Thank_you,2025-08-03 08:10:34
EVT_001375,SES_00587,landing,2025-07-09 04:38:59
EVT_001376,SES_00587,Category,2025-07-09 04:39:43
EVT_001377,SES_00588,landing,2025-09-11 05:22:42
EVT_001378,SES_00589,landing,2025-08-10 10:35:40
EVT_001379,SES_00589,Category,2025-08-10 10:36:42
EVT_001380,SES_00589,Product,2025-08-10 10:38:25
EVT_001381,SES_00590,landing,2025-10-17 04:54:42
EVT_001382,SES_00590,Category,2025-10-17 04:56:29
EVT_001383,SES_00590,Product,2025-10-17 04:58:11
EVT_001384,SES_00591,landing,2025-03-06 08:07:53
EVT_001385,SES_00591,Category,2025-03-06 08:08:45
EVT_001386,SES_00591,Product,2025-03-06 08:09:18
EVT_001387,SES_00591,Cart,2025-03-06 08:11:12
EVT_001388,SES_00592,landing,2025-10-04 07:06:46
EVT_001389,SES_00592,Category,2025-10-04 07:07:06
EVT_001390,SES_00593,landing,2025-01-28 19:32:32
EVT_001391,SES_00593,Category,2025-01-28 19:33:55
EVT_001392,SES_00594,landing,2025-09-07 04:09:21
EVT_001393,SES_00594,Category,2025-09-07 04:09:54
EVT_001394,SES_00594,Product,2025-09-07 04:11:31
EVT_001395,SES_00595,landing,2025-03-14 06:29:12
EVT_001396,SES_00595,Category,2025-03-14 06:29:56
EVT_001397,SES_00595,Product,2025-03-14 06:31:28
EVT_001398,SES_00595,Cart,2025-03-14 06:32:49
EVT_001399,SES_00595,Checkout,2025-03-14 06:33:28
EVT_001400,SES_00595,Thank_you,2025-03-14 06:34:47
EVT_001401,SES_00596,landing,2025-02-07 23:17:22
EVT_001402,SES_00597,landing,2025-11-19 05:34:11
EVT_001403,SES_00598,landing,2025-09-14 19:02:55
EVT_001404,SES_00599,landing,2025-10-08 09:44:16
EVT_001405,SES_00600,landing,2025-03-17 01:22:08
EVT_001406,SES_00600,Category,2025-03-17 01:23:44
EVT_001407,SES_00601,landing,2025-07-20 03:20:35
EVT_001408,SES_00602,landing,2025-04-14 16:06:37
EVT_001409,SES_00602,Category,2025-04-14 16:07:41
EVT_001410,SES_00603,landing,2025-12-11 10:59:03
EVT_001411,SES_00604,landing,2025-08-21 19:54:03
EVT_001412,SES_00604,Category,2025-08-21 19:55:39
EVT_001413,SES_00604,Product,2025-08-21 19:56:49
EVT_001414,SES_00604,Cart,2025-08-21 19:58:03
EVT_001415,SES_00605,landing,2025-09-30 16:41:55
EVT_001416,SES_00605,Category,2025-09-30 16:42:31
EVT_001417,SES_00605,Product,2025-09-30 16:43:13
EVT_001418,SES_00605,Cart,2025-09-30 16:44:22
EVT_001419,SES_00606,landing,2025-08-30 22:31:34
EVT_001420,SES_00607,landing,2025-09-17 12:26:01
EVT_001421,SES_00607,Category,2025-09-17 12:26:52
EVT_001422,SES_00608,landing,2025-08-25 04:16:54
EVT_001423,SES_00608,Category,2025-08-25 04:18:39
EVT_001424,SES_00609,landing,2025-01-27 08:26:05
EVT_001425,SES_00609,Category,2025-01-27 08:27:47
EVT_001426,SES_00610,landing,2025-04-26 13:08:17
EVT_001427,SES_00611,landing,2025-04-19 02:45:55
EVT_001428,SES_00611,Category,2025-04-19 02:46:53
EVT_001429,SES_00612,landing,2025-03-13 18:50:07
EVT_001430,SES_00613,landing,2025-02-03 02:55:18
EVT_001431,SES_00613,Category,2025-02-03 02:56:52
EVT_001432,SES_00613,Product,2025-02-03 02:57:18
EVT_001433,SES_00614,landing,2025-04-05 07:00:51
EVT_001434,SES_00614,Category,2025-04-05 07:01:48
EVT_001435,SES_00614,Product,2025-04-05 07:03:41
EVT_001436,SES_00614,Cart,2025-04-05 07:05:01
EVT_001437,SES_00615,landing,2025-07-01 06:42:11
EVT_001438,SES_00615,Category,2025-07-01 06:44:06
EVT_001439,SES_00616,landing,2025-07-25 21:16:10
EVT_001440,SES_00616,Category,2025-07-25 21:17:20
EVT_001441,SES_00616,Product,2025-07-25 21:18:14
EVT_001442,SES_00617,landing,2025-05-31 16:34:06
EVT_001443,SES_00618,landing,2025-07-17 09:35:54
EVT_001444,SES_00619,landing,2025-12-27 13:55:55
EVT_001445,SES_00620,landing,2025-06-19 05:09:55
EVT_001446,SES_00620,Category,2025-06-19 05:10:18
EVT_001447,SES_00621,landing,2025-03-29 20:01:45
EVT_001448,SES_00622,landing,2025-05-23 13:35:22
EVT_001449,SES_00623,landing,2025-12-04 19:28:49
EVT_001450,SES_00623,Category,2025-12-04 19:30:34
EVT_001451,SES_00623,Product,2025-12-04 19:31:10
EVT_001452,SES_00624,landing,2025-01-27 15:50:51
EVT_001453,SES_00624,Category,2025-01-27 15:52:40
EVT_001454,SES_00625,landing,2025-12-23 17:25:35
EVT_001455,SES_00625,Category,2025-12-23 17:27:06
EVT_001456,SES_00626,landing,2025-05-08 14:40:14
EVT_001457,SES_00627,landing,2025-11-09 22:48:55
EVT_001458,SES_00627,Category,2025-11-09 22:50:03
EVT_001459,SES_00627,Product,2025-11-09 22:51:24
EVT_001460,SES_00627,Cart,2025-11-09 22:52:18
EVT_001461,SES_00628,landing,2025-01-25 22:47:21
EVT_001462,SES_00628,Category,2025-01-25 22:48:43
EVT_001463,SES_00628,Product,2025-01-25 22:49:52
EVT_001464,SES_00628,Cart,2025-01-25 22:51:35
EVT_001465,SES_00628,Checkout,2025-01-25 22:52:04
EVT_001466,SES_00628,Thank_you,2025-01-25 22:52:25
EVT_001467,SES_00629,landing,2025-07-05 15:20:29
EVT_001468,SES_00629,Category,2025-07-05 15:21:44
EVT_001469,SES_00629,Product,2025-07-05 15:22:39
EVT_001470,SES_00629,Cart,2025-07-05 15:24:22
EVT_001471,SES_00629,Checkout,2025-07-05 15:26:07
EVT_001472,SES_00630,landing,2025-09-03 18:10:49
EVT_001473,SES_00631,landing,2025-03-28 13:23:23
EVT_001474,SES_00632,landing,2025-09-25 02:14:49
EVT_001475,SES_00632,Category,2025-09-25 02:15:15
EVT_001476,SES_00632,Product,2025-09-25 02:15:32
EVT_001477,SES_00632,Cart,2025-09-25 02:17:30
EVT_001478,SES_00632,Checkout,2025-09-25 02:17:57
EVT_001479,SES_00632,Thank_you,2025-09-25 02:18:16
EVT_001480,SES_00633,landing,2025-12-10 18:54:09
EVT_001481,SES_00633,Category,2025-12-10 18:55:04
EVT_001482,SES_00634,landing,2025-10-14 00:39:39
EVT_001483,SES_00635,landing,2025-07-17 09:16:59
EVT_001484,SES_00636,landing,2025-01-23 06:35:03
EVT_001485,SES_00637,landing,2025-04-13 05:57:47
EVT_001486,SES_00637,Category,2025-04-13 05:58:40
EVT_001487,SES_00638,landing,2025-09-06 12:47:22
EVT_001488,SES_00639,landing,2025-01-19 00:05:55
EVT_001489,SES_00639,Category,2025-01-19 00:06:33
EVT_001490,SES_00639,Product,2025-01-19 00:08:25
EVT_001491,SES_00639,Cart,2025-01-19 00:09:56
EVT_001492,SES_00639,Checkout,2025-01-19 00:11:14
EVT_001493,SES_00640,landing,2025-01-29 23:12:00
EVT_001494,SES_00640,Category,2025-01-29 23:13:43
EVT_001495,SES_00640,Product,2025-01-29 23:14:58
EVT_001496,SES_00640,Cart,2025-01-29 23:16:06
EVT_001497,SES_00640,Checkout,2025-01-29 23:16:41
EVT_001498,SES_00640,Thank_you,2025-01-29 23:17:56
EVT_001499,SES_00641,landing,2025-08-05 22:08:30
EVT_001500,SES_00641,Category,2025-08-05 22:09:06
EVT_001501,SES_00641,Product,2025-08-05 22:10:56
EVT_001502,SES_00642,landing,2025-08-24 02:21:04
EVT_001503,SES_00643,landing,2025-09-03 12:28:10
EVT_001504,SES_00643,Category,2025-09-03 12:28:35
EVT_001505,SES_00644,landing,2025-08-02 06:10:31
EVT_001506,SES_00644,Category,2025-08-02 06:12:06
EVT_001507,SES_00644,Product,2025-08-02 06:13:35
EVT_001508,SES_00645,landing,2025-05-01 06:28:33
EVT_001509,SES_00646,landing,2025-06-03 15:13:52
EVT_001510,SES_00647,landing,2025-05-18 11:35:12
EVT_001511,SES_00647,Category,2025-05-18 11:36:34
EVT_001512,SES_00648,landing,2025-11-29 13:50:16
EVT_001513,SES_00648,Category,2025-11-29 13:51:07
EVT_001514,SES_00648,Product,2025-11-29 13:51:41
EVT_001515,SES_00649,landing,2025-02-18 02:58:42
EVT_001516,SES_00650,landing,2025-10-07 12:22:10
EVT_001517,SES_00650,Category,2025-10-07 12:23:39
EVT_001518,SES_00650,Product,2025-10-07 12:25:38
EVT_001519,SES_00650,Cart,2025-10-07 12:26:02
EVT_001520,SES_00650,Checkout,2025-10-07 12:27:30
EVT_001521,SES_00651,landing,2025-01-23 04:13:17
EVT_001522,SES_00651,Category,2025-01-23 04:14:29
EVT_001523,SES_00652,landing,2025-04-10 03:02:49
EVT_001524,SES_00653,landing,2025-10-22 10:52:50
EVT_001525,SES_00653,Category,2025-10-22 10:53:56
EVT_001526,SES_00654,landing,2025-07-24 13:48:36
EVT_001527,SES_00655,landing,2025-02-08 19:25:59
EVT_001528,SES_00655,Category,2025-02-08 19:27:43
EVT_001529,SES_00656,landing,2025-12-05 23:10:27
EVT_001530,SES_00656,Category,2025-12-05 23:11:32
EVT_001531,SES_00656,Product,2025-12-05 23:11:56
EVT_001532,SES_00657,landing,2025-05-07 13:58:29
EVT_001533,SES_00658,landing,2025-11-27 06:06:23
EVT_001534,SES_00658,Category,2025-11-27 06:07:54
EVT_001535,SES_00658,Product,2025-11-27 06:08:34
EVT_001536,SES_00659,landing,2025-06-21 20:02:48
EVT_001537,SES_00659,Category,2025-06-21 20:03:18
EVT_001538,SES_00660,landing,2025-05-30 18:05:26
EVT_001539,SES_00661,landing,2025-07-13 22:06:27
EVT_001540,SES_00662,landing,2025-05-11 15:58:10
EVT_001541,SES_00663,landing,2025-06-10 06:42:17
EVT_001542,SES_00664,landing,2025-06-02 03:16:07
EVT_001543,SES_00665,landing,2025-12-29 09:50:20
EVT_001544,SES_00666,landing,2025-11-30 13:19:50
EVT_001545,SES_00666,Category,2025-11-30 13:20:59
EVT_001546,SES_00666,Product,2025-11-30 13:21:15
EVT_001547,SES_00666,Cart,2025-11-30 13:21:57
EVT_001548,SES_00667,landing,2025-08-16 09:45:42
EVT_001549,SES_00667,Category,2025-08-16 09:47:23
EVT_001550,SES_00668,landing,2025-11-08 20:34:34
EVT_001551,SES_00668,Category,2025-11-08 20:36:05
EVT_001552,SES_00668,Product,2025-11-08 20:37:18
EVT_001553,SES_00669,landing,2025-03-22 20:32:36
EVT_001554,SES_00669,Category,2025-03-22 20:33:03
EVT_001555,SES_00670,landing,2025-10-07 00:05:50
EVT_001556,SES_00671,landing,2025-02-13 16:03:20
EVT_001557,SES_00672,landing,2025-03-08 03:06:55
EVT_001558,SES_00672,Category,2025-03-08 03:08:35
EVT_001559,SES_00672,Product,2025-03-08 03:10:09
EVT_001560,SES_00673,landing,2025-08-27 11:42:28
EVT_001561,SES_00674,landing,2025-08-12 01:19:00
EVT_001562,SES_00675,landing,2025-07-02 20:27:04
EVT_001563,SES_00675,Category,2025-07-02 20:28:24
EVT_001564,SES_00675,Product,2025-07-02 20:29:21
EVT_001565,SES_00675,Cart,2025-07-02 20:29:50
EVT_001566,SES_00676,landing,2025-11-30 22:21:11
EVT_001567,SES_00676,Category,2025-11-30 22:22:36
EVT_001568,SES_00676,Product,2025-11-30 22:24:23
EVT_001569,SES_00676,Cart,2025-11-30 22:25:45
EVT_001570,SES_00677,landing,2025-05-09 01:42:08
EVT_001571,SES_00677,Category,2025-05-09 01:42:55
EVT_001572,SES_00677,Product,2025-05-09 01:43:46
EVT_001573,SES_00677,Cart,2025-05-09 01:45:37
EVT_001574,SES_00677,Checkout,2025-05-09 01:47:15
EVT_001575,SES_00678,landing,2025-10-27 21:41:43
EVT_001576,SES_00678,Category,2025-10-27 21:43:24
EVT_001577,SES_00678,Product,2025-10-27 21:45:23
EVT_001578,SES_00679,landing,2025-02-20 14:31:33
EVT_001579,SES_00679,Category,2025-02-20 14:33:25
EVT_001580,SES_00679,Product,2025-02-20 14:35:23
EVT_001581,SES_00679,Cart,2025-02-20 14:36:49
EVT_001582,SES_00679,Checkout,2025-02-20 14:37:10
EVT_001583,SES_00680,landing,2025-02-05 22:32:22
EVT_001584,SES_00680,Category,2025-02-05 22:33:45
EVT_001585,SES_00680,Product,2025-02-05 22:35:06
EVT_001586,SES_00681,landing,2025-09-04 15:26:22
EVT_001587,SES_00681,Category,2025-09-04 15:27:08
EVT_001588,SES_00682,landing,2025-06-08 04:09:38
EVT_001589,SES_00682,Category,2025-06-08 04:10:10
EVT_001590,SES_00682,Product,2025-06-08 04:11:01
EVT_001591,SES_00682,Cart,2025-06-08 04:11:57
EVT_001592,SES_00682,Checkout,2025-06-08 04:13:52
EVT_001593,SES_00683,landing,2025-10-15 01:54:56
EVT_001594,SES_00683,Category,2025-10-15 01:56:35
EVT_001595,SES_00683,Product,2025-10-15 01:57:01
EVT_001596,SES_00683,Cart,2025-10-15 01:58:26
EVT_001597,SES_00684,landing,2025-11-17 09:57:14
EVT_001598,SES_00684,Category,2025-11-17 09:58:36
EVT_001599,SES_00685,landing,2025-07-24 16:21:19
EVT_001600,SES_00686,landing,2025-07-14 13:51:03
EVT_001601,SES_00687,landing,2025-09-20 19:28:34
EVT_001602,SES_00687,Category,2025-09-20 19:29:35
EVT_001603,SES_00687,Product,2025-09-20 19:30:48
EVT_001604,SES_00688,landing,2025-05-11 03:45:35
EVT_001605,SES_00689,landing,2025-03-15 06:18:37
EVT_001606,SES_00689,Category,2025-03-15 06:19:14
EVT_001607,SES_00690,landing,2025-09-25 20:07:24
EVT_001608,SES_00690,Category,2025-09-25 20:08:46
EVT_001609,SES_00690,Product,2025-09-25 20:10:41
EVT_001610,SES_00690,Cart,2025-09-25 20:12:22
EVT_001611,SES_00690,Checkout,2025-09-25 20:13:32
EVT_001612,SES_00691,landing,2025-08-09 01:16:17
EVT_001613,SES_00691,Category,2025-08-09 01:17:12
EVT_001614,SES_00691,Product,2025-08-09 01:18:51
EVT_001615,SES_00692,landing,2025-07-03 01:10:47
EVT_001616,SES_00693,landing,2025-09-19 02:51:47
EVT_001617,SES_00694,landing,2025-12-18 08:17:41
EVT_001618,SES_00695,landing,2025-11-29 09:20:51
EVT_001619,SES_00695,Category,2025-11-29 09:22:35
EVT_001620,SES_00696,landing,2025-06-12 05:59:49
EVT_001621,SES_00696,Category,2025-06-12 06:00:25
EVT_001622,SES_00697,landing,2025-01-17 10:35:50
EVT_001623,SES_00697,Category,2025-01-17 10:37:45
EVT_001624,SES_00698,landing,2025-09-26 20:25:21
EVT_001625,SES_00699,landing,2025-10-21 16:53:06
EVT_001626,SES_00700,landing,2025-06-16 04:33:49
EVT_001627,SES_00701,landing,2025-04-27 13:04:48
EVT_001628,SES_00702,landing,2025-07-08 12:25:59
EVT_001629,SES_00703,landing,2025-02-04 02:28:47
EVT_001630,SES_00703,Category,2025-02-04 02:30:19
EVT_001631,SES_00703,Product,2025-02-04 02:31:42
EVT_001632,SES_00704,landing,2025-03-05 19:51:31
EVT_001633,SES_00705,landing,2025-12-20 23:38:40
EVT_001634,SES_00705,Category,2025-12-20 23:39:28
EVT_001635,SES_00705,Product,2025-12-20 23:40:19
EVT_001636,SES_00705,Cart,2025-12-20 23:42:14
EVT_001637,SES_00705,Checkout,2025-12-20 23:43:34
EVT_001638,SES_00706,landing,2025-08-05 04:39:25
EVT_001639,SES_00706,Category,2025-08-05 04:41:15
EVT_001640,SES_00706,Product,2025-08-05 04:42:19
EVT_001641,SES_00706,Cart,2025-08-05 04:43:45
EVT_001642,SES_00706,Checkout,2025-08-05 04:44:18
EVT_001643,SES_00706,Thank_you,2025-08-05 04:45:28
EVT_001644,SES_00707,landing,2025-02-14 16:48:47
EVT_001645,SES_00707,Category,2025-02-14 16:49:12
EVT_001646,SES_00707,Product,2025-02-14 16:50:37
EVT_001647,SES_00708,landing,2025-05-06 18:35:54
EVT_001648,SES_00709,landing,2025-02-15 07:04:45
EVT_001649,SES_00709,Category,2025-02-15 07:05:43
EVT_001650,SES_00710,landing,2025-07-16 15:15:38
EVT_001651,SES_00710,Category,2025-07-16 15:17:16
EVT_001652,SES_00710,Product,2025-07-16 15:18:44
EVT_001653,SES_00710,Cart,2025-07-16 15:19:41
EVT_001654,SES_00711,landing,2025-05-25 03:03:38
EVT_001655,SES_00712,landing,2025-09-24 22:11:08
EVT_001656,SES_00712,Category,2025-09-24 22:11:26
EVT_001657,SES_00713,landing,2025-06-26 20:08:01
EVT_001658,SES_00714,landing,2025-04-02 19:23:09
EVT_001659,SES_00715,landing,2025-01-02 13:39:06
EVT_001660,SES_00716,landing,2025-05-30 07:55:37
EVT_001661,SES_00716,Category,2025-05-30 07:57:08
EVT_001662,SES_00717,landing,2025-05-11 22:30:10
EVT_001663,SES_00718,landing,2025-04-21 15:31:11
EVT_001664,SES_00719,landing,2025-03-28 18:57:10
EVT_001665,SES_00719,Category,2025-03-28 18:57:53
EVT_001666,SES_00719,Product,2025-03-28 18:59:05
EVT_001667,SES_00720,landing,2025-05-30 08:32:01
EVT_001668,SES_00721,landing,2025-05-05 16:07:23
EVT_001669,SES_00721,Category,2025-05-05 16:09:18
EVT_001670,SES_00722,landing,2025-06-12 17:32:42
EVT_001671,SES_00722,Category,2025-06-12 17:33:05
EVT_001672,SES_00722,Product,2025-06-12 17:34:15
EVT_001673,SES_00722,Cart,2025-06-12 17:35:24
EVT_001674,SES_00723,landing,2025-08-29 14:15:16
EVT_001675,SES_00724,landing,2025-10-05 07:23:56
EVT_001676,SES_00724,Category,2025-10-05 07:24:24
EVT_001677,SES_00724,Product,2025-10-05 07:25:14
EVT_001678,SES_00725,landing,2025-02-06 05:10:16
EVT_001679,SES_00726,landing,2025-10-21 10:13:04
EVT_001680,SES_00726,Category,2025-10-21 10:14:53
EVT_001681,SES_00726,Product,2025-10-21 10:16:15
EVT_001682,SES_00727,landing,2025-06-02 00:55:27
EVT_001683,SES_00728,landing,2025-06-29 07:50:21
EVT_001684,SES_00729,landing,2025-01-10 04:47:55
EVT_001685,SES_00729,Category,2025-01-10 04:48:57
EVT_001686,SES_00729,Product,2025-01-10 04:50:30
EVT_001687,SES_00729,Cart,2025-01-10 04:51:22
EVT_001688,SES_00729,Checkout,2025-01-10 04:51:53
EVT_001689,SES_00730,landing,2025-07-26 08:45:08
EVT_001690,SES_00731,landing,2025-02-28 10:22:02
EVT_001691,SES_00731,Category,2025-02-28 10:23:20
EVT_001692,SES_00731,Product,2025-02-28 10:24:10
EVT_001693,SES_00732,landing,2025-05-22 13:26:45
EVT_001694,SES_00732,Category,2025-05-22 13:27:51
EVT_001695,SES_00732,Product,2025-05-22 13:28:54
EVT_001696,SES_00733,landing,2025-02-06 13:41:48
EVT_001697,SES_00734,landing,2025-09-20 13:51:28
EVT_001698,SES_00734,Category,2025-09-20 13:52:14
EVT_001699,SES_00734,Product,2025-09-20 13:52:35
EVT_001700,SES_00734,Cart,2025-09-20 13:54:21
EVT_001701,SES_00735,landing,2025-05-28 23:30:02
EVT_001702,SES_00735,Category,2025-05-28 23:30:57
EVT_001703,SES_00735,Product,2025-05-28 23:31:25
EVT_001704,SES_00735,Cart,2025-05-28 23:32:43
EVT_001705,SES_00735,Checkout,2025-05-28 23:33:51
EVT_001706,SES_00736,landing,2025-01-21 21:21:32
EVT_001707,SES_00737,landing,2025-05-31 14:59:01
EVT_001708,SES_00737,Category,2025-05-31 15:00:22
EVT_001709,SES_00738,landing,2025-02-16 03:09:23
EVT_001710,SES_00739,landing,2025-07-10 01:55:57
EVT_001711,SES_00740,landing,2025-01-29 14:56:49
EVT_001712,SES_00740,Category,2025-01-29 14:57:44
EVT_001713,SES_00740,Product,2025-01-29 14:58:56
EVT_001714,SES_00740,Cart,2025-01-29 15:00:17
EVT_001715,SES_00741,landing,2025-10-12 19:25:45
EVT_001716,SES_00742,landing,2025-12-04 16:01:06
EVT_001717,SES_00742,Category,2025-12-04 16:02:28
EVT_001718,SES_00742,Product,2025-12-04 16:03:33
EVT_001719,SES_00742,Cart,2025-12-04 16:04:03
EVT_001720,SES_00743,landing,2025-03-18 18:14:44
EVT_001721,SES_00744,landing,2025-03-02 05:31:10
EVT_001722,SES_00744,Category,2025-03-02 05:32:26
EVT_001723,SES_00744,Product,2025-03-02 05:33:19
EVT_001724,SES_00745,landing,2025-06-08 11:26:31
EVT_001725,SES_00745,Category,2025-06-08 11:26:49
EVT_001726,SES_00745,Product,2025-06-08 11:28:32
EVT_001727,SES_00745,Cart,2025-06-08 11:29:14
EVT_001728,SES_00746,landing,2025-09-26 16:11:28
EVT_001729,SES_00747,landing,2025-12-28 05:10:10
EVT_001730,SES_00748,landing,2025-12-25 06:03:12
EVT_001731,SES_00749,landing,2025-08-15 08:43:37
EVT_001732,SES_00749,Category,2025-08-15 08:45:32
EVT_001733,SES_00750,landing,2025-01-18 20:11:15
EVT_001734,SES_00751,landing,2025-05-25 14:23:32
EVT_001735,SES_00751,Category,2025-05-25 14:24:23
EVT_001736,SES_00751,Product,2025-05-25 14:25:54
EVT_001737,SES_00751,Cart,2025-05-25 14:27:09
EVT_001738,SES_00752,landing,2025-10-04 01:04:05
EVT_001739,SES_00752,Category,2025-10-04 01:04:37
EVT_001740,SES_00753,landing,2025-09-01 23:36:15
EVT_001741,SES_00753,Category,2025-09-01 23:36:59
EVT_001742,SES_00753,Product,2025-09-01 23:38:43
EVT_001743,SES_00753,Cart,2025-09-01 23:40:02
EVT_001744,SES_00754,landing,2025-08-24 17:56:11
EVT_001745,SES_00755,landing,2025-09-11 12:19:14
EVT_001746,SES_00756,landing,2025-11-24 03:55:31
EVT_001747,SES_00757,landing,2025-04-20 18:22:24
EVT_001748,SES_00757,Category,2025-04-20 18:23:51
EVT_001749,SES_00757,Product,2025-04-20 18:25:00
EVT_001750,SES_00758,landing,2025-09-11 16:03:29
EVT_001751,SES_00758,Category,2025-09-11 16:04:11
EVT_001752,SES_00758,Product,2025-09-11 16:04:35
EVT_001753,SES_00758,Cart,2025-09-11 16:05:07
EVT_001754,SES_00758,Checkout,2025-09-11 16:05:32
EVT_001755,SES_00758,Thank_you,2025-09-11 16:06:50
EVT_001756,SES_00759,landing,2025-07-04 14:59:37
EVT_001757,SES_00759,Category,2025-07-04 15:00:35
EVT_001758,SES_00759,Product,2025-07-04 15:01:51
EVT_001759,SES_00760,landing,2025-03-17 08:25:26
EVT_001760,SES_00760,Category,2025-03-17 08:26:22
EVT_001761,SES_00761,landing,2025-08-07 21:09:50
EVT_001762,SES_00762,landing,2025-02-09 04:09:18
EVT_001763,SES_00762,Category,2025-02-09 04:11:17
EVT_001764,SES_00762,Product,2025-02-09 04:11:55
EVT_001765,SES_00763,landing,2025-06-09 11:54:39
EVT_001766,SES_00763,Category,2025-06-09 11:55:22
EVT_001767,SES_00763,Product,2025-06-09 11:57:05
EVT_001768,SES_00763,Cart,2025-06-09 11:58:21
EVT_001769,SES_00763,Checkout,2025-06-09 11:59:09
EVT_001770,SES_00764,landing,2025-12-28 17:40:45
EVT_001771,SES_00765,landing,2025-11-03 20:32:23
EVT_001772,SES_00765,Category,2025-11-03 20:33:29
EVT_001773,SES_00766,landing,2025-03-28 19:51:11
EVT_001774,SES_00767,landing,2025-03-07 10:43:06
EVT_001775,SES_00768,landing,2025-03-06 00:53:46
EVT_001776,SES_00769,landing,2025-01-15 09:08:18
EVT_001777,SES_00769,Category,2025-01-15 09:09:39
EVT_001778,SES_00770,landing,2025-03-12 23:07:13
EVT_001779,SES_00770,Category,2025-03-12 23:08:11
EVT_001780,SES_00770,Product,2025-03-12 23:09:37
EVT_001781,SES_00770,Cart,2025-03-12 23:11:18
EVT_001782,SES_00770,Checkout,2025-03-12 23:12:38
EVT_001783,SES_00771,landing,2025-08-20 11:59:47
EVT_001784,SES_00771,Category,2025-08-20 12:01:42
EVT_001785,SES_00772,landing,2025-10-23 02:57:23
EVT_001786,SES_00772,Category,2025-10-23 02:57:50
EVT_001787,SES_00772,Product,2025-10-23 02:58:50
EVT_001788,SES_00772,Cart,2025-10-23 03:00:04
EVT_001789,SES_00773,landing,2025-02-19 20:17:39
EVT_001790,SES_00774,landing,2025-04-14 01:12:01
EVT_001791,SES_00774,Category,2025-04-14 01:12:49
EVT_001792,SES_00774,Product,2025-04-14 01:13:52
EVT_001793,SES_00774,Cart,2025-04-14 01:15:10
EVT_001794,SES_00774,Checkout,2025-04-14 01:16:14
EVT_001795,SES_00775,landing,2025-09-05 02:08:25
EVT_001796,SES_00776,landing,2025-03-18 12:06:49
EVT_001797,SES_00776,Category,2025-03-18 12:07:21
EVT_001798,SES_00777,landing,2025-07-14 00:59:32
EVT_001799,SES_00778,landing,2025-04-22 06:57:20
EVT_001800,SES_00778,Category,2025-04-22 06:58:51
EVT_001801,SES_00778,Product,2025-04-22 07:00:41
EVT_001802,SES_00778,Cart,2025-04-22 07:01:22
EVT_001803,SES_00779,landing,2025-02-01 10:18:44
EVT_001804,SES_00779,Category,2025-02-01 10:20:00
EVT_001805,SES_00780,landing,2025-04-06 16:20:01
EVT_001806,SES_00780,Category,2025-04-06 16:21:12
EVT_001807,SES_00780,Product,2025-04-06 16:21:33
EVT_001808,SES_00780,Cart,2025-04-06 16:22:03
EVT_001809,SES_00780,Checkout,2025-04-06 16:22:49
EVT_001810,SES_00781,landing,2025-09-20 20:27:32
EVT_001811,SES_00782,landing,2025-06-12 22:08:41
EVT_001812,SES_00783,landing,2025-03-19 04:19:59
EVT_001813,SES_00783,Category,2025-03-19 04:21:35
EVT_001814,SES_00784,landing,2025-06-26 20:30:30
EVT_001815,SES_00785,landing,2025-01-11 12:36:59
EVT_001816,SES_00785,Category,2025-01-11 12:38:49
EVT_001817,SES_00785,Product,2025-01-11 12:40:05
EVT_001818,SES_00786,landing,2025-09-24 04:25:20
EVT_001819,SES_00786,Category,2025-09-24 04:26:41
EVT_001820,SES_00787,landing,2025-06-07 20:05:44
EVT_001821,SES_00787,Category,2025-06-07 20:07:10
EVT_001822,SES_00787,Product,2025-06-07 20:09:01
EVT_001823,SES_00788,landing,2025-04-16 02:20:49
EVT_001824,SES_00788,Category,2025-04-16 02:22:13
EVT_001825,SES_00788,Product,2025-04-16 02:22:36
EVT_001826,SES_00789,landing,2025-01-26 13:16:06
EVT_001827,SES_00789,Category,2025-01-26 13:16:50
EVT_001828,SES_00789,Product,2025-01-26 13:17:52
EVT_001829,SES_00789,Cart,2025-01-26 13:18:11
EVT_001830,SES_00789,Checkout,2025-01-26 13:19:41
EVT_001831,SES_00790,landing,2025-08-24 19:35:02
EVT_001832,SES_00790,Category,2025-08-24 19:35:54
EVT_001833,SES_00790,Product,2025-08-24 19:36:40
EVT_001834,SES_00791,landing,2025-06-29 06:53:59
EVT_001835,SES_00791,Category,2025-06-29 06:54:38
EVT_001836,SES_00791,Product,2025-06-29 06:55:01
EVT_001837,SES_00791,Cart,2025-06-29 06:56:13
EVT_001838,SES_00792,landing,2025-05-04 23:37:25
EVT_001839,SES_00793,landing,2025-11-19 03:31:49
EVT_001840,SES_00794,landing,2025-08-02 14:46:47
EVT_001841,SES_00794,Category,2025-08-02 14:48:00
EVT_001842,SES_00794,Product,2025-08-02 14:49:34
EVT_001843,SES_00794,Cart,2025-08-02 14:50:37
EVT_001844,SES_00795,landing,2025-12-03 01:21:59
EVT_001845,SES_00795,Category,2025-12-03 01:23:57
EVT_001846,SES_00795,Product,2025-12-03 01:25:17
EVT_001847,SES_00795,Cart,2025-12-03 01:27:13
EVT_001848,SES_00796,landing,2025-03-27 08:33:19
EVT_001849,SES_00797,landing,2025-11-01 00:01:00
EVT_001850,SES_00797,Category,2025-11-01 00:02:17
EVT_001851,SES_00797,Product,2025-11-01 00:03:49
EVT_001852,SES_00797,Cart,2025-11-01 00:04:46
EVT_001853,SES_00797,Checkout,2025-11-01 00:05:07
EVT_001854,SES_00797,Thank_you,2025-11-01 00:05:37
EVT_001855,SES_00798,landing,2025-07-16 05:38:44
EVT_001856,SES_00798,Category,2025-07-16 05:40:14
EVT_001857,SES_00798,Product,2025-07-16 05:41:07
EVT_001858,SES_00799,landing,2025-07-09 18:03:54
EVT_001859,SES_00799,Category,2025-07-09 18:04:58
EVT_001860,SES_00799,Product,2025-07-09 18:06:14
EVT_001861,SES_00800,landing,2025-06-05 19:54:48
EVT_001862,SES_00801,landing,2025-08-25 18:35:10
EVT_001863,SES_00802,landing,2025-02-23 19:06:58
EVT_001864,SES_00802,Category,2025-02-23 19:07:41
EVT_001865,SES_00802,Product,2025-02-23 19:09:12
EVT_001866,SES_00803,landing,2025-12-04 03:59:49
EVT_001867,SES_00804,landing,2025-01-20 01:33:43
EVT_001868,SES_00805,landing,2025-11-30 07:29:46
EVT_001869,SES_00805,Category,2025-11-30 07:30:03
EVT_001870,SES_00806,landing,2025-04-16 17:53:47
EVT_001871,SES_00806,Category,2025-04-16 17:54:04
EVT_001872,SES_00807,landing,2025-07-15 13:50:21
EVT_001873,SES_00807,Category,2025-07-15 13:52:08
EVT_001874,SES_00807,Product,2025-07-15 13:54:06
EVT_001875,SES_00807,Cart,2025-07-15 13:55:43
EVT_001876,SES_00808,landing,2025-10-08 00:35:18
EVT_001877,SES_00808,Category,2025-10-08 00:35:52
EVT_001878,SES_00808,Product,2025-10-08 00:37:49
EVT_001879,SES_00808,Cart,2025-10-08 00:38:17
EVT_001880,SES_00808,Checkout,2025-10-08 00:38:48
EVT_001881,SES_00809,landing,2025-06-05 03:58:51
EVT_001882,SES_00809,Category,2025-06-05 03:59:35
EVT_001883,SES_00809,Product,2025-06-05 04:01:10
EVT_001884,SES_00809,Cart,2025-06-05 04:02:41
EVT_001885,SES_00809,Checkout,2025-06-05 04:03:33
EVT_001886,SES_00810,landing,2025-09-08 00:23:47
EVT_001887,SES_00810,Category,2025-09-08 00:25:38
EVT_001888,SES_00810,Product,2025-09-08 00:27:22
EVT_001889,SES_00811,landing,2025-11-11 06:29:39
EVT_001890,SES_00811,Category,2025-11-11 06:30:05
EVT_001891,SES_00812,landing,2025-07-22 20:56:22
EVT_001892,SES_00812,Category,2025-07-22 20:58:01
EVT_001893,SES_00812,Product,2025-07-22 20:59:38
EVT_001894,SES_00813,landing,2025-05-05 19:13:54
EVT_001895,SES_00813,Category,2025-05-05 19:15:40
EVT_001896,SES_00813,Product,2025-05-05 19:17:36
EVT_001897,SES_00813,Cart,2025-05-05 19:18:17
EVT_001898,SES_00814,landing,2025-06-06 05:42:55
EVT_001899,SES_00815,landing,2025-04-10 18:21:45
EVT_001900,SES_00815,Category,2025-04-10 18:23:37
EVT_001901,SES_00815,Product,2025-04-10 18:25:13
EVT_001902,SES_00815,Cart,2025-04-10 18:25:53
EVT_001903,SES_00816,landing,2025-11-22 13:42:37
EVT_001904,SES_00817,landing,2025-08-28 02:09:29
EVT_001905,SES_00817,Category,2025-08-28 02:11:15
EVT_001906,SES_00817,Product,2025-08-28 02:12:56
EVT_001907,SES_00817,Cart,2025-08-28 02:13:46
EVT_001908,SES_00818,landing,2025-06-27 22:43:34
EVT_001909,SES_00818,Category,2025-06-27 22:44:41
EVT_001910,SES_00819,landing,2025-02-13 15:48:55
EVT_001911,SES_00819,Category,2025-02-13 15:49:29
EVT_001912,SES_00820,landing,2025-01-10 19:14:09
EVT_001913,SES_00821,landing,2025-10-17 12:57:31
EVT_001914,SES_00821,Category,2025-10-17 12:58:50
EVT_001915,SES_00821,Product,2025-10-17 13:00:06
EVT_001916,SES_00822,landing,2025-08-08 17:04:56
EVT_001917,SES_00822,Category,2025-08-08 17:05:47
EVT_001918,SES_00823,landing,2025-10-24 09:34:22
EVT_001919,SES_00823,Category,2025-10-24 09:36:05
EVT_001920,SES_00824,landing,2025-07-04 14:51:24
EVT_001921,SES_00824,Category,2025-07-04 14:53:01
EVT_001922,SES_00825,landing,2025-10-27 13:14:14
EVT_001923,SES_00825,Category,2025-10-27 13:15:16
EVT_001924,SES_00825,Product,2025-10-27 13:16:02
EVT_001925,SES_00826,landing,2025-09-06 18:20:00
EVT_001926,SES_00826,Category,2025-09-06 18:20:59
EVT_001927,SES_00826,Product,2025-09-06 18:22:58
EVT_001928,SES_00826,Cart,2025-09-06 18:24:24
EVT_001929,SES_00826,Checkout,2025-09-06 18:25:54
EVT_001930,SES_00827,landing,2025-10-06 21:00:11
EVT_001931,SES_00827,Category,2025-10-06 21:01:19
EVT_001932,SES_00827,Product,2025-10-06 21:02:49
EVT_001933,SES_00827,Cart,2025-10-06 21:03:23
EVT_001934,SES_00828,landing,2025-12-18 16:25:47
EVT_001935,SES_00828,Category,2025-12-18 16:26:07
EVT_001936,SES_00828,Product,2025-12-18 16:27:32
EVT_001937,SES_00828,Cart,2025-12-18 16:28:01
EVT_001938,SES_00829,landing,2025-03-21 09:21:43
EVT_001939,SES_00829,Category,2025-03-21 09:22:31
EVT_001940,SES_00829,Product,2025-03-21 09:24:10
EVT_001941,SES_00830,landing,2025-10-05 05:44:40
EVT_001942,SES_00830,Category,2025-10-05 05:46:23
EVT_001943,SES_00830,Product,2025-10-05 05:46:41
EVT_001944,SES_00830,Cart,2025-10-05 05:48:06
EVT_001945,SES_00830,Checkout,2025-10-05 05:49:28
EVT_001946,SES_00831,landing,2025-12-07 22:34:49
EVT_001947,SES_00831,Category,2025-12-07 22:36:10
EVT_001948,SES_00831,Product,2025-12-07 22:37:03
EVT_001949,SES_00832,landing,2025-08-12 14:10:17
EVT_001950,SES_00833,landing,2025-07-14 15:30:12
EVT_001951,SES_00834,landing,2025-12-05 12:27:44
EVT_001952,SES_00834,Category,2025-12-05 12:29:25
EVT_001953,SES_00834,Product,2025-12-05 12:30:46
EVT_001954,SES_00834,Cart,2025-12-05 12:32:28
EVT_001955,SES_00834,Checkout,2025-12-05 12:32:51
EVT_001956,SES_00835,landing,2025-01-12 18:11:38
EVT_001957,SES_00835,Category,2025-01-12 18:11:58
EVT_001958,SES_00836,landing,2025-01-06 18:52:04
EVT_001959,SES_00836,Category,2025-01-06 18:52:25
EVT_001960,SES_00836,Product,2025-01-06 18:52:48
EVT_001961,SES_00836,Cart,2025-01-06 18:53:36
EVT_001962,SES_00836,Checkout,2025-01-06 18:53:52
EVT_001963,SES_00836,Thank_you,2025-01-06 18:55:48
EVT_001964,SES_00837,landing,2025-07-27 01:23:32
EVT_001965,SES_00838,landing,2025-05-13 14:32:48
EVT_001966,SES_00839,landing,2025-05-13 04:54:39
EVT_001967,SES_00839,Category,2025-05-13 04:55:02
EVT_001968,SES_00839,Product,2025-05-13 04:56:51
EVT_001969,SES_00839,Cart,2025-05-13 04:58:15
EVT_001970,SES_00839,Checkout,2025-05-13 05:00:08
EVT_001971,SES_00840,landing,2025-12-03 06:51:18
EVT_001972,SES_00840,Category,2025-12-03 06:52:19
EVT_001973,SES_00841,landing,2025-11-27 20:10:49
EVT_001974,SES_00841,Category,2025-11-27 20:11:24
EVT_001975,SES_00841,Product,2025-11-27 20:11:43
EVT_001976,SES_00841,Cart,2025-11-27 20:12:03
EVT_001977,SES_00842,landing,2025-01-15 21:34:51
EVT_001978,SES_00843,landing,2025-09-05 22:27:57
EVT_001979,SES_00844,landing,2025-03-16 09:34:41
EVT_001980,SES_00845,landing,2025-12-12 22:49:16
EVT_001981,SES_00845,Category,2025-12-12 22:49:55
EVT_001982,SES_00846,landing,2025-04-08 03:51:23
EVT_001983,SES_00846,Category,2025-04-08 03:51:40
EVT_001984,SES_00846,Product,2025-04-08 03:52:18
EVT_001985,SES_00847,landing,2025-09-17 11:25:12
EVT_001986,SES_00848,landing,2025-11-23 15:23:58
EVT_001987,SES_00849,landing,2025-10-30 06:16:08
EVT_001988,SES_00850,landing,2025-05-09 06:38:17
EVT_001989,SES_00851,landing,2025-04-29 02:14:21
EVT_001990,SES_00852,landing,2025-06-29 12:53:12
EVT_001991,SES_00852,Category,2025-06-29 12:54:16
EVT_001992,SES_00853,landing,2025-07-14 01:19:08
EVT_001993,SES_00853,Category,2025-07-14 01:20:38
EVT_001994,SES_00853,Product,2025-07-14 01:21:27
EVT_001995,SES_00853,Cart,2025-07-14 01:22:23
EVT_001996,SES_00853,Checkout,2025-07-14 01:24:01
EVT_001997,SES_00854,landing,2025-06-18 10:31:48
EVT_001998,SES_00855,landing,2025-12-26 22:43:52
EVT_001999,SES_00855,Category,2025-12-26 22:44:59
EVT_002000,SES_00856,landing,2025-02-18 16:58:03
EVT_002001,SES_00857,landing,2025-01-27 03:42:55
EVT_002002,SES_00857,Category,2025-01-27 03:44:15
EVT_002003,SES_00857,Product,2025-01-27 03:44:41
EVT_002004,SES_00858,landing,2025-12-30 18:22:02
EVT_002005,SES_00858,Category,2025-12-30 18:23:03
EVT_002006,SES_00859,landing,2025-02-28 19:03:23
EVT_002007,SES_00859,Category,2025-02-28 19:04:41
EVT_002008,SES_00859,Product,2025-02-28 19:05:42
EVT_002009,SES_00860,landing,2025-11-03 06:36:36
EVT_002010,SES_00860,Category,2025-11-03 06:37:02
EVT_002011,SES_00861,landing,2025-12-01 19:42:56
EVT_002012,SES_00862,landing,2025-12-17 15:20:22
EVT_002013,SES_00862,Category,2025-12-17 15:20:55
EVT_002014,SES_00863,landing,2025-12-17 06:16:15
EVT_002015,SES_00863,Category,2025-12-17 06:17:12
EVT_002016,SES_00863,Product,2025-12-17 06:19:03
EVT_002017,SES_00863,Cart,2025-12-17 06:20:55
EVT_002018,SES_00864,landing,2025-04-29 08:56:07
EVT_002019,SES_00864,Category,2025-04-29 08:56:34
EVT_002020,SES_00865,landing,2025-01-24 20:50:30
EVT_002021,SES_00866,landing,2025-05-11 21:37:23
EVT_002022,SES_00866,Category,2025-05-11 21:38:30
EVT_002023,SES_00867,landing,2025-03-01 23:52:27
EVT_002024,SES_00868,landing,2025-10-25 04:43:39
EVT_002025,SES_00868,Category,2025-10-25 04:44:26
EVT_002026,SES_00869,landing,2025-07-12 09:55:40
EVT_002027,SES_00870,landing,2025-10-31 14:45:24
EVT_002028,SES_00871,landing,2025-08-04 01:29:47
EVT_002029,SES_00872,landing,2025-07-06 01:01:46
EVT_002030,SES_00872,Category,2025-07-06 01:02:57
EVT_002031,SES_00873,landing,2025-01-02 22:26:40
EVT_002032,SES_00874,landing,2025-09-19 15:11:24
EVT_002033,SES_00875,landing,2025-04-27 05:32:08
EVT_002034,SES_00876,landing,2025-03-09 04:50:22
EVT_002035,SES_00876,Category,2025-03-09 04:51:29
EVT_002036,SES_00876,Product,2025-03-09 04:52:26
EVT_002037,SES_00876,Cart,2025-03-09 04:54:06
EVT_002038,SES_00877,landing,2025-08-28 01:58:16
EVT_002039,SES_00877,Category,2025-08-28 01:58:35
EVT_002040,SES_00877,Product,2025-08-28 01:59:05
EVT_002041,SES_00878,landing,2025-11-05 01:39:39
EVT_002042,SES_00878,Category,2025-11-05 01:41:09
EVT_002043,SES_00878,Product,2025-11-05 01:43:07
EVT_002044,SES_00878,Cart,2025-11-05 01:43:52
EVT_002045,SES_00879,landing,2025-12-11 05:21:00
EVT_002046,SES_00879,Category,2025-12-11 05:21:53
EVT_002047,SES_00879,Product,2025-12-11 05:22:28
EVT_002048,SES_00879,Cart,2025-12-11 05:23:09
EVT_002049,SES_00880,landing,2025-06-14 07:49:07
EVT_002050,SES_00880,Category,2025-06-14 07:50:26
EVT_002051,SES_00880,Product,2025-06-14 07:51:44
EVT_002052,SES_00881,landing,2025-02-09 22:46:38
EVT_002053,SES_00882,landing,2025-01-28 20:32:07
EVT_002054,SES_00882,Category,2025-01-28 20:33:17
EVT_002055,SES_00882,Product,2025-01-28 20:34:37
EVT_002056,SES_00883,landing,2025-09-16 02:11:25
EVT_002057,SES_00883,Category,2025-09-16 02:12:04
EVT_002058,SES_00883,Product,2025-09-16 02:13:15
EVT_002059,SES_00884,landing,2025-10-24 00:40:06
EVT_002060,SES_00884,Category,2025-10-24 00:41:00
EVT_002061,SES_00885,landing,2025-01-31 08:14:11
EVT_002062,SES_00886,landing,2025-01-31 17:50:46
EVT_002063,SES_00887,landing,2025-02-06 18:18:47
EVT_002064,SES_00888,landing,2025-12-29 23:00:55
EVT_002065,SES_00889,landing,2025-07-28 20:54:24
EVT_002066,SES_00889,Category,2025-07-28 20:55:40
EVT_002067,SES_00890,landing,2025-06-15 18:14:10
EVT_002068,SES_00890,Category,2025-06-15 18:14:57
EVT_002069,SES_00891,landing,2025-08-22 22:26:45
EVT_002070,SES_00891,Category,2025-08-22 22:27:52
EVT_002071,SES_00891,Product,2025-08-22 22:28:16
EVT_002072,SES_00891,Cart,2025-08-22 22:30:06
EVT_002073,SES_00892,landing,2025-08-25 23:59:47
EVT_002074,SES_00892,Category,2025-08-26 00:01:30
EVT_002075,SES_00892,Product,2025-08-26 00:02:25
EVT_002076,SES_00892,Cart,2025-08-26 00:04:02
EVT_002077,SES_00893,landing,2025-10-17 06:35:38
EVT_002078,SES_00893,Category,2025-10-17 06:36:22
EVT_002079,SES_00894,landing,2025-07-23 01:46:04
EVT_002080,SES_00895,landing,2025-08-27 20:51:53
EVT_002081,SES_00895,Category,2025-08-27 20:53:41
EVT_002082,SES_00895,Product,2025-08-27 20:55:09
EVT_002083,SES_00895,Cart,2025-08-27 20:55:37
EVT_002084,SES_00896,landing,2025-05-27 15:41:25
EVT_002085,SES_00897,landing,2025-01-30 12:36:56
EVT_002086,SES_00898,landing,2025-08-26 03:44:11
EVT_002087,SES_00899,landing,2025-11-13 15:26:51
EVT_002088,SES_00899,Category,2025-11-13 15:27:27
EVT_002089,SES_00900,landing,2025-04-09 21:45:53
EVT_002090,SES_00900,Category,2025-04-09 21:47:24
EVT_002091,SES_00900,Product,2025-04-09 21:48:10
EVT_002092,SES_00900,Cart,2025-04-09 21:49:48
EVT_002093,SES_00900,Checkout,2025-04-09 21:51:43
EVT_002094,SES_00901,landing,2025-10-08 18:57:05
EVT_002095,SES_00901,Category,2025-10-08 18:57:37
EVT_002096,SES_00901,Product,2025-10-08 18:58:44
EVT_002097,SES_00902,landing,2025-07-21 21:36:58
EVT_002098,SES_00902,Category,2025-07-21 21:38:37
EVT_002099,SES_00903,landing,2025-09-22 19:17:33
EVT_002100,SES_00903,Category,2025-09-22 19:19:14
EVT_002101,SES_00904,landing,2025-07-10 21:05:43
EVT_002102,SES_00904,Category,2025-07-10 21:07:03
EVT_002103,SES_00905,landing,2025-03-18 09:23:28
EVT_002104,SES_00905,Category,2025-03-18 09:24:38
EVT_002105,SES_00905,Product,2025-03-18 09:25:05
EVT_002106,SES_00905,Cart,2025-03-18 09:26:16
EVT_002107,SES_00906,landing,2025-09-21 09:51:15
EVT_002108,SES_00906,Category,2025-09-21 09:51:58
EVT_002109,SES_00906,Product,2025-09-21 09:53:31
EVT_002110,SES_00907,landing,2025-12-15 00:16:43
EVT_002111,SES_00908,landing,2025-04-01 00:01:23
EVT_002112,SES_00908,Category,2025-04-01 00:03:12
EVT_002113,SES_00909,landing,2025-05-06 18:22:03
EVT_002114,SES_00910,landing,2025-09-12 14:24:59
EVT_002115,SES_00910,Category,2025-09-12 14:26:57
EVT_002116,SES_00910,Product,2025-09-12 14:28:15
EVT_002117,SES_00911,landing,2025-06-18 13:00:47
EVT_002118,SES_00911,Category,2025-06-18 13:02:26
EVT_002119,SES_00911,Product,2025-06-18 13:03:17
EVT_002120,SES_00911,Cart,2025-06-18 13:03:49
EVT_002121,SES_00911,Checkout,2025-06-18 13:05:17
EVT_002122,SES_00912,landing,2025-09-20 19:34:19
EVT_002123,SES_00912,Category,2025-09-20 19:35:46
EVT_002124,SES_00913,landing,2025-01-29 22:57:51
EVT_002125,SES_00914,landing,2025-01-05 01:09:10
EVT_002126,SES_00914,Category,2025-01-05 01:09:26
EVT_002127,SES_00915,landing,2025-01-28 15:14:00
EVT_002128,SES_00916,landing,2025-09-20 03:29:25
EVT_002129,SES_00916,Category,2025-09-20 03:30:45
EVT_002130,SES_00917,landing,2025-02-02 05:15:20
EVT_002131,SES_00918,landing,2025-05-05 16:06:12
EVT_002132,SES_00919,landing,2025-07-02 17:54:11
EVT_002133,SES_00919,Category,2025-07-02 17:54:35
EVT_002134,SES_00919,Product,2025-07-02 17:55:12
EVT_002135,SES_00919,Cart,2025-07-02 17:55:53
EVT_002136,SES_00919,Checkout,2025-07-02 17:57:51
EVT_002137,SES_00920,landing,2025-11-16 11:28:41
EVT_002138,SES_00920,Category,2025-11-16 11:29:28
EVT_002139,SES_00920,Product,2025-11-16 11:30:20
EVT_002140,SES_00921,landing,2025-08-03 15:48:33
EVT_002141,SES_00922,landing,2025-07-02 14:36:59
EVT_002142,SES_00922,Category,2025-07-02 14:38:58
EVT_002143,SES_00923,landing,2025-04-28 18:46:58
EVT_002144,SES_00923,Category,2025-04-28 18:47:31
EVT_002145,SES_00924,landing,2025-08-15 15:49:58
EVT_002146,SES_00925,landing,2025-11-13 04:56:54
EVT_002147,SES_00925,Category,2025-11-13 04:58:23
EVT_002148,SES_00925,Product,2025-11-13 04:59:27
EVT_002149,SES_00926,landing,2025-07-11 16:03:17
EVT_002150,SES_00927,landing,2025-05-22 14:20:53
EVT_002151,SES_00928,landing,2025-11-19 08:25:14
EVT_002152,SES_00928,Category,2025-11-19 08:26:40
EVT_002153,SES_00929,landing,2025-12-28 10:12:25
EVT_002154,SES_00929,Category,2025-12-28 10:13:01
EVT_002155,SES_00930,landing,2025-01-27 18:56:56
EVT_002156,SES_00931,landing,2025-05-24 23:49:15
EVT_002157,SES_00932,landing,2025-10-02 19:58:02
EVT_002158,SES_00932,Category,2025-10-02 19:58:33
EVT_002159,SES_00933,landing,2025-03-16 15:13:15
EVT_002160,SES_00934,landing,2025-06-24 21:15:19
EVT_002161,SES_00935,landing,2025-12-16 13:37:31
EVT_002162,SES_00936,landing,2025-09-20 17:53:44
EVT_002163,SES_00936,Category,2025-09-20 17:54:34
EVT_002164,SES_00936,Product,2025-09-20 17:56:24
EVT_002165,SES_00936,Cart,2025-09-20 17:58:14
EVT_002166,SES_00936,Checkout,2025-09-20 17:59:34
EVT_002167,SES_00937,landing,2025-04-27 22:35:51
EVT_002168,SES_00937,Category,2025-04-27 22:36:57
EVT_002169,SES_00938,landing,2025-11-22 15:04:03
EVT_002170,SES_00939,landing,2025-06-19 06:49:39
EVT_002171,SES_00940,landing,2025-04-27 11:52:23
EVT_002172,SES_00940,Category,2025-04-27 11:54:10
EVT_002173,SES_00941,landing,2025-11-17 06:54:28
EVT_002174,SES_00941,Category,2025-11-17 06:55:55
EVT_002175,SES_00941,Product,2025-11-17 06:56:23
EVT_002176,SES_00941,Cart,2025-11-17 06:57:17
EVT_002177,SES_00942,landing,2025-05-21 02:56:07
EVT_002178,SES_00943,landing,2025-08-08 05:36:09
EVT_002179,SES_00944,landing,2025-12-10 11:59:43
EVT_002180,SES_00944,Category,2025-12-10 12:00:59
EVT_002181,SES_00944,Product,2025-12-10 12:02:15
EVT_002182,SES_00944,Cart,2025-12-10 12:03:56
EVT_002183,SES_00945,landing,2025-09-15 13:16:10
EVT_002184,SES_00946,landing,2025-08-31 07:04:11
EVT_002185,SES_00947,landing,2025-06-01 04:27:50
EVT_002186,SES_00948,landing,2025-09-08 07:02:50
EVT_002187,SES_00948,Category,2025-09-08 07:03:35
EVT_002188,SES_00948,Product,2025-09-08 07:04:17
EVT_002189,SES_00948,Cart,2025-09-08 07:05:39
EVT_002190,SES_00948,Checkout,2025-09-08 07:07:15
EVT_002191,SES_00949,landing,2025-10-17 14:28:49
EVT_002192,SES_00949,Category,2025-10-17 14:30:36
EVT_002193,SES_00950,landing,2025-06-25 19:58:20
EVT_002194,SES_00951,landing,2025-01-26 19:03:51
EVT_002195,SES_00951,Category,2025-01-26 19:05:13
EVT_002196,SES_00952,landing,2025-08-08 06:21:59
EVT_002197,SES_00953,landing,2025-01-18 19:16:03
EVT_002198,SES_00953,Category,2025-01-18 19:17:11
EVT_002199,SES_00953,Product,2025-01-18 19:18:23
EVT_002200,SES_00953,Cart,2025-01-18 19:19:34
EVT_002201,SES_00954,landing,2025-11-29 14:01:31
EVT_002202,SES_00955,landing,2025-07-14 00:07:05
EVT_002203,SES_00956,landing,2025-03-13 08:13:21
EVT_002204,SES_00957,landing,2025-05-30 12:43:27
EVT_002205,SES_00957,Category,2025-05-30 12:43:51
EVT_002206,SES_00958,landing,2025-10-09 02:18:03
EVT_002207,SES_00959,landing,2025-05-24 06:55:29
EVT_002208,SES_00959,Category,2025-05-24 06:57:23
EVT_002209,SES_00959,Product,2025-05-24 06:58:49
EVT_002210,SES_00959,Cart,2025-05-24 07:00:36
EVT_002211,SES_00959,Checkout,2025-05-24 07:00:57
EVT_002212,SES_00960,landing,2025-07-22 19:22:08
EVT_002213,SES_00960,Category,2025-07-22 19:22:48
EVT_002214,SES_00961,landing,2025-02-16 18:52:03
EVT_002215,SES_00961,Category,2025-02-16 18:53:22
EVT_002216,SES_00962,landing,2025-07-13 07:15:02
EVT_002217,SES_00963,landing,2025-03-13 07:48:00
EVT_002218,SES_00963,Category,2025-03-13 07:48:34
EVT_002219,SES_00964,landing,2025-09-20 04:32:51
EVT_002220,SES_00964,Category,2025-09-20 04:34:43
EVT_002221,SES_00964,Product,2025-09-20 04:35:08
EVT_002222,SES_00965,landing,2025-04-12 21:56:43
EVT_002223,SES_00966,landing,2025-01-07 09:35:31
EVT_002224,SES_00966,Category,2025-01-07 09:36:36
EVT_002225,SES_00967,landing,2025-10-19 17:08:21
EVT_002226,SES_00967,Category,2025-10-19 17:09:49
EVT_002227,SES_00967,Product,2025-10-19 17:10:27
EVT_002228,SES_00967,Cart,2025-10-19 17:12:09
EVT_002229,SES_00967,Checkout,2025-10-19 17:12:44
EVT_002230,SES_00968,landing,2025-12-20 16:01:56
EVT_002231,SES_00968,Category,2025-12-20 16:03:43
EVT_002232,SES_00969,landing,2025-09-17 02:48:09
EVT_002233,SES_00969,Category,2025-09-17 02:49:15
EVT_002234,SES_00969,Product,2025-09-17 02:50:58
EVT_002235,SES_00970,landing,2025-03-23 06:05:47
EVT_002236,SES_00970,Category,2025-03-23 06:06:59
EVT_002237,SES_00971,landing,2025-01-22 11:52:18
EVT_002238,SES_00971,Category,2025-01-22 11:53:18
EVT_002239,SES_00972,landing,2025-01-09 04:35:09
EVT_002240,SES_00973,landing,2025-12-11 15:15:54
EVT_002241,SES_00973,Category,2025-12-11 15:16:09
EVT_002242,SES_00974,landing,2025-09-25 03:08:30
EVT_002243,SES_00974,Category,2025-09-25 03:09:56
EVT_002244,SES_00974,Product,2025-09-25 03:11:13
EVT_002245,SES_00974,Cart,2025-09-25 03:11:29
EVT_002246,SES_00975,landing,2025-01-18 12:03:36
EVT_002247,SES_00976,landing,2025-03-16 04:07:54
EVT_002248,SES_00976,Category,2025-03-16 04:08:55
EVT_002249,SES_00976,Product,2025-03-16 04:09:49
EVT_002250,SES_00976,Cart,2025-03-16 04:10:33
EVT_002251,SES_00976,Checkout,2025-03-16 04:11:29
EVT_002252,SES_00977,landing,2025-07-23 04:15:20
EVT_002253,SES_00977,Category,2025-07-23 04:16:10
EVT_002254,SES_00978,landing,2025-04-30 12:12:21
EVT_002255,SES_00978,Category,2025-04-30 12:13:17
EVT_002256,SES_00979,landing,2025-04-15 17:44:21
EVT_002257,SES_00980,landing,2025-02-06 07:25:37
EVT_002258,SES_00981,landing,2025-04-23 04:39:04
EVT_002259,SES_00981,Category,2025-04-23 04:40:52
EVT_002260,SES_00982,landing,2025-05-26 22:21:07
EVT_002261,SES_00983,landing,2025-09-01 07:35:19
EVT_002262,SES_00983,Category,2025-09-01 07:36:37
EVT_002263,SES_00984,landing,2025-11-25 16:12:15
EVT_002264,SES_00984,Category,2025-11-25 16:12:46
EVT_002265,SES_00984,Product,2025-11-25 16:13:23
EVT_002266,SES_00985,landing,2025-02-27 13:24:55
EVT_002267,SES_00986,landing,2025-11-08 02:34:26
EVT_002268,SES_00986,Category,2025-11-08 02:35:08
EVT_002269,SES_00987,landing,2025-06-29 21:45:38
EVT_002270,SES_00988,landing,2025-02-08 06:34:29
EVT_002271,SES_00989,landing,2025-12-25 17:35:43
EVT_002272,SES_00990,landing,2025-11-30 19:59:06
EVT_002273,SES_00991,landing,2025-05-30 05:24:46
EVT_002274,SES_00992,landing,2025-08-05 19:28:21
EVT_002275,SES_00992,Category,2025-08-05 19:30:19
EVT_002276,SES_00992,Product,2025-08-05 19:30:38
EVT_002277,SES_00993,landing,2025-09-07 17:36:41
EVT_002278,SES_00993,Category,2025-09-07 17:37:13
EVT_002279,SES_00994,landing,2025-03-14 08:36:26
EVT_002280,SES_00995,landing,2025-01-29 11:34:10
EVT_002281,SES_00996,landing,2025-08-18 05:19:56
EVT_002282,SES_00996,Category,2025-08-18 05:20:47
EVT_002283,SES_00996,Product,2025-08-18 05:22:06
EVT_002284,SES_00996,Cart,2025-08-18 05:22:38
EVT_002285,SES_00996,Checkout,2025-08-18 05:23:40
EVT_002286,SES_00996,Thank_you,2025-08-18 05:24:42
EVT_002287,SES_00997,landing,2025-12-02 18:02:24
EVT_002288,SES_00997,Category,2025-12-02 18:03:40
EVT_002289,SES_00998,landing,2025-10-04 17:45:49
EVT_002290,SES_00998,Category,2025-10-04 17:47:33
EVT_002291,SES_00998,Product,2025-10-04 17:48:56
EVT_002292,SES_00998,Cart,2025-10-04 17:50:41
EVT_002293,SES_00999,landing,2025-05-01 22:33:08
EVT_002294,SES_00999,Category,2025-05-01 22:33:58
EVT_002295,SES_00999,Product,2025-05-01 22:35:32
EVT_002296,SES_00999,Cart,2025-05-01 22:35:57
EVT_002297,SES_00999,Checkout,2025-05-01 22:37:10
EVT_002298,SES_00999,Thank_you,2025-05-01 22:38:53
EVT_002299,SES_01000,landing,2025-05-01 15:16:11
EVT_002300,SES_01001,landing,2025-06-09 09:18:52
EVT_002301,SES_01002,landing,2025-03-14 21:50:28
EVT_002302,SES_01002,Category,2025-03-14 21:51:51
EVT_002303,SES_01002,Product,2025-03-14 21:53:14
EVT_002304,SES_01002,Cart,2025-03-14 21:54:29
EVT_002305,SES_01003,landing,2025-10-20 01:37:10
EVT_002306,SES_01003,Category,2025-10-20 01:37:45
EVT_002307,SES_01003,Product,2025-10-20 01:38:41
EVT_002308,SES_01003,Cart,2025-10-20 01:39:40
EVT_002309,SES_01003,Checkout,2025-10-20 01:40:21
EVT_002310,SES_01004,landing,2025-11-07 22:01:00
EVT_002311,SES_01004,Category,2025-11-07 22:01:46
EVT_002312,SES_01005,landing,2025-04-29 11:38:36
EVT_002313,SES_01005,Category,2025-04-29 11:40:29
EVT_002314,SES_01005,Product,2025-04-29 11:42:11
EVT_002315,SES_01005,Cart,2025-04-29 11:43:24
EVT_002316,SES_01006,landing,2025-04-16 12:32:57
EVT_002317,SES_01006,Category,2025-04-16 12:34:06
EVT_002318,SES_01007,landing,2025-08-19 14:46:00
EVT_002319,SES_01008,landing,2025-08-16 17:00:47
EVT_002320,SES_01009,landing,2025-12-21 17:23:46
EVT_002321,SES_01010,landing,2025-01-15 03:03:39
EVT_002322,SES_01011,landing,2025-08-09 15:03:02
EVT_002323,SES_01012,landing,2025-04-01 23:57:41
EVT_002324,SES_01013,landing,2025-12-21 03:28:14
EVT_002325,SES_01013,Category,2025-12-21 03:28:38
EVT_002326,SES_01013,Product,2025-12-21 03:29:28
EVT_002327,SES_01013,Cart,2025-12-21 03:30:35
EVT_002328,SES_01013,Checkout,2025-12-21 03:32:06
EVT_002329,SES_01014,landing,2025-06-18 03:22:47
EVT_002330,SES_01014,Category,2025-06-18 03:24:37
EVT_002331,SES_01014,Product,2025-06-18 03:25:09
EVT_002332,SES_01015,landing,2025-10-04 11:37:53
EVT_002333,SES_01016,landing,2025-11-22 11:55:38
EVT_002334,SES_01016,Category,2025-11-22 11:57:07
EVT_002335,SES_01016,Product,2025-11-22 11:57:25
EVT_002336,SES_01016,Cart,2025-11-22 11:57:41
EVT_002337,SES_01016,Checkout,2025-11-22 11:59:34
EVT_002338,SES_01017,landing,2025-03-15 18:02:08
EVT_002339,SES_01017,Category,2025-03-15 18:03:39
EVT_002340,SES_01017,Product,2025-03-15 18:03:54
EVT_002341,SES_01017,Cart,2025-03-15 18:05:23
EVT_002342,SES_01018,landing,2025-09-01 01:42:27
EVT_002343,SES_01018,Category,2025-09-01 01:43:40
EVT_002344,SES_01018,Product,2025-09-01 01:44:29
EVT_002345,SES_01018,Cart,2025-09-01 01:45:25
EVT_002346,SES_01018,Checkout,2025-09-01 01:46:33
EVT_002347,SES_01019,landing,2025-06-27 14:24:03
EVT_002348,SES_01019,Category,2025-06-27 14:25:18
EVT_002349,SES_01020,landing,2025-04-23 19:11:29
EVT_002350,SES_01020,Category,2025-04-23 19:12:06
EVT_002351,SES_01020,Product,2025-04-23 19:13:48
EVT_002352,SES_01021,landing,2025-09-05 09:21:00
EVT_002353,SES_01021,Category,2025-09-05 09:22:17
EVT_002354,SES_01022,landing,2025-03-12 12:30:36
EVT_002355,SES_01022,Category,2025-03-12 12:31:38
EVT_002356,SES_01022,Product,2025-03-12 12:33:18
EVT_002357,SES_01022,Cart,2025-03-12 12:35:12
EVT_002358,SES_01023,landing,2025-01-26 10:01:55
EVT_002359,SES_01024,landing,2025-09-20 18:08:54
EVT_002360,SES_01024,Category,2025-09-20 18:10:20
EVT_002361,SES_01024,Product,2025-09-20 18:10:51
EVT_002362,SES_01025,landing,2025-03-10 06:38:30
EVT_002363,SES_01026,landing,2025-07-07 16:37:31
EVT_002364,SES_01027,landing,2025-03-19 23:55:50
EVT_002365,SES_01027,Category,2025-03-19 23:57:12
EVT_002366,SES_01027,Product,2025-03-19 23:57:44
EVT_002367,SES_01027,Cart,2025-03-19 23:59:06
EVT_002368,SES_01027,Checkout,2025-03-20 00:00:11
EVT_002369,SES_01027,Thank_you,2025-03-20 00:00:44
EVT_002370,SES_01028,landing,2025-11-24 01:24:04
EVT_002371,SES_01029,landing,2025-03-14 05:40:15
EVT_002372,SES_01030,landing,2025-04-12 02:13:11
EVT_002373,SES_01031,landing,2025-08-28 23:58:04
EVT_002374,SES_01031,Category,2025-08-28 23:59:37
EVT_002375,SES_01031,Product,2025-08-29 00:01:21
EVT_002376,SES_01032,landing,2025-01-16 11:42:20
EVT_002377,SES_01033,landing,2025-08-06 21:37:43
EVT_002378,SES_01033,Category,2025-08-06 21:38:15
EVT_002379,SES_01034,landing,2025-07-06 12:24:29
EVT_002380,SES_01035,landing,2025-09-12 11:17:38
EVT_002381,SES_01036,landing,2025-12-20 16:34:00
EVT_002382,SES_01036,Category,2025-12-20 16:35:20
EVT_002383,SES_01037,landing,2025-06-24 17:23:18
EVT_002384,SES_01038,landing,2025-11-02 16:17:59
EVT_002385,SES_01039,landing,2025-11-08 05:50:43
EVT_002386,SES_01039,Category,2025-11-08 05:51:51
EVT_002387,SES_01039,Product,2025-11-08 05:53:38
EVT_002388,SES_01040,landing,2025-10-08 04:51:43
EVT_002389,SES_01040,Category,2025-10-08 04:52:05
EVT_002390,SES_01040,Product,2025-10-08 04:53:09
EVT_002391,SES_01041,landing,2025-08-08 23:14:46
EVT_002392,SES_01041,Category,2025-08-08 23:15:43
EVT_002393,SES_01041,Product,2025-08-08 23:17:03
EVT_002394,SES_01041,Cart,2025-08-08 23:17:40
EVT_002395,SES_01041,Checkout,2025-08-08 23:19:22
EVT_002396,SES_01042,landing,2025-07-24 17:51:27
EVT_002397,SES_01042,Category,2025-07-24 17:51:48
EVT_002398,SES_01043,landing,2025-06-18 19:38:47
EVT_002399,SES_01043,Category,2025-06-18 19:39:28
EVT_002400,SES_01043,Product,2025-06-18 19:39:46
EVT_002401,SES_01044,landing,2025-10-28 00:17:35
EVT_002402,SES_01044,Category,2025-10-28 00:19:00
EVT_002403,SES_01044,Product,2025-10-28 00:20:54
EVT_002404,SES_01045,landing,2025-03-06 05:17:19
EVT_002405,SES_01046,landing,2025-07-14 11:13:56
EVT_002406,SES_01047,landing,2025-03-12 18:20:47
EVT_002407,SES_01047,Category,2025-03-12 18:21:08
EVT_002408,SES_01047,Product,2025-03-12 18:23:02
EVT_002409,SES_01047,Cart,2025-03-12 18:23:25
EVT_002410,SES_01047,Checkout,2025-03-12 18:24:54
EVT_002411,SES_01048,landing,2025-08-12 02:58:04
EVT_002412,SES_01048,Category,2025-08-12 02:59:48
EVT_002413,SES_01048,Product,2025-08-12 03:00:16
EVT_002414,SES_01049,landing,2025-05-17 02:38:02
EVT_002415,SES_01049,Category,2025-05-17 02:38:34
EVT_002416,SES_01049,Product,2025-05-17 02:40:26
EVT_002417,SES_01049,Cart,2025-05-17 02:42:15
EVT_002418,SES_01049,Checkout,2025-05-17 02:43:26
EVT_002419,SES_01050,landing,2025-07-21 04:18:06
EVT_002420,SES_01051,landing,2025-01-18 21:58:54
EVT_002421,SES_01051,Category,2025-01-18 22:00:29
EVT_002422,SES_01052,landing,2025-07-03 14:28:35
EVT_002423,SES_01052,Category,2025-07-03 14:29:28
EVT_002424,SES_01052,Product,2025-07-03 14:30:54
EVT_002425,SES_01053,landing,2025-07-24 01:30:16
EVT_002426,SES_01053,Category,2025-07-24 01:31:08
EVT_002427,SES_01054,landing,2025-09-26 10:34:57
EVT_002428,SES_01055,landing,2025-04-16 22:16:34
EVT_002429,SES_01056,landing,2025-09-11 18:12:19
EVT_002430,SES_01057,landing,2025-08-24 08:00:03
EVT_002431,SES_01057,Category,2025-08-24 08:00:59
EVT_002432,SES_01058,landing,2025-12-28 01:12:58
EVT_002433,SES_01058,Category,2025-12-28 01:13:20
EVT_002434,SES_01058,Product,2025-12-28 01:14:32
EVT_002435,SES_01058,Cart,2025-12-28 01:15:15
EVT_002436,SES_01059,landing,2025-04-28 23:42:50
EVT_002437,SES_01059,Category,2025-04-28 23:43:41
EVT_002438,SES_01059,Product,2025-04-28 23:45:22
EVT_002439,SES_01059,Cart,2025-04-28 23:47:01
EVT_002440,SES_01059,Checkout,2025-04-28 23:48:12
EVT_002441,SES_01059,Thank_you,2025-04-28 23:49:59
EVT_002442,SES_01060,landing,2025-11-18 07:50:16
EVT_002443,SES_01061,landing,2025-02-04 13:19:49
EVT_002444,SES_01062,landing,2025-06-05 12:19:32
EVT_002445,SES_01063,landing,2025-05-16 10:58:28
EVT_002446,SES_01064,landing,2025-06-30 05:19:35
EVT_002447,SES_01064,Category,2025-06-30 05:21:18
EVT_002448,SES_01065,landing,2025-12-11 09:51:34
EVT_002449,SES_01066,landing,2025-02-26 12:56:50
EVT_002450,SES_01067,landing,2025-02-22 17:02:48
EVT_002451,SES_01067,Category,2025-02-22 17:04:38
EVT_002452,SES_01067,Product,2025-02-22 17:06:02
EVT_002453,SES_01067,Cart,2025-02-22 17:07:43
EVT_002454,SES_01068,landing,2025-09-27 08:54:56
EVT_002455,SES_01068,Category,2025-09-27 08:55:31
EVT_002456,SES_01068,Product,2025-09-27 08:56:13
EVT_002457,SES_01068,Cart,2025-09-27 08:58:10
EVT_002458,SES_01068,Checkout,2025-09-27 08:58:38
EVT_002459,SES_01069,landing,2025-06-27 23:25:16
EVT_002460,SES_01069,Category,2025-06-27 23:25:59
EVT_002461,SES_01070,landing,2025-12-17 05:57:59
EVT_002462,SES_01070,Category,2025-12-17 05:59:15
EVT_002463,SES_01071,landing,2025-10-02 10:32:24
EVT_002464,SES_01071,Category,2025-10-02 10:34:19
EVT_002465,SES_01071,Product,2025-10-02 10:35:16
EVT_002466,SES_01072,landing,2025-02-25 08:39:29
EVT_002467,SES_01073,landing,2025-12-10 17:29:35
EVT_002468,SES_01074,landing,2025-07-08 21:36:23
EVT_002469,SES_01074,Category,2025-07-08 21:38:15
EVT_002470,SES_01075,landing,2025-01-03 06:42:00
EVT_002471,SES_01076,landing,2025-09-20 06:18:21
EVT_002472,SES_01076,Category,2025-09-20 06:19:24
EVT_002473,SES_01076,Product,2025-09-20 06:19:42
EVT_002474,SES_01076,Cart,2025-09-20 06:20:06
EVT_002475,SES_01076,Checkout,2025-09-20 06:21:42
EVT_002476,SES_01077,landing,2025-11-21 16:03:42
EVT_002477,SES_01077,Category,2025-11-21 16:04:32
EVT_002478,SES_01077,Product,2025-11-21 16:05:11
EVT_002479,SES_01078,landing,2025-02-25 03:12:11
EVT_002480,SES_01078,Category,2025-02-25 03:12:28
EVT_002481,SES_01078,Product,2025-02-25 03:13:16
EVT_002482,SES_01078,Cart,2025-02-25 03:14:09
EVT_002483,SES_01079,landing,2025-02-25 22:28:57
EVT_002484,SES_01079,Category,2025-02-25 22:29:56
EVT_002485,SES_01079,Product,2025-02-25 22:31:06
EVT_002486,SES_01080,landing,2025-08-06 19:02:21
EVT_002487,SES_01081,landing,2025-11-23 03:44:14
EVT_002488,SES_01082,landing,2025-10-01 10:42:37
EVT_002489,SES_01083,landing,2025-06-30 03:00:36
EVT_002490,SES_01083,Category,2025-06-30 03:01:56
EVT_002491,SES_01083,Product,2025-06-30 03:02:16
EVT_002492,SES_01084,landing,2025-05-20 07:17:16
EVT_002493,SES_01085,landing,2025-11-25 03:08:58
EVT_002494,SES_01085,Category,2025-11-25 03:10:23
EVT_002495,SES_01085,Product,2025-11-25 03:11:16
EVT_002496,SES_01085,Cart,2025-11-25 03:11:38
EVT_002497,SES_01085,Checkout,2025-11-25 03:13:26
EVT_002498,SES_01085,Thank_you,2025-11-25 03:14:48
EVT_002499,SES_01086,landing,2025-10-09 10:16:19
EVT_002500,SES_01086,Category,2025-10-09 10:16:45
EVT_002501,SES_01086,Product,2025-10-09 10:17:35
EVT_002502,SES_01086,Cart,2025-10-09 10:19:00
EVT_002503,SES_01087,landing,2025-07-18 13:54:42
EVT_002504,SES_01088,landing,2025-08-05 14:21:39
EVT_002505,SES_01088,Category,2025-08-05 14:23:28
EVT_002506,SES_01088,Product,2025-08-05 14:23:52
EVT_002507,SES_01088,Cart,2025-08-05 14:24:12
EVT_002508,SES_01089,landing,2025-05-03 19:34:41
EVT_002509,SES_01090,landing,2025-11-23 08:12:32
EVT_002510,SES_01090,Category,2025-11-23 08:13:05
EVT_002511,SES_01090,Product,2025-11-23 08:13:47
EVT_002512,SES_01090,Cart,2025-11-23 08:14:45
EVT_002513,SES_01091,landing,2025-02-01 16:52:33
EVT_002514,SES_01092,landing,2025-09-03 23:14:23
EVT_002515,SES_01092,Category,2025-09-03 23:16:08
EVT_002516,SES_01093,landing,2025-01-16 21:50:44
EVT_002517,SES_01094,landing,2025-07-04 12:33:27
EVT_002518,SES_01094,Category,2025-07-04 12:33:52
EVT_002519,SES_01094,Product,2025-07-04 12:35:18
EVT_002520,SES_01095,landing,2025-03-18 21:45:19
EVT_002521,SES_01095,Category,2025-03-18 21:45:56
EVT_002522,SES_01095,Product,2025-03-18 21:46:44
EVT_002523,SES_01096,landing,2025-01-14 07:41:41
EVT_002524,SES_01096,Category,2025-01-14 07:42:18
EVT_002525,SES_01096,Product,2025-01-14 07:42:49
EVT_002526,SES_01096,Cart,2025-01-14 07:43:50
EVT_002527,SES_01096,Checkout,2025-01-14 07:44:47
EVT_002528,SES_01097,landing,2025-01-12 19:35:02
EVT_002529,SES_01098,landing,2025-12-12 19:41:19
EVT_002530,SES_01098,Category,2025-12-12 19:42:51
EVT_002531,SES_01098,Product,2025-12-12 19:43:24
EVT_002532,SES_01098,Cart,2025-12-12 19:44:40
EVT_002533,SES_01098,Checkout,2025-12-12 19:46:34
EVT_002534,SES_01099,landing,2025-05-16 23:07:46
EVT_002535,SES_01099,Category,2025-05-16 23:09:06
EVT_002536,SES_01100,landing,2025-05-29 08:13:46
EVT_002537,SES_01101,landing,2025-10-14 00:10:46
EVT_002538,SES_01101,Category,2025-10-14 00:11:30
EVT_002539,SES_01101,Product,2025-10-14 00:12:20
EVT_002540,SES_01102,landing,2025-06-24 19:46:05
EVT_002541,SES_01103,landing,2025-03-18 07:09:04
EVT_002542,SES_01104,landing,2025-01-19 15:09:03
EVT_002543,SES_01105,landing,2025-04-04 17:01:36
EVT_002544,SES_01105,Category,2025-04-04 17:02:13
EVT_002545,SES_01106,landing,2025-09-23 10:12:10
EVT_002546,SES_01107,landing,2025-04-09 16:30:11
EVT_002547,SES_01107,Category,2025-04-09 16:31:14
EVT_002548,SES_01108,landing,2025-04-24 19:51:47
EVT_002549,SES_01109,landing,2025-02-24 10:19:06
EVT_002550,SES_01109,Category,2025-02-24 10:20:18
EVT_002551,SES_01110,landing,2025-05-07 15:59:26
EVT_002552,SES_01111,landing,2025-01-16 15:15:30
EVT_002553,SES_01111,Category,2025-01-16 15:16:13
EVT_002554,SES_01111,Product,2025-01-16 15:17:33
EVT_002555,SES_01112,landing,2025-10-19 12:27:50
EVT_002556,SES_01113,landing,2025-12-09 14:53:20
EVT_002557,SES_01113,Category,2025-12-09 14:54:37
EVT_002558,SES_01113,Product,2025-12-09 14:56:36
EVT_002559,SES_01113,Cart,2025-12-09 14:56:56
EVT_002560,SES_01113,Checkout,2025-12-09 14:57:14
EVT_002561,SES_01114,landing,2025-09-17 00:55:12
EVT_002562,SES_01114,Category,2025-09-17 00:56:39
EVT_002563,SES_01114,Product,2025-09-17 00:57:43
EVT_002564,SES_01115,landing,2025-12-25 07:25:12
EVT_002565,SES_01115,Category,2025-12-25 07:25:40
EVT_002566,SES_01115,Product,2025-12-25 07:27:38
EVT_002567,SES_01115,Cart,2025-12-25 07:28:37
EVT_002568,SES_01116,landing,2025-10-28 22:55:00
EVT_002569,SES_01116,Category,2025-10-28 22:55:21
EVT_002570,SES_01117,landing,2025-05-20 21:34:17
EVT_002571,SES_01118,landing,2025-09-28 16:13:44
EVT_002572,SES_01118,Category,2025-09-28 16:14:19
EVT_002573,SES_01119,landing,2025-10-17 18:23:44
EVT_002574,SES_01120,landing,2025-10-22 12:39:06
EVT_002575,SES_01121,landing,2025-11-01 04:53:13
EVT_002576,SES_01121,Category,2025-11-01 04:54:06
EVT_002577,SES_01121,Product,2025-11-01 04:54:32
EVT_002578,SES_01122,landing,2025-11-24 19:59:28
EVT_002579,SES_01123,landing,2025-03-01 22:48:41
EVT_002580,SES_01124,landing,2025-05-29 00:52:40
EVT_002581,SES_01124,Category,2025-05-29 00:53:12
EVT_002582,SES_01124,Product,2025-05-29 00:54:05
EVT_002583,SES_01124,Cart,2025-05-29 00:54:51
EVT_002584,SES_01124,Checkout,2025-05-29 00:56:06
EVT_002585,SES_01125,landing,2025-08-02 15:13:01
EVT_002586,SES_01125,Category,2025-08-02 15:14:54
EVT_002587,SES_01125,Product,2025-08-02 15:16:33
EVT_002588,SES_01126,landing,2025-11-08 07:33:57
EVT_002589,SES_01126,Category,2025-11-08 07:34:29
EVT_002590,SES_01126,Product,2025-11-08 07:35:11
EVT_002591,SES_01126,Cart,2025-11-08 07:36:37
EVT_002592,SES_01126,Checkout,2025-11-08 07:38:12
EVT_002593,SES_01127,landing,2025-06-03 17:38:04
EVT_002594,SES_01128,landing,2025-05-03 04:36:33
EVT_002595,SES_01128,Category,2025-05-03 04:38:25
EVT_002596,SES_01128,Product,2025-05-03 04:39:48
EVT_002597,SES_01128,Cart,2025-05-03 04:40:03
EVT_002598,SES_01128,Checkout,2025-05-03 04:40:36
EVT_002599,SES_01128,Thank_you,2025-05-03 04:42:09
EVT_002600,SES_01129,landing,2025-10-08 12:07:26
EVT_002601,SES_01129,Category,2025-10-08 12:08:55
EVT_002602,SES_01129,Product,2025-10-08 12:09:19
EVT_002603,SES_01130,landing,2025-05-09 11:14:12
EVT_002604,SES_01131,landing,2025-03-29 19:52:19
EVT_002605,SES_01131,Category,2025-03-29 19:53:34
EVT_002606,SES_01131,Product,2025-03-29 19:55:01
EVT_002607,SES_01132,landing,2025-10-07 15:54:24
EVT_002608,SES_01132,Category,2025-10-07 15:55:19
EVT_002609,SES_01133,landing,2025-01-07 20:32:22
EVT_002610,SES_01133,Category,2025-01-07 20:34:04
EVT_002611,SES_01134,landing,2025-11-18 11:26:38
EVT_002612,SES_01135,landing,2025-10-13 08:19:18
EVT_002613,SES_01136,landing,2025-11-05 05:20:52
EVT_002614,SES_01136,Category,2025-11-05 05:22:33
EVT_002615,SES_01136,Product,2025-11-05 05:23:50
EVT_002616,SES_01137,landing,2025-07-27 20:16:15
EVT_002617,SES_01137,Category,2025-07-27 20:16:47
EVT_002618,SES_01138,landing,2025-11-11 11:24:59
EVT_002619,SES_01138,Category,2025-11-11 11:26:01
EVT_002620,SES_01138,Product,2025-11-11 11:27:32
EVT_002621,SES_01138,Cart,2025-11-11 11:28:42
EVT_002622,SES_01139,landing,2025-04-23 11:40:31
EVT_002623,SES_01139,Category,2025-04-23 11:41:08
EVT_002624,SES_01139,Product,2025-04-23 11:41:39
EVT_002625,SES_01139,Cart,2025-04-23 11:42:23
EVT_002626,SES_01140,landing,2025-09-16 09:24:43
EVT_002627,SES_01141,landing,2025-01-30 19:55:26
EVT_002628,SES_01142,landing,2025-09-14 06:11:01
EVT_002629,SES_01142,Category,2025-09-14 06:12:57
EVT_002630,SES_01142,Product,2025-09-14 06:13:59
EVT_002631,SES_01142,Cart,2025-09-14 06:14:19
EVT_002632,SES_01142,Checkout,2025-09-14 06:15:23
EVT_002633,SES_01143,landing,2025-02-04 14:22:41
EVT_002634,SES_01144,landing,2025-02-16 22:02:00
EVT_002635,SES_01145,landing,2025-05-04 07:35:24
EVT_002636,SES_01146,landing,2025-05-07 05:47:05
EVT_002637,SES_01146,Category,2025-05-07 05:48:25
EVT_002638,SES_01146,Product,2025-05-07 05:49:40
EVT_002639,SES_01147,landing,2025-12-14 05:02:49
EVT_002640,SES_01147,Category,2025-12-14 05:03:28
EVT_002641,SES_01148,landing,2025-11-30 19:46:10
EVT_002642,SES_01149,landing,2025-10-05 19:43:01
EVT_002643,SES_01149,Category,2025-10-05 19:43:19
EVT_002644,SES_01149,Product,2025-10-05 19:45:16
EVT_002645,SES_01149,Cart,2025-10-05 19:46:45
EVT_002646,SES_01149,Checkout,2025-10-05 19:48:00
EVT_002647,SES_01150,landing,2025-03-16 03:56:09
EVT_002648,SES_01151,landing,2025-04-22 21:37:22
EVT_002649,SES_01151,Category,2025-04-22 21:39:11
EVT_002650,SES_01151,Product,2025-04-22 21:40:11
EVT_002651,SES_01152,landing,2025-12-18 09:54:12
EVT_002652,SES_01152,Category,2025-12-18 09:56:11
EVT_002653,SES_01153,landing,2025-10-02 14:33:11
EVT_002654,SES_01154,landing,2025-04-15 11:03:24
EVT_002655,SES_01155,landing,2025-09-20 22:02:20
EVT_002656,SES_01155,Category,2025-09-20 22:02:56
EVT_002657,SES_01155,Product,2025-09-20 22:03:19
EVT_002658,SES_01156,landing,2025-06-21 06:06:11
EVT_002659,SES_01156,Category,2025-06-21 06:07:45
EVT_002660,SES_01156,Product,2025-06-21 06:09:29
EVT_002661,SES_01157,landing,2025-03-10 23:23:11
EVT_002662,SES_01158,landing,2025-07-03 03:17:32
EVT_002663,SES_01158,Category,2025-07-03 03:18:16
EVT_002664,SES_01158,Product,2025-07-03 03:19:34
EVT_002665,SES_01158,Cart,2025-07-03 03:21:09
EVT_002666,SES_01158,Checkout,2025-07-03 03:23:04
EVT_002667,SES_01159,landing,2025-09-05 16:01:07
EVT_002668,SES_01160,landing,2025-03-19 16:24:42
EVT_002669,SES_01160,Category,2025-03-19 16:25:31
EVT_002670,SES_01161,landing,2025-08-09 07:48:56
EVT_002671,SES_01161,Category,2025-08-09 07:50:03
EVT_002672,SES_01162,landing,2025-04-20 00:41:35
EVT_002673,SES_01163,landing,2025-10-11 17:50:49
EVT_002674,SES_01163,Category,2025-10-11 17:51:11
EVT_002675,SES_01163,Product,2025-10-11 17:52:48
EVT_002676,SES_01163,Cart,2025-10-11 17:53:59
EVT_002677,SES_01164,landing,2025-10-04 02:00:29
EVT_002678,SES_01165,landing,2025-12-09 03:29:37
EVT_002679,SES_01165,Category,2025-12-09 03:30:35
EVT_002680,SES_01166,landing,2025-03-06 03:31:42
EVT_002681,SES_01167,landing,2025-05-09 19:45:20
EVT_002682,SES_01167,Category,2025-05-09 19:46:21
EVT_002683,SES_01168,landing,2025-07-13 15:23:13
EVT_002684,SES_01169,landing,2025-07-03 10:10:37
EVT_002685,SES_01169,Category,2025-07-03 10:11:46
EVT_002686,SES_01170,landing,2025-03-25 16:18:18
EVT_002687,SES_01171,landing,2025-11-06 19:20:05
EVT_002688,SES_01172,landing,2025-11-02 08:54:54
EVT_002689,SES_01172,Category,2025-11-02 08:55:12
EVT_002690,SES_01172,Product,2025-11-02 08:55:34
EVT_002691,SES_01172,Cart,2025-11-02 08:57:22
EVT_002692,SES_01173,landing,2025-12-18 20:25:15
EVT_002693,SES_01173,Category,2025-12-18 20:26:58
EVT_002694,SES_01173,Product,2025-12-18 20:28:36
EVT_002695,SES_01173,Cart,2025-12-18 20:28:57
EVT_002696,SES_01173,Checkout,2025-12-18 20:29:22
EVT_002697,SES_01174,landing,2025-02-22 18:55:10
EVT_002698,SES_01174,Category,2025-02-22 18:56:41
EVT_002699,SES_01175,landing,2025-10-01 01:45:28
EVT_002700,SES_01176,landing,2025-08-28 21:48:42
EVT_002701,SES_01177,landing,2025-03-14 11:05:16
EVT_002702,SES_01178,landing,2025-12-23 17:11:07
EVT_002703,SES_01178,Category,2025-12-23 17:11:49
EVT_002704,SES_01178,Product,2025-12-23 17:13:40
EVT_002705,SES_01178,Cart,2025-12-23 17:14:35
EVT_002706,SES_01178,Checkout,2025-12-23 17:15:36
EVT_002707,SES_01178,Thank_you,2025-12-23 17:17:19
EVT_002708,SES_01179,landing,2025-05-13 19:03:03
EVT_002709,SES_01179,Category,2025-05-13 19:04:29
EVT_002710,SES_01180,landing,2025-09-19 20:41:25
EVT_002711,SES_01180,Category,2025-09-19 20:43:01
EVT_002712,SES_01180,Product,2025-09-19 20:43:58
EVT_002713,SES_01180,Cart,2025-09-19 20:44:26
EVT_002714,SES_01181,landing,2025-12-23 16:48:31
EVT_002715,SES_01182,landing,2025-03-30 06:31:47
EVT_002716,SES_01182,Category,2025-03-30 06:33:01
EVT_002717,SES_01183,landing,2025-08-28 14:11:56
EVT_002718,SES_01183,Category,2025-08-28 14:12:18
EVT_002719,SES_01183,Product,2025-08-28 14:13:20
EVT_002720,SES_01183,Cart,2025-08-28 14:14:16
EVT_002721,SES_01183,Checkout,2025-08-28 14:15:08
EVT_002722,SES_01183,Thank_you,2025-08-28 14:17:06
EVT_002723,SES_01184,landing,2025-08-13 21:36:21
EVT_002724,SES_01185,landing,2025-05-08 20:53:23
EVT_002725,SES_01186,landing,2025-09-10 23:04:34
EVT_002726,SES_01186,Category,2025-09-10 23:04:56
EVT_002727,SES_01187,landing,2025-06-27 07:52:53
EVT_002728,SES_01188,landing,2025-11-19 02:01:10
EVT_002729,SES_01188,Category,2025-11-19 02:02:03
EVT_002730,SES_01188,Product,2025-11-19 02:04:01
EVT_002731,SES_01188,Cart,2025-11-19 02:04:24
EVT_002732,SES_01188,Checkout,2025-11-19 02:05:36
EVT_002733,SES_01188,Thank_you,2025-11-19 02:06:15
EVT_002734,SES_01189,landing,2025-11-29 07:39:49
EVT_002735,SES_01189,Category,2025-11-29 07:40:54
EVT_002736,SES_01189,Product,2025-11-29 07:41:36
EVT_002737,SES_01190,landing,2025-07-25 20:20:52
EVT_002738,SES_01190,Category,2025-07-25 20:22:15
EVT_002739,SES_01190,Product,2025-07-25 20:23:47
EVT_002740,SES_01191,landing,2025-09-26 04:00:02
EVT_002741,SES_01192,landing,2025-10-23 09:44:59
EVT_002742,SES_01193,landing,2025-01-21 02:09:20
EVT_002743,SES_01193,Category,2025-01-21 02:10:06
EVT_002744,SES_01194,landing,2025-07-13 05:29:06
EVT_002745,SES_01194,Category,2025-07-13 05:31:01
EVT_002746,SES_01194,Product,2025-07-13 05:32:58
EVT_002747,SES_01195,landing,2025-03-31 01:51:17
EVT_002748,SES_01196,landing,2025-01-18 07:00:24
EVT_002749,SES_01197,landing,2025-06-07 04:47:15
EVT_002750,SES_01198,landing,2025-01-19 13:16:53
EVT_002751,SES_01199,landing,2025-11-08 08:19:49
EVT_002752,SES_01199,Category,2025-11-08 08:20:35
EVT_002753,SES_01199,Product,2025-11-08 08:21:13
EVT_002754,SES_01199,Cart,2025-11-08 08:23:02
EVT_002755,SES_01200,landing,2025-04-22 14:39:20
EVT_002756,SES_01200,Category,2025-04-22 14:39:54
EVT_002757,SES_01200,Product,2025-04-22 14:40:47
EVT_002758,SES_01200,Cart,2025-04-22 14:41:23
EVT_002759,SES_01200,Checkout,2025-04-22 14:42:44
EVT_002760,SES_01201,landing,2025-03-07 20:55:44
EVT_002761,SES_01202,landing,2025-10-06 02:46:05
EVT_002762,SES_01202,Category,2025-10-06 02:46:59
EVT_002763,SES_01202,Product,2025-10-06 02:47:53
EVT_002764,SES_01202,Cart,2025-10-06 02:48:37
EVT_002765,SES_01203,landing,2025-08-27 14:23:42
EVT_002766,SES_01203,Category,2025-08-27 14:25:06
EVT_002767,SES_01204,landing,2025-10-26 22:41:45
EVT_002768,SES_01205,landing,2025-04-22 16:10:05
EVT_002769,SES_01205,Category,2025-04-22 16:11:06
EVT_002770,SES_01205,Product,2025-04-22 16:12:54
EVT_002771,SES_01206,landing,2025-07-23 11:08:50
EVT_002772,SES_01206,Category,2025-07-23 11:09:46
EVT_002773,SES_01206,Product,2025-07-23 11:11:44
EVT_002774,SES_01207,landing,2025-10-25 17:50:51
EVT_002775,SES_01207,Category,2025-10-25 17:52:42
EVT_002776,SES_01207,Product,2025-10-25 17:53:05
EVT_002777,SES_01208,landing,2025-05-24 21:29:27
EVT_002778,SES_01208,Category,2025-05-24 21:30:39
EVT_002779,SES_01209,landing,2025-12-04 22:04:18
EVT_002780,SES_01210,landing,2025-10-31 01:35:13
EVT_002781,SES_01210,Category,2025-10-31 01:36:36
EVT_002782,SES_01210,Product,2025-10-31 01:37:19
EVT_002783,SES_01210,Cart,2025-10-31 01:37:44
EVT_002784,SES_01210,Checkout,2025-10-31 01:39:35
EVT_002785,SES_01211,landing,2025-02-15 20:46:37
EVT_002786,SES_01211,Category,2025-02-15 20:48:35
EVT_002787,SES_01212,landing,2025-09-15 01:30:35
EVT_002788,SES_01213,landing,2025-07-14 18:45:05
EVT_002789,SES_01214,landing,2025-01-11 03:24:32
EVT_002790,SES_01214,Category,2025-01-11 03:25:30
EVT_002791,SES_01214,Product,2025-01-11 03:26:43
EVT_002792,SES_01214,Cart,2025-01-11 03:28:32
EVT_002793,SES_01215,landing,2025-07-24 00:51:12
EVT_002794,SES_01216,landing,2025-06-16 07:06:21
EVT_002795,SES_01217,landing,2025-05-17 14:29:28
EVT_002796,SES_01217,Category,2025-05-17 14:31:22
EVT_002797,SES_01218,landing,2025-04-10 23:00:30
EVT_002798,SES_01219,landing,2025-07-18 09:16:01
EVT_002799,SES_01220,landing,2025-03-26 13:55:09
EVT_002800,SES_01220,Category,2025-03-26 13:56:10
EVT_002801,SES_01220,Product,2025-03-26 13:57:16
EVT_002802,SES_01221,landing,2025-05-19 07:50:53
EVT_002803,SES_01222,landing,2025-01-26 14:50:14
EVT_002804,SES_01222,Category,2025-01-26 14:51:16
EVT_002805,SES_01222,Product,2025-01-26 14:53:09
EVT_002806,SES_01222,Cart,2025-01-26 14:54:58
EVT_002807,SES_01223,landing,2025-11-23 12:14:59
EVT_002808,SES_01224,landing,2025-10-24 09:17:38
EVT_002809,SES_01225,landing,2025-03-05 15:57:47
EVT_002810,SES_01225,Category,2025-03-05 15:58:59
EVT_002811,SES_01225,Product,2025-03-05 16:00:53
EVT_002812,SES_01225,Cart,2025-03-05 16:01:11
EVT_002813,SES_01226,landing,2025-08-14 10:16:51
EVT_002814,SES_01226,Category,2025-08-14 10:18:38
EVT_002815,SES_01226,Product,2025-08-14 10:19:53
EVT_002816,SES_01227,landing,2025-12-15 19:03:01
EVT_002817,SES_01227,Category,2025-12-15 19:04:42
EVT_002818,SES_01227,Product,2025-12-15 19:05:38
EVT_002819,SES_01227,Cart,2025-12-15 19:06:52
EVT_002820,SES_01227,Checkout,2025-12-15 19:08:19
EVT_002821,SES_01228,landing,2025-10-27 05:52:32
EVT_002822,SES_01229,landing,2025-08-27 13:49:03
EVT_002823,SES_01230,landing,2025-03-16 08:59:38
EVT_002824,SES_01230,Category,2025-03-16 09:01:11
EVT_002825,SES_01230,Product,2025-03-16 09:03:00
EVT_002826,SES_01231,landing,2025-12-29 05:11:01
EVT_002827,SES_01231,Category,2025-12-29 05:12:19
EVT_002828,SES_01231,Product,2025-12-29 05:12:59
EVT_002829,SES_01232,landing,2025-04-02 02:38:26
EVT_002830,SES_01233,landing,2025-09-08 18:16:57
EVT_002831,SES_01234,landing,2025-10-28 06:13:52
EVT_002832,SES_01234,Category,2025-10-28 06:14:20
EVT_002833,SES_01234,Product,2025-10-28 06:16:10
EVT_002834,SES_01235,landing,2025-11-10 10:06:00
EVT_002835,SES_01236,landing,2025-09-28 10:23:03
EVT_002836,SES_01236,Category,2025-09-28 10:24:55
EVT_002837,SES_01236,Product,2025-09-28 10:26:43
EVT_002838,SES_01236,Cart,2025-09-28 10:27:00
EVT_002839,SES_01237,landing,2025-01-28 17:06:54
EVT_002840,SES_01237,Category,2025-01-28 17:07:40
EVT_002841,SES_01238,landing,2025-03-28 11:02:35
EVT_002842,SES_01238,Category,2025-03-28 11:03:49
EVT_002843,SES_01239,landing,2025-06-07 10:08:19
EVT_002844,SES_01239,Category,2025-06-07 10:10:05
EVT_002845,SES_01240,landing,2025-09-03 13:14:36
EVT_002846,SES_01241,landing,2025-09-21 20:25:52
EVT_002847,SES_01242,landing,2025-10-22 15:50:12
EVT_002848,SES_01242,Category,2025-10-22 15:51:47
EVT_002849,SES_01243,landing,2025-02-27 10:42:29
EVT_002850,SES_01244,landing,2025-04-11 18:16:31
EVT_002851,SES_01245,landing,2025-04-28 06:06:53
EVT_002852,SES_01245,Category,2025-04-28 06:08:27
EVT_002853,SES_01245,Product,2025-04-28 06:09:03
EVT_002854,SES_01245,Cart,2025-04-28 06:09:51
EVT_002855,SES_01246,landing,2025-02-21 11:48:03
EVT_002856,SES_01247,landing,2025-01-18 01:29:57
EVT_002857,SES_01247,Category,2025-01-18 01:31:39
EVT_002858,SES_01247,Product,2025-01-18 01:32:48
EVT_002859,SES_01247,Cart,2025-01-18 01:34:32
EVT_002860,SES_01247,Checkout,2025-01-18 01:35:53
EVT_002861,SES_01248,landing,2025-11-24 19:45:23
EVT_002862,SES_01249,landing,2025-10-05 05:37:54
EVT_002863,SES_01249,Category,2025-10-05 05:38:18
EVT_002864,SES_01249,Product,2025-10-05 05:38:54
EVT_002865,SES_01250,landing,2025-08-15 17:22:19
EVT_002866,SES_01250,Category,2025-08-15 17:23:59
EVT_002867,SES_01251,landing,2025-03-22 04:05:52
EVT_002868,SES_01251,Category,2025-03-22 04:06:36
EVT_002869,SES_01252,landing,2025-03-20 05:58:53
EVT_002870,SES_01252,Category,2025-03-20 06:00:49
EVT_002871,SES_01252,Product,2025-03-20 06:01:33
EVT_002872,SES_01252,Cart,2025-03-20 06:02:42
EVT_002873,SES_01252,Checkout,2025-03-20 06:03:53
EVT_002874,SES_01253,landing,2025-04-16 01:25:43
EVT_002875,SES_01253,Category,2025-04-16 01:26:20
EVT_002876,SES_01253,Product,2025-04-16 01:27:56
EVT_002877,SES_01254,landing,2025-03-02 02:56:52
EVT_002878,SES_01255,landing,2025-01-05 18:29:42
EVT_002879,SES_01256,landing,2025-08-06 02:22:28
EVT_002880,SES_01256,Category,2025-08-06 02:23:36
EVT_002881,SES_01257,landing,2025-01-16 23:38:26
EVT_002882,SES_01257,Category,2025-01-16 23:39:07
EVT_002883,SES_01257,Product,2025-01-16 23:40:13
EVT_002884,SES_01257,Cart,2025-01-16 23:40:51
EVT_002885,SES_01258,landing,2025-12-24 11:56:12
EVT_002886,SES_01258,Category,2025-12-24 11:56:37
EVT_002887,SES_01258,Product,2025-12-24 11:57:59
EVT_002888,SES_01259,landing,2025-04-10 09:28:16
EVT_002889,SES_01260,landing,2025-03-10 03:40:20
EVT_002890,SES_01261,landing,2025-10-17 18:23:57
EVT_002891,SES_01262,landing,2025-02-20 05:26:11
EVT_002892,SES_01262,Category,2025-02-20 05:27:01
EVT_002893,SES_01263,landing,2025-06-17 05:15:41
EVT_002894,SES_01264,landing,2025-04-09 14:31:38
EVT_002895,SES_01264,Category,2025-04-09 14:32:54
EVT_002896,SES_01265,landing,2025-04-23 13:25:34
EVT_002897,SES_01266,landing,2025-04-15 13:56:20
EVT_002898,SES_01266,Category,2025-04-15 13:57:02
EVT_002899,SES_01266,Product,2025-04-15 13:58:54
EVT_002900,SES_01266,Cart,2025-04-15 14:00:22
EVT_002901,SES_01266,Checkout,2025-04-15 14:00:57
EVT_002902,SES_01267,landing,2025-12-16 03:30:46
EVT_002903,SES_01268,landing,2025-08-21 07:44:34
EVT_002904,SES_01268,Category,2025-08-21 07:45:00
EVT_002905,SES_01269,landing,2025-01-03 23:49:20
EVT_002906,SES_01269,Category,2025-01-03 23:49:44
EVT_002907,SES_01269,Product,2025-01-03 23:51:41
EVT_002908,SES_01269,Cart,2025-01-03 23:51:57
EVT_002909,SES_01270,landing,2025-01-31 03:27:40
EVT_002910,SES_01270,Category,2025-01-31 03:29:27
EVT_002911,SES_01270,Product,2025-01-31 03:30:51
EVT_002912,SES_01270,Cart,2025-01-31 03:32:32
EVT_002913,SES_01270,Checkout,2025-01-31 03:34:04
EVT_002914,SES_01271,landing,2025-01-05 14:31:26
EVT_002915,SES_01272,landing,2025-03-23 08:00:06
EVT_002916,SES_01272,Category,2025-03-23 08:01:47
EVT_002917,SES_01272,Product,2025-03-23 08:02:13
EVT_002918,SES_01273,landing,2025-04-24 07:45:10
EVT_002919,SES_01274,landing,2025-09-29 13:14:10
EVT_002920,SES_01274,Category,2025-09-29 13:15:50
EVT_002921,SES_01274,Product,2025-09-29 13:16:37
EVT_002922,SES_01274,Cart,2025-09-29 13:17:54
EVT_002923,SES_01275,landing,2025-08-13 15:11:07
EVT_002924,SES_01276,landing,2025-01-18 04:24:48
EVT_002925,SES_01277,landing,2025-06-14 23:12:43
EVT_002926,SES_01277,Category,2025-06-14 23:14:18
EVT_002927,SES_01278,landing,2025-08-26 18:13:54
EVT_002928,SES_01278,Category,2025-08-26 18:15:38
EVT_002929,SES_01279,landing,2025-08-13 13:40:13
EVT_002930,SES_01280,landing,2025-09-11 23:22:33
EVT_002931,SES_01281,landing,2025-11-08 19:55:33
EVT_002932,SES_01281,Category,2025-11-08 19:57:22
EVT_002933,SES_01281,Product,2025-11-08 19:57:39
EVT_002934,SES_01281,Cart,2025-11-08 19:59:27
EVT_002935,SES_01281,Checkout,2025-11-08 20:00:47
EVT_002936,SES_01282,landing,2025-04-28 23:50:38
EVT_002937,SES_01283,landing,2025-03-27 14:09:44
EVT_002938,SES_01283,Category,2025-03-27 14:11:23
EVT_002939,SES_01284,landing,2025-07-30 14:52:30
EVT_002940,SES_01284,Category,2025-07-30 14:54:09
EVT_002941,SES_01284,Product,2025-07-30 14:54:25
EVT_002942,SES_01284,Cart,2025-07-30 14:55:08
EVT_002943,SES_01284,Checkout,2025-07-30 14:55:44
EVT_002944,SES_01284,Thank_you,2025-07-30 14:56:52
EVT_002945,SES_01285,landing,2025-05-11 20:40:17
EVT_002946,SES_01285,Category,2025-05-11 20:41:11
EVT_002947,SES_01286,landing,2025-11-03 04:26:41
EVT_002948,SES_01286,Category,2025-11-03 04:28:26
EVT_002949,SES_01286,Product,2025-11-03 04:29:30
EVT_002950,SES_01286,Cart,2025-11-03 04:30:06
EVT_002951,SES_01286,Checkout,2025-11-03 04:30:33
EVT_002952,SES_01287,landing,2025-07-09 15:34:57
EVT_002953,SES_01287,Category,2025-07-09 15:35:54
EVT_002954,SES_01287,Product,2025-07-09 15:36:48
EVT_002955,SES_01288,landing,2025-03-04 16:14:16
EVT_002956,SES_01289,landing,2025-05-23 22:01:48
EVT_002957,SES_01289,Category,2025-05-23 22:03:18
EVT_002958,SES_01290,landing,2025-11-20 15:09:17
EVT_002959,SES_01290,Category,2025-11-20 15:10:34
EVT_002960,SES_01291,landing,2025-07-05 18:11:30
EVT_002961,SES_01291,Category,2025-07-05 18:12:15
EVT_002962,SES_01292,landing,2025-01-12 16:51:04
EVT_002963,SES_01293,landing,2025-10-12 08:12:32
EVT_002964,SES_01294,landing,2025-07-23 23:24:36
EVT_002965,SES_01295,landing,2025-08-15 20:31:55
EVT_002966,SES_01296,landing,2025-11-25 20:41:33
EVT_002967,SES_01296,Category,2025-11-25 20:41:54
EVT_002968,SES_01297,landing,2025-11-18 12:16:03
EVT_002969,SES_01297,Category,2025-11-18 12:16:52
EVT_002970,SES_01297,Product,2025-11-18 12:17:57
EVT_002971,SES_01297,Cart,2025-11-18 12:18:29
EVT_002972,SES_01298,landing,2025-10-22 14:12:07
EVT_002973,SES_01298,Category,2025-10-22 14:14:02
EVT_002974,SES_01299,landing,2025-02-22 17:05:11
EVT_002975,SES_01299,Category,2025-02-22 17:06:26
EVT_002976,SES_01299,Product,2025-02-22 17:07:11
EVT_002977,SES_01299,Cart,2025-02-22 17:08:16
EVT_002978,SES_01300,landing,2025-10-21 19:32:24
EVT_002979,SES_01300,Category,2025-10-21 19:32:50
EVT_002980,SES_01300,Product,2025-10-21 19:33:28
EVT_002981,SES_01301,landing,2025-08-03 02:53:57
EVT_002982,SES_01302,landing,2025-02-21 14:16:49
EVT_002983,SES_01303,landing,2025-11-29 22:27:14
EVT_002984,SES_01303,Category,2025-11-29 22:29:05
EVT_002985,SES_01303,Product,2025-11-29 22:30:07
EVT_002986,SES_01303,Cart,2025-11-29 22:30:56
EVT_002987,SES_01303,Checkout,2025-11-29 22:32:15
EVT_002988,SES_01303,Thank_you,2025-11-29 22:32:46
EVT_002989,SES_01304,landing,2025-06-16 10:46:54
EVT_002990,SES_01304,Category,2025-06-16 10:48:29
EVT_002991,SES_01305,landing,2025-09-13 09:19:31
EVT_002992,SES_01305,Category,2025-09-13 09:19:46
EVT_002993,SES_01305,Product,2025-09-13 09:20:03
EVT_002994,SES_01306,landing,2025-10-08 16:30:52
EVT_002995,SES_01307,landing,2025-12-27 08:07:33
EVT_002996,SES_01307,Category,2025-12-27 08:08:50
EVT_002997,SES_01308,landing,2025-04-01 00:31:28
EVT_002998,SES_01309,landing,2025-03-05 05:04:09
EVT_002999,SES_01310,landing,2025-08-29 16:00:43
EVT_003000,SES_01310,Category,2025-08-29 16:01:52
EVT_003001,SES_01310,Product,2025-08-29 16:02:14
EVT_003002,SES_01310,Cart,2025-08-29 16:04:05
EVT_003003,SES_01311,landing,2025-09-12 00:47:00
EVT_003004,SES_01311,Category,2025-09-12 00:48:23
EVT_003005,SES_01312,landing,2025-08-02 08:33:31
EVT_003006,SES_01312,Category,2025-08-02 08:34:52
EVT_003007,SES_01313,landing,2025-11-16 05:38:25
EVT_003008,SES_01314,landing,2025-10-01 02:06:13
EVT_003009,SES_01314,Category,2025-10-01 02:06:39
EVT_003010,SES_01315,landing,2025-02-12 16:25:22
EVT_003011,SES_01316,landing,2025-05-25 22:36:29
EVT_003012,SES_01316,Category,2025-05-25 22:36:59
EVT_003013,SES_01317,landing,2025-04-12 10:42:23
EVT_003014,SES_01317,Category,2025-04-12 10:43:46
EVT_003015,SES_01317,Product,2025-04-12 10:45:45
EVT_003016,SES_01317,Cart,2025-04-12 10:46:04
EVT_003017,SES_01317,Checkout,2025-04-12 10:47:38
EVT_003018,SES_01318,landing,2025-08-17 00:14:16
EVT_003019,SES_01318,Category,2025-08-17 00:16:12
EVT_003020,SES_01318,Product,2025-08-17 00:16:36
EVT_003021,SES_01319,landing,2025-05-27 12:46:58
EVT_003022,SES_01319,Category,2025-05-27 12:48:08
EVT_003023,SES_01319,Product,2025-05-27 12:49:55
EVT_003024,SES_01320,landing,2025-09-02 09:42:49
EVT_003025,SES_01320,Category,2025-09-02 09:44:07
EVT_003026,SES_01320,Product,2025-09-02 09:45:01
EVT_003027,SES_01320,Cart,2025-09-02 09:46:02
EVT_003028,SES_01321,landing,2025-11-27 08:52:00
EVT_003029,SES_01321,Category,2025-11-27 08:53:31
EVT_003030,SES_01322,landing,2025-11-06 13:22:37
EVT_003031,SES_01322,Category,2025-11-06 13:23:30
EVT_003032,SES_01323,landing,2025-12-08 00:08:54
EVT_003033,SES_01323,Category,2025-12-08 00:09:39
EVT_003034,SES_01324,landing,2025-10-25 01:55:29
EVT_003035,SES_01324,Category,2025-10-25 01:56:31
EVT_003036,SES_01325,landing,2025-02-23 19:49:41
EVT_003037,SES_01325,Category,2025-02-23 19:50:43
EVT_003038,SES_01325,Product,2025-02-23 19:51:17
EVT_003039,SES_01326,landing,2025-01-05 02:01:58
EVT_003040,SES_01326,Category,2025-01-05 02:03:27
EVT_003041,SES_01327,landing,2025-05-22 04:53:24
EVT_003042,SES_01328,landing,2025-02-20 17:10:03
EVT_003043,SES_01329,landing,2025-03-05 23:29:45
EVT_003044,SES_01329,Category,2025-03-05 23:31:03
EVT_003045,SES_01330,landing,2025-06-01 19:47:10
EVT_003046,SES_01330,Category,2025-06-01 19:48:21
EVT_003047,SES_01330,Product,2025-06-01 19:49:58
EVT_003048,SES_01331,landing,2025-12-30 17:08:57
EVT_003049,SES_01332,landing,2025-09-21 02:31:46
EVT_003050,SES_01332,Category,2025-09-21 02:33:38
EVT_003051,SES_01333,landing,2025-10-05 19:43:18
EVT_003052,SES_01333,Category,2025-10-05 19:43:53
EVT_003053,SES_01333,Product,2025-10-05 19:44:14
EVT_003054,SES_01333,Cart,2025-10-05 19:44:48
EVT_003055,SES_01333,Checkout,2025-10-05 19:46:44
EVT_003056,SES_01333,Thank_you,2025-10-05 19:47:49
EVT_003057,SES_01334,landing,2025-12-03 03:55:19
EVT_003058,SES_01334,Category,2025-12-03 03:55:56
EVT_003059,SES_01335,landing,2025-03-04 03:25:52
EVT_003060,SES_01335,Category,2025-03-04 03:26:35
EVT_003061,SES_01336,landing,2025-12-10 20:45:11
EVT_003062,SES_01336,Category,2025-12-10 20:46:20
EVT_003063,SES_01337,landing,2025-10-21 14:15:00
EVT_003064,SES_01337,Category,2025-10-21 14:16:11
EVT_003065,SES_01337,Product,2025-10-21 14:17:32
EVT_003066,SES_01337,Cart,2025-10-21 14:18:15
EVT_003067,SES_01338,landing,2025-04-21 00:49:31
EVT_003068,SES_01338,Category,2025-04-21 00:50:04
EVT_003069,SES_01338,Product,2025-04-21 00:50:40
EVT_003070,SES_01339,landing,2025-01-11 13:04:00
EVT_003071,SES_01339,Category,2025-01-11 13:05:12
EVT_003072,SES_01339,Product,2025-01-11 13:05:57
EVT_003073,SES_01339,Cart,2025-01-11 13:07:23
EVT_003074,SES_01340,landing,2025-05-29 06:43:15
EVT_003075,SES_01340,Category,2025-05-29 06:44:44
EVT_003076,SES_01340,Product,2025-05-29 06:45:38
EVT_003077,SES_01340,Cart,2025-05-29 06:46:33
EVT_003078,SES_01341,landing,2025-02-01 09:52:56
EVT_003079,SES_01341,Category,2025-02-01 09:53:20
EVT_003080,SES_01342,landing,2025-12-30 13:16:58
EVT_003081,SES_01342,Category,2025-12-30 13:18:25
EVT_003082,SES_01342,Product,2025-12-30 13:19:54
EVT_003083,SES_01343,landing,2025-05-10 01:48:54
EVT_003084,SES_01344,landing,2025-05-30 12:57:20
EVT_003085,SES_01344,Category,2025-05-30 12:58:18
EVT_003086,SES_01345,landing,2025-08-29 12:28:04
EVT_003087,SES_01345,Category,2025-08-29 12:29:56
EVT_003088,SES_01345,Product,2025-08-29 12:30:38
EVT_003089,SES_01345,Cart,2025-08-29 12:32:25
EVT_003090,SES_01345,Checkout,2025-08-29 12:33:22
EVT_003091,SES_01345,Thank_you,2025-08-29 12:33:39
EVT_003092,SES_01346,landing,2025-10-14 22:54:25
EVT_003093,SES_01346,Category,2025-10-14 22:55:59
EVT_003094,SES_01347,landing,2025-05-14 18:19:42
EVT_003095,SES_01347,Category,2025-05-14 18:21:14
EVT_003096,SES_01347,Product,2025-05-14 18:22:31
EVT_003097,SES_01348,landing,2025-11-02 09:31:11
EVT_003098,SES_01348,Category,2025-11-02 09:32:48
EVT_003099,SES_01348,Product,2025-11-02 09:34:32
EVT_003100,SES_01349,landing,2025-09-13 03:35:35
EVT_003101,SES_01349,Category,2025-09-13 03:35:57
EVT_003102,SES_01350,landing,2025-12-08 12:57:33
EVT_003103,SES_01351,landing,2025-07-22 21:50:57
EVT_003104,SES_01351,Category,2025-07-22 21:52:19
EVT_003105,SES_01351,Product,2025-07-22 21:52:52
EVT_003106,SES_01351,Cart,2025-07-22 21:54:03
EVT_003107,SES_01351,Checkout,2025-07-22 21:55:57
EVT_003108,SES_01352,landing,2025-09-14 08:53:14
EVT_003109,SES_01353,landing,2025-05-13 08:43:05
EVT_003110,SES_01354,landing,2025-10-05 07:35:35
EVT_003111,SES_01354,Category,2025-10-05 07:36:36
EVT_003112,SES_01354,Product,2025-10-05 07:37:12
EVT_003113,SES_01354,Cart,2025-10-05 07:37:32
EVT_003114,SES_01354,Checkout,2025-10-05 07:38:05
EVT_003115,SES_01354,Thank_you,2025-10-05 07:39:15
EVT_003116,SES_01355,landing,2025-09-17 09:24:15
EVT_003117,SES_01356,landing,2025-12-16 04:04:41
EVT_003118,SES_01357,landing,2025-01-23 06:57:04
EVT_003119,SES_01358,landing,2025-07-05 02:34:33
EVT_003120,SES_01358,Category,2025-07-05 02:35:46
EVT_003121,SES_01358,Product,2025-07-05 02:37:10
EVT_003122,SES_01358,Cart,2025-07-05 02:37:46
EVT_003123,SES_01358,Checkout,2025-07-05 02:38:10
EVT_003124,SES_01359,landing,2025-05-21 11:50:28
EVT_003125,SES_01359,Category,2025-05-21 11:51:24
EVT_003126,SES_01359,Product,2025-05-21 11:53:19
EVT_003127,SES_01360,landing,2025-03-10 14:36:27
EVT_003128,SES_01360,Category,2025-03-10 14:37:59
EVT_003129,SES_01360,Product,2025-03-10 14:39:55
EVT_003130,SES_01360,Cart,2025-03-10 14:41:44
EVT_003131,SES_01361,landing,2025-01-15 23:31:41
EVT_003132,SES_01362,landing,2025-05-29 02:16:26
EVT_003133,SES_01362,Category,2025-05-29 02:17:32
EVT_003134,SES_01362,Product,2025-05-29 02:18:42
EVT_003135,SES_01362,Cart,2025-05-29 02:19:59
EVT_003136,SES_01362,Checkout,2025-05-29 02:20:54
EVT_003137,SES_01363,landing,2025-10-16 21:21:27
EVT_003138,SES_01363,Category,2025-10-16 21:23:25
EVT_003139,SES_01363,Product,2025-10-16 21:24:51
EVT_003140,SES_01363,Cart,2025-10-16 21:26:18
EVT_003141,SES_01364,landing,2025-10-19 10:14:36
EVT_003142,SES_01364,Category,2025-10-19 10:14:57
EVT_003143,SES_01365,landing,2025-03-21 02:12:20
EVT_003144,SES_01365,Category,2025-03-21 02:13:42
EVT_003145,SES_01366,landing,2025-05-22 07:02:47
EVT_003146,SES_01366,Category,2025-05-22 07:03:54
EVT_003147,SES_01366,Product,2025-05-22 07:05:33
EVT_003148,SES_01367,landing,2025-12-15 02:49:50
EVT_003149,SES_01367,Category,2025-12-15 02:51:44
EVT_003150,SES_01367,Product,2025-12-15 02:52:20
EVT_003151,SES_01367,Cart,2025-12-15 02:53:47
EVT_003152,SES_01368,landing,2025-02-18 18:21:16
EVT_003153,SES_01368,Category,2025-02-18 18:21:49
EVT_003154,SES_01369,landing,2025-11-11 08:15:02
EVT_003155,SES_01369,Category,2025-11-11 08:16:39
EVT_003156,SES_01369,Product,2025-11-11 08:17:21
EVT_003157,SES_01369,Cart,2025-11-11 08:18:33
EVT_003158,SES_01369,Checkout,2025-11-11 08:20:08
EVT_003159,SES_01369,Thank_you,2025-11-11 08:21:30
EVT_003160,SES_01370,landing,2025-12-23 02:26:33
EVT_003161,SES_01371,landing,2025-03-11 15:10:06
EVT_003162,SES_01371,Category,2025-03-11 15:10:28
EVT_003163,SES_01371,Product,2025-03-11 15:11:46
EVT_003164,SES_01371,Cart,2025-03-11 15:12:51
EVT_003165,SES_01372,landing,2025-08-16 12:25:09
EVT_003166,SES_01373,landing,2025-08-19 04:10:31
EVT_003167,SES_01373,Category,2025-08-19 04:11:58
EVT_003168,SES_01373,Product,2025-08-19 04:13:11
EVT_003169,SES_01373,Cart,2025-08-19 04:13:40
EVT_003170,SES_01374,landing,2025-12-05 14:09:44
EVT_003171,SES_01375,landing,2025-07-09 14:24:32
EVT_003172,SES_01375,Category,2025-07-09 14:26:26
EVT_003173,SES_01375,Product,2025-07-09 14:26:49
EVT_003174,SES_01376,landing,2025-09-26 08:24:43
EVT_003175,SES_01376,Category,2025-09-26 08:26:23
EVT_003176,SES_01376,Product,2025-09-26 08:27:15
EVT_003177,SES_01376,Cart,2025-09-26 08:28:19
EVT_003178,SES_01377,landing,2025-02-04 12:25:24
EVT_003179,SES_01378,landing,2025-09-08 02:14:58
EVT_003180,SES_01379,landing,2025-07-09 09:14:41
EVT_003181,SES_01380,landing,2025-08-26 10:55:01
EVT_003182,SES_01380,Category,2025-08-26 10:56:00
EVT_003183,SES_01381,landing,2025-06-08 23:08:27
EVT_003184,SES_01382,landing,2025-11-11 02:46:52
EVT_003185,SES_01382,Category,2025-11-11 02:47:43
EVT_003186,SES_01382,Product,2025-11-11 02:48:53
EVT_003187,SES_01382,Cart,2025-11-11 02:50:08
EVT_003188,SES_01382,Checkout,2025-11-11 02:51:12
EVT_003189,SES_01383,landing,2025-05-03 14:06:22
EVT_003190,SES_01383,Category,2025-05-03 14:07:46
EVT_003191,SES_01383,Product,2025-05-03 14:08:44
EVT_003192,SES_01383,Cart,2025-05-03 14:09:47
EVT_003193,SES_01383,Checkout,2025-05-03 14:11:21
EVT_003194,SES_01384,landing,2025-06-23 01:09:16
EVT_003195,SES_01384,Category,2025-06-23 01:09:40
EVT_003196,SES_01385,landing,2025-06-20 22:44:40
EVT_003197,SES_01386,landing,2025-05-12 03:42:58
EVT_003198,SES_01387,landing,2025-08-07 10:39:51
EVT_003199,SES_01388,landing,2025-05-08 04:49:00
EVT_003200,SES_01388,Category,2025-05-08 04:50:35
EVT_003201,SES_01389,landing,2025-09-05 05:56:57
EVT_003202,SES_01389,Category,2025-09-05 05:58:46
EVT_003203,SES_01390,landing,2025-01-09 15:56:20
EVT_003204,SES_01390,Category,2025-01-09 15:58:11
EVT_003205,SES_01391,landing,2025-08-10 21:43:39
EVT_003206,SES_01392,landing,2025-04-28 11:16:03
EVT_003207,SES_01393,landing,2025-04-26 13:41:34
EVT_003208,SES_01393,Category,2025-04-26 13:42:19
EVT_003209,SES_01393,Product,2025-04-26 13:43:02
EVT_003210,SES_01394,landing,2025-03-11 06:45:47
EVT_003211,SES_01395,landing,2025-10-27 17:39:15
EVT_003212,SES_01396,landing,2025-08-21 11:14:11
EVT_003213,SES_01397,landing,2025-04-17 02:06:54
EVT_003214,SES_01398,landing,2025-01-28 08:23:30
EVT_003215,SES_01398,Category,2025-01-28 08:24:45
EVT_003216,SES_01398,Product,2025-01-28 08:26:42
EVT_003217,SES_01398,Cart,2025-01-28 08:27:24
EVT_003218,SES_01399,landing,2025-10-03 10:12:47
EVT_003219,SES_01399,Category,2025-10-03 10:13:38
EVT_003220,SES_01399,Product,2025-10-03 10:15:35
EVT_003221,SES_01399,Cart,2025-10-03 10:16:04
EVT_003222,SES_01400,landing,2025-05-26 14:43:47
EVT_003223,SES_01400,Category,2025-05-26 14:45:37
EVT_003224,SES_01400,Product,2025-05-26 14:45:59
EVT_003225,SES_01401,landing,2025-06-08 01:39:34
EVT_003226,SES_01402,landing,2025-01-12 07:19:41
EVT_003227,SES_01402,Category,2025-01-12 07:21:38
EVT_003228,SES_01403,landing,2025-12-18 13:36:40
EVT_003229,SES_01403,Category,2025-12-18 13:37:33
EVT_003230,SES_01404,landing,2025-09-03 09:02:12
EVT_003231,SES_01404,Category,2025-09-03 09:03:33
EVT_003232,SES_01404,Product,2025-09-03 09:05:27
EVT_003233,SES_01404,Cart,2025-09-03 09:06:13
EVT_003234,SES_01405,landing,2025-07-25 17:07:43
EVT_003235,SES_01405,Category,2025-07-25 17:08:53
EVT_003236,SES_01405,Product,2025-07-25 17:10:01
EVT_003237,SES_01405,Cart,2025-07-25 17:11:50
EVT_003238,SES_01405,Checkout,2025-07-25 17:12:57
EVT_003239,SES_01406,landing,2025-10-09 06:45:11
EVT_003240,SES_01407,landing,2025-11-19 10:43:59
EVT_003241,SES_01407,Category,2025-11-19 10:44:19
EVT_003242,SES_01408,landing,2025-09-20 19:46:41
EVT_003243,SES_01408,Category,2025-09-20 19:46:58
EVT_003244,SES_01408,Product,2025-09-20 19:48:33
EVT_003245,SES_01408,Cart,2025-09-20 19:49:20
EVT_003246,SES_01409,landing,2025-11-25 02:40:19
EVT_003247,SES_01410,landing,2025-02-22 02:31:53
EVT_003248,SES_01410,Category,2025-02-22 02:33:09
EVT_003249,SES_01411,landing,2025-01-09 16:36:31
EVT_003250,SES_01411,Category,2025-01-09 16:37:36
EVT_003251,SES_01412,landing,2025-05-18 02:38:41
EVT_003252,SES_01413,landing,2025-07-27 04:51:37
EVT_003253,SES_01414,landing,2025-08-08 10:52:52
EVT_003254,SES_01415,landing,2025-11-08 02:06:19
EVT_003255,SES_01416,landing,2025-02-22 20:44:01
EVT_003256,SES_01416,Category,2025-02-22 20:44:46
EVT_003257,SES_01417,landing,2025-12-26 15:39:38
EVT_003258,SES_01417,Category,2025-12-26 15:41:12
EVT_003259,SES_01417,Product,2025-12-26 15:42:22
EVT_003260,SES_01418,landing,2025-12-12 12:09:09
EVT_003261,SES_01418,Category,2025-12-12 12:10:01
EVT_003262,SES_01419,landing,2025-11-27 01:30:58
EVT_003263,SES_01420,landing,2025-11-09 20:02:17
EVT_003264,SES_01421,landing,2025-05-16 02:05:42
EVT_003265,SES_01421,Category,2025-05-16 02:06:11
EVT_003266,SES_01421,Product,2025-05-16 02:07:59
EVT_003267,SES_01422,landing,2025-10-20 23:15:21
EVT_003268,SES_01422,Category,2025-10-20 23:17:12
EVT_003269,SES_01422,Product,2025-10-20 23:18:05
EVT_003270,SES_01423,landing,2025-05-07 16:39:16
EVT_003271,SES_01424,landing,2025-11-07 10:03:22
EVT_003272,SES_01425,landing,2025-03-29 10:22:59
EVT_003273,SES_01426,landing,2025-05-28 07:21:42
EVT_003274,SES_01427,landing,2025-09-01 11:22:17
EVT_003275,SES_01428,landing,2025-11-11 06:44:07
EVT_003276,SES_01429,landing,2025-01-26 14:01:04
EVT_003277,SES_01430,landing,2025-08-09 22:19:17
EVT_003278,SES_01430,Category,2025-08-09 22:20:19
EVT_003279,SES_01431,landing,2025-11-12 11:46:56
EVT_003280,SES_01432,landing,2025-01-05 05:07:44
EVT_003281,SES_01432,Category,2025-01-05 05:08:46
EVT_003282,SES_01432,Product,2025-01-05 05:09:08
EVT_003283,SES_01432,Cart,2025-01-05 05:10:51
EVT_003284,SES_01433,landing,2025-04-10 19:48:56
EVT_003285,SES_01434,landing,2025-03-05 13:01:42
EVT_003286,SES_01435,landing,2025-07-07 11:32:07
EVT_003287,SES_01436,landing,2025-10-24 08:17:44
EVT_003288,SES_01437,landing,2025-04-21 23:44:39
EVT_003289,SES_01437,Category,2025-04-21 23:45:24
EVT_003290,SES_01437,Product,2025-04-21 23:45:44
EVT_003291,SES_01438,landing,2025-01-12 21:19:31
EVT_003292,SES_01438,Category,2025-01-12 21:21:16
EVT_003293,SES_01439,landing,2025-04-19 12:33:37
EVT_003294,SES_01439,Category,2025-04-19 12:35:27
EVT_003295,SES_01440,landing,2025-10-07 02:26:44
EVT_003296,SES_01440,Category,2025-10-07 02:28:42
EVT_003297,SES_01440,Product,2025-10-07 02:30:00
EVT_003298,SES_01440,Cart,2025-10-07 02:31:20
EVT_003299,SES_01441,landing,2025-05-11 17:35:31
EVT_003300,SES_01442,landing,2025-03-05 18:26:44
EVT_003301,SES_01442,Category,2025-03-05 18:28:18
EVT_003302,SES_01442,Product,2025-03-05 18:28:35
EVT_003303,SES_01443,landing,2025-10-08 03:53:51
EVT_003304,SES_01444,landing,2025-08-26 01:27:14
EVT_003305,SES_01444,Category,2025-08-26 01:28:06
EVT_003306,SES_01444,Product,2025-08-26 01:28:24
EVT_003307,SES_01445,landing,2025-05-03 21:20:21
EVT_003308,SES_01445,Category,2025-05-03 21:22:18
EVT_003309,SES_01445,Product,2025-05-03 21:23:11
EVT_003310,SES_01445,Cart,2025-05-03 21:24:16
EVT_003311,SES_01446,landing,2025-10-01 18:31:43
EVT_003312,SES_01446,Category,2025-10-01 18:33:17
EVT_003313,SES_01447,landing,2025-02-20 03:10:49
EVT_003314,SES_01448,landing,2025-12-20 01:27:24
EVT_003315,SES_01448,Category,2025-12-20 01:27:47
EVT_003316,SES_01448,Product,2025-12-20 01:29:04
EVT_003317,SES_01448,Cart,2025-12-20 01:29:50
EVT_003318,SES_01449,landing,2025-08-19 05:14:05
EVT_003319,SES_01449,Category,2025-08-19 05:14:58
EVT_003320,SES_01450,landing,2025-12-14 13:52:45
EVT_003321,SES_01451,landing,2025-08-03 01:05:55
EVT_003322,SES_01451,Category,2025-08-03 01:06:42
EVT_003323,SES_01451,Product,2025-08-03 01:08:19
EVT_003324,SES_01451,Cart,2025-08-03 01:09:27
EVT_003325,SES_01451,Checkout,2025-08-03 01:10:18
EVT_003326,SES_01451,Thank_you,2025-08-03 01:10:43
EVT_003327,SES_01452,landing,2025-06-24 19:02:25
EVT_003328,SES_01452,Category,2025-06-24 19:03:06
EVT_003329,SES_01452,Product,2025-06-24 19:03:40
EVT_003330,SES_01452,Cart,2025-06-24 19:04:27
EVT_003331,SES_01453,landing,2025-07-28 18:58:48
EVT_003332,SES_01453,Category,2025-07-28 18:59:09
EVT_003333,SES_01453,Product,2025-07-28 18:59:40
EVT_003334,SES_01454,landing,2025-07-29 14:00:52
EVT_003335,SES_01454,Category,2025-07-29 14:02:49
EVT_003336,SES_01454,Product,2025-07-29 14:04:12
EVT_003337,SES_01454,Cart,2025-07-29 14:05:49
EVT_003338,SES_01454,Checkout,2025-07-29 14:07:38
EVT_003339,SES_01455,landing,2025-04-07 09:51:05
EVT_003340,SES_01455,Category,2025-04-07 09:51:39
EVT_003341,SES_01456,landing,2025-12-07 21:19:19
EVT_003342,SES_01457,landing,2025-01-09 22:03:34
EVT_003343,SES_01458,landing,2025-08-07 12:10:42
EVT_003344,SES_01459,landing,2025-10-13 21:06:55
EVT_003345,SES_01460,landing,2025-07-26 19:32:29
EVT_003346,SES_01461,landing,2025-06-03 02:04:17
EVT_003347,SES_01461,Category,2025-06-03 02:04:44
EVT_003348,SES_01461,Product,2025-06-03 02:05:36
EVT_003349,SES_01461,Cart,2025-06-03 02:06:07
EVT_003350,SES_01461,Checkout,2025-06-03 02:07:49
EVT_003351,SES_01462,landing,2025-07-03 03:12:35
EVT_003352,SES_01462,Category,2025-07-03 03:13:45
EVT_003353,SES_01462,Product,2025-07-03 03:14:06
EVT_003354,SES_01463,landing,2025-01-31 21:54:15
EVT_003355,SES_01463,Category,2025-01-31 21:55:05
EVT_003356,SES_01464,landing,2025-11-16 08:00:33
EVT_003357,SES_01464,Category,2025-11-16 08:02:24
EVT_003358,SES_01465,landing,2025-03-15 15:21:39
EVT_003359,SES_01465,Category,2025-03-15 15:22:00
EVT_003360,SES_01465,Product,2025-03-15 15:23:33
EVT_003361,SES_01466,landing,2025-03-29 10:03:59
EVT_003362,SES_01466,Category,2025-03-29 10:05:10
EVT_003363,SES_01466,Product,2025-03-29 10:05:40
EVT_003364,SES_01467,landing,2025-04-13 22:27:57
EVT_003365,SES_01468,landing,2025-06-03 00:24:45
EVT_003366,SES_01468,Category,2025-06-03 00:26:07
EVT_003367,SES_01469,landing,2025-05-28 18:21:49
EVT_003368,SES_01469,Category,2025-05-28 18:22:32
EVT_003369,SES_01470,landing,2025-08-29 09:25:17
EVT_003370,SES_01470,Category,2025-08-29 09:26:12
EVT_003371,SES_01470,Product,2025-08-29 09:27:26
EVT_003372,SES_01470,Cart,2025-08-29 09:27:41
EVT_003373,SES_01470,Checkout,2025-08-29 09:29:02
EVT_003374,SES_01470,Thank_you,2025-08-29 09:30:03
EVT_003375,SES_01471,landing,2025-10-27 12:34:38
EVT_003376,SES_01471,Category,2025-10-27 12:34:59
EVT_003377,SES_01471,Product,2025-10-27 12:36:33
EVT_003378,SES_01471,Cart,2025-10-27 12:37:05
EVT_003379,SES_01471,Checkout,2025-10-27 12:38:56
EVT_003380,SES_01472,landing,2025-04-02 12:26:37
EVT_003381,SES_01472,Category,2025-04-02 12:28:03
EVT_003382,SES_01472,Product,2025-04-02 12:29:55
EVT_003383,SES_01472,Cart,2025-04-02 12:31:02
EVT_003384,SES_01472,Checkout,2025-04-02 12:31:41
EVT_003385,SES_01473,landing,2025-01-16 17:38:56
EVT_003386,SES_01473,Category,2025-01-16 17:40:16
EVT_003387,SES_01474,landing,2025-03-21 08:57:58
EVT_003388,SES_01475,landing,2025-01-17 22:32:02
EVT_003389,SES_01476,landing,2025-05-05 21:30:19
EVT_003390,SES_01476,Category,2025-05-05 21:30:48
EVT_003391,SES_01477,landing,2025-10-03 14:31:23
EVT_003392,SES_01477,Category,2025-10-03 14:31:50
EVT_003393,SES_01477,Product,2025-10-03 14:32:07
EVT_003394,SES_01478,landing,2025-11-25 23:05:30
EVT_003395,SES_01478,Category,2025-11-25 23:06:04
EVT_003396,SES_01479,landing,2025-02-01 00:39:14
EVT_003397,SES_01480,landing,2025-03-04 15:09:41
EVT_003398,SES_01481,landing,2025-09-06 16:05:22
EVT_003399,SES_01481,Category,2025-09-06 16:05:43
EVT_003400,SES_01481,Product,2025-09-06 16:06:08
EVT_003401,SES_01482,landing,2025-10-13 05:17:37
EVT_003402,SES_01483,landing,2025-01-13 19:02:26
EVT_003403,SES_01484,landing,2025-08-27 02:32:36
EVT_003404,SES_01484,Category,2025-08-27 02:33:10
EVT_003405,SES_01484,Product,2025-08-27 02:33:56
EVT_003406,SES_01485,landing,2025-05-09 11:29:13
EVT_003407,SES_01485,Category,2025-05-09 11:29:59
EVT_003408,SES_01486,landing,2025-12-06 15:43:21
EVT_003409,SES_01487,landing,2025-10-21 16:17:59
EVT_003410,SES_01488,landing,2025-09-25 11:31:46
EVT_003411,SES_01488,Category,2025-09-25 11:33:02
EVT_003412,SES_01488,Product,2025-09-25 11:33:49
EVT_003413,SES_01489,landing,2025-11-16 17:10:40
EVT_003414,SES_01489,Category,2025-11-16 17:11:57
EVT_003415,SES_01490,landing,2025-09-16 21:43:02
EVT_003416,SES_01491,landing,2025-01-31 23:39:17
EVT_003417,SES_01492,landing,2025-05-12 09:16:14
EVT_003418,SES_01492,Category,2025-05-12 09:17:34
EVT_003419,SES_01492,Product,2025-05-12 09:18:45
EVT_003420,SES_01492,Cart,2025-05-12 09:20:05
EVT_003421,SES_01492,Checkout,2025-05-12 09:21:31
EVT_003422,SES_01493,landing,2025-07-17 05:48:20
EVT_003423,SES_01493,Category,2025-07-17 05:50:17
EVT_003424,SES_01494,landing,2025-03-25 17:34:05
EVT_003425,SES_01494,Category,2025-03-25 17:34:29
EVT_003426,SES_01495,landing,2025-07-10 11:44:16
EVT_003427,SES_01496,landing,2025-10-10 16:08:00
EVT_003428,SES_01497,landing,2025-01-18 08:48:24
EVT_003429,SES_01497,Category,2025-01-18 08:50:13
EVT_003430,SES_01497,Product,2025-01-18 08:50:34
EVT_003431,SES_01497,Cart,2025-01-18 08:50:52
EVT_003432,SES_01498,landing,2025-05-30 11:34:19
EVT_003433,SES_01498,Category,2025-05-30 11:35:30
EVT_003434,SES_01498,Product,2025-05-30 11:36:43
EVT_003435,SES_01498,Cart,2025-05-30 11:37:25
EVT_003436,SES_01499,landing,2025-12-08 22:33:37
EVT_003437,SES_01500,landing,2025-03-09 17:18:09
EVT_003438,SES_01500,Category,2025-03-09 17:18:31
EVT_003439,SES_01500,Product,2025-03-09 17:19:39
EVT_003440,SES_01501,landing,2025-07-28 17:23:24
EVT_003441,SES_01501,Category,2025-07-28 17:24:35
EVT_003442,SES_01501,Product,2025-07-28 17:25:15
EVT_003443,SES_01501,Cart,2025-07-28 17:26:23
EVT_003444,SES_01501,Checkout,2025-07-28 17:26:41
EVT_003445,SES_01502,landing,2025-10-20 03:29:57
EVT_003446,SES_01502,Category,2025-10-20 03:30:28
EVT_003447,SES_01502,Product,2025-10-20 03:32:03
EVT_003448,SES_01502,Cart,2025-10-20 03:33:23
EVT_003449,SES_01503,landing,2025-04-02 14:58:06
EVT_003450,SES_01503,Category,2025-04-02 14:59:35
EVT_003451,SES_01503,Product,2025-04-02 15:00:41
EVT_003452,SES_01503,Cart,2025-04-02 15:02:21
EVT_003453,SES_01503,Checkout,2025-04-02 15:02:52
EVT_003454,SES_01504,landing,2025-06-24 18:35:37
EVT_003455,SES_01504,Category,2025-06-24 18:37:16
EVT_003456,SES_01504,Product,2025-06-24 18:38:37
EVT_003457,SES_01505,landing,2025-09-03 00:26:14
EVT_003458,SES_01505,Category,2025-09-03 00:27:31
EVT_003459,SES_01506,landing,2025-02-06 00:27:03
EVT_003460,SES_01506,Category,2025-02-06 00:27:41
EVT_003461,SES_01507,landing,2025-02-13 00:52:45
EVT_003462,SES_01507,Category,2025-02-13 00:54:08
EVT_003463,SES_01507,Product,2025-02-13 00:55:34
EVT_003464,SES_01507,Cart,2025-02-13 00:57:15
EVT_003465,SES_01508,landing,2025-05-02 01:01:37
EVT_003466,SES_01508,Category,2025-05-02 01:02:56
EVT_003467,SES_01508,Product,2025-05-02 01:04:22
EVT_003468,SES_01509,landing,2025-06-26 21:21:29
EVT_003469,SES_01509,Category,2025-06-26 21:22:36
EVT_003470,SES_01509,Product,2025-06-26 21:24:22
EVT_003471,SES_01509,Cart,2025-06-26 21:25:56
EVT_003472,SES_01509,Checkout,2025-06-26 21:26:33
EVT_003473,SES_01510,landing,2025-09-11 11:12:54
EVT_003474,SES_01510,Category,2025-09-11 11:14:43
EVT_003475,SES_01511,landing,2025-01-05 02:27:22
EVT_003476,SES_01512,landing,2025-01-12 14:48:51
EVT_003477,SES_01513,landing,2025-02-27 16:48:04
EVT_003478,SES_01514,landing,2025-03-29 03:31:34
EVT_003479,SES_01515,landing,2025-06-12 21:16:06
EVT_003480,SES_01516,landing,2025-11-15 21:53:13
EVT_003481,SES_01517,landing,2025-03-08 18:47:54
EVT_003482,SES_01518,landing,2025-06-02 17:58:15
EVT_003483,SES_01518,Category,2025-06-02 18:00:09
EVT_003484,SES_01518,Product,2025-06-02 18:01:24
EVT_003485,SES_01519,landing,2025-07-16 04:49:59
EVT_003486,SES_01519,Category,2025-07-16 04:50:48
EVT_003487,SES_01520,landing,2025-08-10 12:24:05
EVT_003488,SES_01521,landing,2025-07-17 10:40:31
EVT_003489,SES_01521,Category,2025-07-17 10:41:43
EVT_003490,SES_01521,Product,2025-07-17 10:43:25
EVT_003491,SES_01522,landing,2025-05-30 10:29:44
EVT_003492,SES_01523,landing,2025-09-03 04:44:14
EVT_003493,SES_01524,landing,2025-12-06 01:58:40
EVT_003494,SES_01525,landing,2025-09-19 21:09:59
EVT_003495,SES_01525,Category,2025-09-19 21:11:31
EVT_003496,SES_01526,landing,2025-07-02 08:21:01
EVT_003497,SES_01527,landing,2025-04-22 01:12:43
EVT_003498,SES_01527,Category,2025-04-22 01:13:56
EVT_003499,SES_01528,landing,2025-10-04 06:27:44
EVT_003500,SES_01528,Category,2025-10-04 06:28:36
EVT_003501,SES_01528,Product,2025-10-04 06:29:23
EVT_003502,SES_01528,Cart,2025-10-04 06:29:49
EVT_003503,SES_01528,Checkout,2025-10-04 06:31:25
EVT_003504,SES_01529,landing,2025-11-20 23:31:10
EVT_003505,SES_01529,Category,2025-11-20 23:31:55
EVT_003506,SES_01530,landing,2025-08-16 21:19:50
EVT_003507,SES_01531,landing,2025-11-05 16:27:28
EVT_003508,SES_01532,landing,2025-03-30 23:20:40
EVT_003509,SES_01532,Category,2025-03-30 23:21:14
EVT_003510,SES_01532,Product,2025-03-30 23:23:06
EVT_003511,SES_01533,landing,2025-07-06 00:55:37
EVT_003512,SES_01534,landing,2025-10-24 11:54:11
EVT_003513,SES_01535,landing,2025-09-05 03:31:04
EVT_003514,SES_01535,Category,2025-09-05 03:31:46
EVT_003515,SES_01535,Product,2025-09-05 03:33:21
EVT_003516,SES_01536,landing,2025-06-07 02:04:18
EVT_003517,SES_01537,landing,2025-10-21 13:39:55
EVT_003518,SES_01537,Category,2025-10-21 13:41:20
EVT_003519,SES_01537,Product,2025-10-21 13:42:43
EVT_003520,SES_01538,landing,2025-04-15 03:06:38
EVT_003521,SES_01538,Category,2025-04-15 03:06:53
EVT_003522,SES_01538,Product,2025-04-15 03:07:08
EVT_003523,SES_01539,landing,2025-01-24 21:09:29
EVT_003524,SES_01540,landing,2025-12-08 23:19:08
EVT_003525,SES_01541,landing,2025-01-17 02:49:55
EVT_003526,SES_01541,Category,2025-01-17 02:51:21
EVT_003527,SES_01541,Product,2025-01-17 02:51:44
EVT_003528,SES_01541,Cart,2025-01-17 02:53:21
EVT_003529,SES_01542,landing,2025-09-04 11:39:43
EVT_003530,SES_01542,Category,2025-09-04 11:41:30
EVT_003531,SES_01542,Product,2025-09-04 11:43:20
EVT_003532,SES_01543,landing,2025-07-22 17:07:57
EVT_003533,SES_01543,Category,2025-07-22 17:08:19
EVT_003534,SES_01543,Product,2025-07-22 17:08:41
EVT_003535,SES_01543,Cart,2025-07-22 17:09:47
EVT_003536,SES_01543,Checkout,2025-07-22 17:11:00
EVT_003537,SES_01544,landing,2025-05-19 07:50:11
EVT_003538,SES_01544,Category,2025-05-19 07:50:47
EVT_003539,SES_01545,landing,2025-09-05 00:12:09
EVT_003540,SES_01545,Category,2025-09-05 00:13:41
EVT_003541,SES_01545,Product,2025-09-05 00:15:28
EVT_003542,SES_01545,Cart,2025-09-05 00:16:06
EVT_003543,SES_01545,Checkout,2025-09-05 00:16:30
EVT_003544,SES_01546,landing,2025-06-09 07:00:35
EVT_003545,SES_01546,Category,2025-06-09 07:01:22
EVT_003546,SES_01546,Product,2025-06-09 07:02:56
EVT_003547,SES_01547,landing,2025-11-21 07:57:02
EVT_003548,SES_01548,landing,2025-01-30 02:14:54
EVT_003549,SES_01548,Category,2025-01-30 02:16:22
EVT_003550,SES_01549,landing,2025-12-24 11:30:27
EVT_003551,SES_01550,landing,2025-01-06 12:09:20
EVT_003552,SES_01550,Category,2025-01-06 12:11:00
EVT_003553,SES_01551,landing,2025-05-29 06:16:33
EVT_003554,SES_01551,Category,2025-05-29 06:16:54
EVT_003555,SES_01551,Product,2025-05-29 06:18:53
EVT_003556,SES_01552,landing,2025-07-27 13:59:13
EVT_003557,SES_01552,Category,2025-07-27 14:00:13
EVT_003558,SES_01552,Product,2025-07-27 14:01:43
EVT_003559,SES_01552,Cart,2025-07-27 14:02:54
EVT_003560,SES_01552,Checkout,2025-07-27 14:04:46
EVT_003561,SES_01553,landing,2025-06-27 09:06:48
EVT_003562,SES_01554,landing,2025-12-11 03:02:40
EVT_003563,SES_01555,landing,2025-01-23 11:23:49
EVT_003564,SES_01555,Category,2025-01-23 11:24:17
EVT_003565,SES_01556,landing,2025-11-03 06:20:21
EVT_003566,SES_01556,Category,2025-11-03 06:21:29
EVT_003567,SES_01556,Product,2025-11-03 06:22:40
EVT_003568,SES_01556,Cart,2025-11-03 06:23:00
EVT_003569,SES_01557,landing,2025-11-26 06:54:56
EVT_003570,SES_01557,Category,2025-11-26 06:56:28
EVT_003571,SES_01557,Product,2025-11-26 06:57:13
EVT_003572,SES_01558,landing,2025-10-07 21:10:13
EVT_003573,SES_01558,Category,2025-10-07 21:12:06
EVT_003574,SES_01558,Product,2025-10-07 21:13:49
EVT_003575,SES_01559,landing,2025-12-18 01:25:31
EVT_003576,SES_01559,Category,2025-12-18 01:26:59
EVT_003577,SES_01560,landing,2025-09-13 13:49:49
EVT_003578,SES_01561,landing,2025-02-21 06:43:54
EVT_003579,SES_01561,Category,2025-02-21 06:45:46
EVT_003580,SES_01561,Product,2025-02-21 06:46:08
EVT_003581,SES_01562,landing,2025-10-26 17:36:58
EVT_003582,SES_01562,Category,2025-10-26 17:38:28
EVT_003583,SES_01562,Product,2025-10-26 17:38:45
EVT_003584,SES_01563,landing,2025-12-22 16:45:11
EVT_003585,SES_01563,Category,2025-12-22 16:46:44
EVT_003586,SES_01564,landing,2025-03-13 10:49:58
EVT_003587,SES_01564,Category,2025-03-13 10:51:17
EVT_003588,SES_01565,landing,2025-10-03 17:03:37
EVT_003589,SES_01566,landing,2025-08-24 17:53:51
EVT_003590,SES_01567,landing,2025-11-20 22:53:37
EVT_003591,SES_01568,landing,2025-08-23 01:05:14
EVT_003592,SES_01568,Category,2025-08-23 01:06:32
EVT_003593,SES_01568,Product,2025-08-23 01:06:50
EVT_003594,SES_01568,Cart,2025-08-23 01:08:26
EVT_003595,SES_01569,landing,2025-04-12 00:38:57
EVT_003596,SES_01570,landing,2025-02-21 07:40:48
EVT_003597,SES_01571,landing,2025-04-15 08:15:09
EVT_003598,SES_01572,landing,2025-05-26 18:50:30
EVT_003599,SES_01572,Category,2025-05-26 18:51:53
EVT_003600,SES_01572,Product,2025-05-26 18:53:22
EVT_003601,SES_01573,landing,2025-05-12 10:56:32
EVT_003602,SES_01573,Category,2025-05-12 10:56:59
EVT_003603,SES_01573,Product,2025-05-12 10:58:24
EVT_003604,SES_01574,landing,2025-09-26 15:49:09
EVT_003605,SES_01574,Category,2025-09-26 15:50:27
EVT_003606,SES_01574,Product,2025-09-26 15:50:50
EVT_003607,SES_01575,landing,2025-06-01 19:57:47
EVT_003608,SES_01576,landing,2025-01-30 23:16:16
EVT_003609,SES_01576,Category,2025-01-30 23:17:54
EVT_003610,SES_01576,Product,2025-01-30 23:18:58
EVT_003611,SES_01577,landing,2025-02-26 21:46:41
EVT_003612,SES_01577,Category,2025-02-26 21:48:26
EVT_003613,SES_01578,landing,2025-09-21 22:12:52
EVT_003614,SES_01578,Category,2025-09-21 22:13:19
EVT_003615,SES_01579,landing,2025-07-25 09:32:11
EVT_003616,SES_01580,landing,2025-09-12 01:38:16
EVT_003617,SES_01580,Category,2025-09-12 01:39:11
EVT_003618,SES_01580,Product,2025-09-12 01:40:36
EVT_003619,SES_01580,Cart,2025-09-12 01:42:35
EVT_003620,SES_01581,landing,2025-08-04 23:39:58
EVT_003621,SES_01582,landing,2025-07-14 20:40:42
EVT_003622,SES_01582,Category,2025-07-14 20:42:15
EVT_003623,SES_01583,landing,2025-07-29 05:40:28
EVT_003624,SES_01584,landing,2025-04-08 05:30:33
EVT_003625,SES_01585,landing,2025-11-10 13:00:21
EVT_003626,SES_01585,Category,2025-11-10 13:02:11
EVT_003627,SES_01585,Product,2025-11-10 13:04:01
EVT_003628,SES_01585,Cart,2025-11-10 13:05:39
EVT_003629,SES_01586,landing,2025-03-23 19:06:10
EVT_003630,SES_01586,Category,2025-03-23 19:08:01
EVT_003631,SES_01586,Product,2025-03-23 19:08:39
EVT_003632,SES_01587,landing,2025-05-13 13:36:19
EVT_003633,SES_01588,landing,2025-05-10 01:19:19
EVT_003634,SES_01589,landing,2025-05-03 18:12:04
EVT_003635,SES_01589,Category,2025-05-03 18:12:26
EVT_003636,SES_01590,landing,2025-09-13 01:10:48
EVT_003637,SES_01590,Category,2025-09-13 01:11:05
EVT_003638,SES_01590,Product,2025-09-13 01:11:42
EVT_003639,SES_01591,landing,2025-07-29 22:14:27
EVT_003640,SES_01591,Category,2025-07-29 22:15:48
EVT_003641,SES_01591,Product,2025-07-29 22:17:46
EVT_003642,SES_01591,Cart,2025-07-29 22:19:16
EVT_003643,SES_01591,Checkout,2025-07-29 22:20:49
EVT_003644,SES_01592,landing,2025-08-10 13:59:23
EVT_003645,SES_01592,Category,2025-08-10 13:59:43
EVT_003646,SES_01592,Product,2025-08-10 14:00:00
EVT_003647,SES_01593,landing,2025-10-12 22:52:37
EVT_003648,SES_01593,Category,2025-10-12 22:53:54
EVT_003649,SES_01594,landing,2025-02-26 12:40:45
EVT_003650,SES_01595,landing,2025-08-29 20:46:12
EVT_003651,SES_01595,Category,2025-08-29 20:46:47
EVT_003652,SES_01595,Product,2025-08-29 20:48:14
EVT_003653,SES_01595,Cart,2025-08-29 20:48:44
EVT_003654,SES_01595,Checkout,2025-08-29 20:49:10
EVT_003655,SES_01596,landing,2025-10-29 02:37:29
EVT_003656,SES_01596,Category,2025-10-29 02:38:08
EVT_003657,SES_01597,landing,2025-08-29 04:34:00
EVT_003658,SES_01598,landing,2025-01-19 07:16:00
EVT_003659,SES_01598,Category,2025-01-19 07:17:15
EVT_003660,SES_01599,landing,2025-01-09 04:33:01
EVT_003661,SES_01599,Category,2025-01-09 04:33:20
EVT_003662,SES_01599,Product,2025-01-09 04:34:02
EVT_003663,SES_01599,Cart,2025-01-09 04:35:56
EVT_003664,SES_01599,Checkout,2025-01-09 04:36:53
EVT_003665,SES_01599,Thank_you,2025-01-09 04:38:15
EVT_003666,SES_01600,landing,2025-10-23 11:53:13
EVT_003667,SES_01601,landing,2025-02-28 18:24:42
EVT_003668,SES_01601,Category,2025-02-28 18:25:08
EVT_003669,SES_01601,Product,2025-02-28 18:26:19
EVT_003670,SES_01602,landing,2025-08-14 04:15:39
EVT_003671,SES_01602,Category,2025-08-14 04:16:30
EVT_003672,SES_01602,Product,2025-08-14 04:17:55
EVT_003673,SES_01603,landing,2025-09-03 12:33:29
EVT_003674,SES_01603,Category,2025-09-03 12:34:56
EVT_003675,SES_01604,landing,2025-08-24 17:48:14
EVT_003676,SES_01604,Category,2025-08-24 17:49:52
EVT_003677,SES_01604,Product,2025-08-24 17:51:05
EVT_003678,SES_01604,Cart,2025-08-24 17:51:30
EVT_003679,SES_01605,landing,2025-10-06 18:45:02
EVT_003680,SES_01606,landing,2025-03-03 02:55:06
EVT_003681,SES_01606,Category,2025-03-03 02:56:41
EVT_003682,SES_01607,landing,2025-04-30 18:23:05
EVT_003683,SES_01607,Category,2025-04-30 18:24:03
EVT_003684,SES_01607,Product,2025-04-30 18:24:58
EVT_003685,SES_01608,landing,2025-02-02 02:30:49
EVT_003686,SES_01609,landing,2025-11-02 00:53:15
EVT_003687,SES_01610,landing,2025-07-06 07:39:35
EVT_003688,SES_01610,Category,2025-07-06 07:41:15
EVT_003689,SES_01610,Product,2025-07-06 07:42:01
EVT_003690,SES_01610,Cart,2025-07-06 07:42:30
EVT_003691,SES_01611,landing,2025-05-28 08:03:39
EVT_003692,SES_01611,Category,2025-05-28 08:04:46
EVT_003693,SES_01611,Product,2025-05-28 08:05:19
EVT_003694,SES_01612,landing,2025-06-15 15:36:42
EVT_003695,SES_01612,Category,2025-06-15 15:37:18
EVT_003696,SES_01612,Product,2025-06-15 15:39:17
EVT_003697,SES_01613,landing,2025-09-09 23:39:51
EVT_003698,SES_01613,Category,2025-09-09 23:40:33
EVT_003699,SES_01613,Product,2025-09-09 23:40:48
EVT_003700,SES_01613,Cart,2025-09-09 23:41:42
EVT_003701,SES_01613,Checkout,2025-09-09 23:42:59
EVT_003702,SES_01614,landing,2025-03-31 22:55:03
EVT_003703,SES_01614,Category,2025-03-31 22:55:35
EVT_003704,SES_01615,landing,2025-12-23 08:47:52
EVT_003705,SES_01615,Category,2025-12-23 08:49:21
EVT_003706,SES_01615,Product,2025-12-23 08:50:50
EVT_003707,SES_01616,landing,2025-08-24 19:40:12
EVT_003708,SES_01617,landing,2025-09-04 21:52:45
EVT_003709,SES_01618,landing,2025-03-07 14:50:51
EVT_003710,SES_01618,Category,2025-03-07 14:52:28
EVT_003711,SES_01619,landing,2025-06-17 23:01:14
EVT_003712,SES_01619,Category,2025-06-17 23:01:54
EVT_003713,SES_01619,Product,2025-06-17 23:03:03
EVT_003714,SES_01620,landing,2025-10-20 09:19:16
EVT_003715,SES_01621,landing,2025-10-02 11:25:35
EVT_003716,SES_01621,Category,2025-10-02 11:26:17
EVT_003717,SES_01622,landing,2025-05-10 18:36:46
EVT_003718,SES_01622,Category,2025-05-10 18:38:01
EVT_003719,SES_01623,landing,2025-07-11 19:43:56
EVT_003720,SES_01623,Category,2025-07-11 19:45:22
EVT_003721,SES_01623,Product,2025-07-11 19:47:06
EVT_003722,SES_01623,Cart,2025-07-11 19:48:45
EVT_003723,SES_01624,landing,2025-01-17 20:17:43
EVT_003724,SES_01625,landing,2025-03-23 02:31:15
EVT_003725,SES_01625,Category,2025-03-23 02:31:50
EVT_003726,SES_01625,Product,2025-03-23 02:33:19
EVT_003727,SES_01625,Cart,2025-03-23 02:33:51
EVT_003728,SES_01625,Checkout,2025-03-23 02:35:06
EVT_003729,SES_01626,landing,2025-10-31 12:02:10
EVT_003730,SES_01627,landing,2025-05-10 08:13:42
EVT_003731,SES_01628,landing,2025-03-04 17:15:41
EVT_003732,SES_01628,Category,2025-03-04 17:16:55
EVT_003733,SES_01628,Product,2025-03-04 17:18:44
EVT_003734,SES_01628,Cart,2025-03-04 17:19:34
EVT_003735,SES_01629,landing,2025-08-13 06:27:21
EVT_003736,SES_01629,Category,2025-08-13 06:29:05
EVT_003737,SES_01630,landing,2025-12-28 15:02:52
EVT_003738,SES_01630,Category,2025-12-28 15:04:36
EVT_003739,SES_01631,landing,2025-03-14 07:38:49
EVT_003740,SES_01632,landing,2025-04-04 02:24:47
EVT_003741,SES_01633,landing,2025-01-04 07:36:55
EVT_003742,SES_01633,Category,2025-01-04 07:38:22
EVT_003743,SES_01634,landing,2025-10-02 11:48:47
EVT_003744,SES_01635,landing,2025-03-07 05:15:34
EVT_003745,SES_01636,landing,2025-08-01 07:17:31
EVT_003746,SES_01637,landing,2025-09-08 05:15:42
EVT_003747,SES_01638,landing,2025-04-10 15:14:34
EVT_003748,SES_01638,Category,2025-04-10 15:15:55
EVT_003749,SES_01639,landing,2025-02-20 20:48:50
EVT_003750,SES_01639,Category,2025-02-20 20:50:43
EVT_003751,SES_01640,landing,2025-09-12 09:32:58
EVT_003752,SES_01640,Category,2025-09-12 09:34:48
EVT_003753,SES_01641,landing,2025-02-04 03:25:22
EVT_003754,SES_01641,Category,2025-02-04 03:25:59
EVT_003755,SES_01642,landing,2025-01-27 23:22:53
EVT_003756,SES_01642,Category,2025-01-27 23:23:11
EVT_003757,SES_01642,Product,2025-01-27 23:24:48
EVT_003758,SES_01642,Cart,2025-01-27 23:25:58
EVT_003759,SES_01642,Checkout,2025-01-27 23:27:26
EVT_003760,SES_01643,landing,2025-01-05 14:37:40
EVT_003761,SES_01644,landing,2025-09-29 17:11:26
EVT_003762,SES_01645,landing,2025-12-17 04:39:52
EVT_003763,SES_01646,landing,2025-04-05 05:46:40
EVT_003764,SES_01647,landing,2025-04-10 07:41:05
EVT_003765,SES_01647,Category,2025-04-10 07:41:31
EVT_003766,SES_01647,Product,2025-04-10 07:43:21
EVT_003767,SES_01647,Cart,2025-04-10 07:44:16
EVT_003768,SES_01648,landing,2025-01-06 11:04:43
EVT_003769,SES_01649,landing,2025-07-12 13:34:17
EVT_003770,SES_01649,Category,2025-07-12 13:36:15
EVT_003771,SES_01649,Product,2025-07-12 13:37:23
EVT_003772,SES_01650,landing,2025-03-22 16:25:36
EVT_003773,SES_01650,Category,2025-03-22 16:27:10
EVT_003774,SES_01650,Product,2025-03-22 16:27:50
EVT_003775,SES_01650,Cart,2025-03-22 16:29:06
EVT_003776,SES_01650,Checkout,2025-03-22 16:30:16
EVT_003777,SES_01651,landing,2025-03-02 12:32:20
EVT_003778,SES_01651,Category,2025-03-02 12:33:37
EVT_003779,SES_01651,Product,2025-03-02 12:34:02
EVT_003780,SES_01652,landing,2025-11-12 23:56:49
EVT_003781,SES_01653,landing,2025-06-15 18:14:02
EVT_003782,SES_01654,landing,2025-06-24 19:17:27
EVT_003783,SES_01655,landing,2025-08-28 07:31:47
EVT_003784,SES_01655,Category,2025-08-28 07:33:39
EVT_003785,SES_01655,Product,2025-08-28 07:34:59
EVT_003786,SES_01656,landing,2025-11-06 04:58:20
EVT_003787,SES_01656,Category,2025-11-06 04:59:52
EVT_003788,SES_01657,landing,2025-03-27 14:11:31
EVT_003789,SES_01657,Category,2025-03-27 14:13:22
EVT_003790,SES_01657,Product,2025-03-27 14:14:20
EVT_003791,SES_01657,Cart,2025-03-27 14:16:15
EVT_003792,SES_01657,Checkout,2025-03-27 14:17:18
EVT_003793,SES_01658,landing,2025-06-12 22:49:02
EVT_003794,SES_01659,landing,2025-02-25 07:34:56
EVT_003795,SES_01659,Category,2025-02-25 07:36:47
EVT_003796,SES_01659,Product,2025-02-25 07:38:24
EVT_003797,SES_01659,Cart,2025-02-25 07:38:55
EVT_003798,SES_01659,Checkout,2025-02-25 07:40:12
EVT_003799,SES_01660,landing,2025-08-20 00:02:54
EVT_003800,SES_01661,landing,2025-06-26 22:26:29
EVT_003801,SES_01662,landing,2025-07-06 22:11:21
EVT_003802,SES_01663,landing,2025-08-28 12:47:41
EVT_003803,SES_01663,Category,2025-08-28 12:49:23
EVT_003804,SES_01664,landing,2025-10-12 07:47:29
EVT_003805,SES_01664,Category,2025-10-12 07:49:16
EVT_003806,SES_01665,landing,2025-11-13 07:32:26
EVT_003807,SES_01665,Category,2025-11-13 07:33:26
EVT_003808,SES_01666,landing,2025-01-12 07:17:42
EVT_003809,SES_01666,Category,2025-01-12 07:19:08
EVT_003810,SES_01666,Product,2025-01-12 07:20:03
EVT_003811,SES_01666,Cart,2025-01-12 07:20:19
EVT_003812,SES_01667,landing,2025-06-06 20:45:24
EVT_003813,SES_01667,Category,2025-06-06 20:47:17
EVT_003814,SES_01668,landing,2025-04-15 19:55:02
EVT_003815,SES_01668,Category,2025-04-15 19:56:34
EVT_003816,SES_01668,Product,2025-04-15 19:57:15
EVT_003817,SES_01668,Cart,2025-04-15 19:57:47
EVT_003818,SES_01669,landing,2025-04-30 09:44:30
EVT_003819,SES_01670,landing,2025-01-11 20:54:40
EVT_003820,SES_01670,Category,2025-01-11 20:55:53
EVT_003821,SES_01671,landing,2025-07-19 07:51:40
EVT_003822,SES_01671,Category,2025-07-19 07:52:33
EVT_003823,SES_01671,Product,2025-07-19 07:52:53
EVT_003824,SES_01671,Cart,2025-07-19 07:53:27
EVT_003825,SES_01672,landing,2025-08-02 13:05:44
EVT_003826,SES_01672,Category,2025-08-02 13:07:42
EVT_003827,SES_01673,landing,2025-08-17 00:39:49
EVT_003828,SES_01674,landing,2025-03-31 09:34:24
EVT_003829,SES_01675,landing,2025-09-20 12:36:16
EVT_003830,SES_01676,landing,2025-04-23 12:52:34
EVT_003831,SES_01676,Category,2025-04-23 12:54:21
EVT_003832,SES_01676,Product,2025-04-23 12:54:45
EVT_003833,SES_01676,Cart,2025-04-23 12:55:34
EVT_003834,SES_01676,Checkout,2025-04-23 12:56:32
EVT_003835,SES_01677,landing,2025-07-01 12:04:01
EVT_003836,SES_01678,landing,2025-04-02 08:23:12
EVT_003837,SES_01678,Category,2025-04-02 08:24:35
EVT_003838,SES_01678,Product,2025-04-02 08:26:34
EVT_003839,SES_01678,Cart,2025-04-02 08:28:16
EVT_003840,SES_01679,landing,2025-12-22 13:27:00
EVT_003841,SES_01680,landing,2025-01-26 12:52:53
EVT_003842,SES_01680,Category,2025-01-26 12:54:09
EVT_003843,SES_01680,Product,2025-01-26 12:55:17
EVT_003844,SES_01680,Cart,2025-01-26 12:57:08
EVT_003845,SES_01680,Checkout,2025-01-26 12:58:59
EVT_003846,SES_01681,landing,2025-12-10 00:46:24
EVT_003847,SES_01682,landing,2025-01-25 20:46:43
EVT_003848,SES_01683,landing,2025-06-19 15:15:49
EVT_003849,SES_01683,Category,2025-06-19 15:17:37
EVT_003850,SES_01683,Product,2025-06-19 15:18:57
EVT_003851,SES_01684,landing,2025-04-19 06:49:23
EVT_003852,SES_01684,Category,2025-04-19 06:50:08
EVT_003853,SES_01684,Product,2025-04-19 06:51:33
EVT_003854,SES_01684,Cart,2025-04-19 06:53:31
EVT_003855,SES_01684,Checkout,2025-04-19 06:54:08
EVT_003856,SES_01684,Thank_you,2025-04-19 06:54:47
EVT_003857,SES_01685,landing,2025-08-05 08:24:32
EVT_003858,SES_01686,landing,2025-10-11 19:52:57
EVT_003859,SES_01686,Category,2025-10-11 19:53:45
EVT_003860,SES_01687,landing,2025-11-10 19:06:53
EVT_003861,SES_01687,Category,2025-11-10 19:08:41
EVT_003862,SES_01687,Product,2025-11-10 19:09:24
EVT_003863,SES_01687,Cart,2025-11-10 19:10:20
EVT_003864,SES_01687,Checkout,2025-11-10 19:12:19
EVT_003865,SES_01688,landing,2025-05-23 09:13:32
EVT_003866,SES_01689,landing,2025-02-03 23:56:39
EVT_003867,SES_01689,Category,2025-02-03 23:58:33
EVT_003868,SES_01690,landing,2025-01-08 23:40:11
EVT_003869,SES_01691,landing,2025-06-22 01:04:50
EVT_003870,SES_01691,Category,2025-06-22 01:05:53
EVT_003871,SES_01692,landing,2025-03-04 04:33:13
EVT_003872,SES_01693,landing,2025-10-16 20:30:13
EVT_003873,SES_01694,landing,2025-03-26 23:34:49
EVT_003874,SES_01694,Category,2025-03-26 23:36:35
EVT_003875,SES_01695,landing,2025-06-08 15:09:48
EVT_003876,SES_01696,landing,2025-07-15 21:25:04
EVT_003877,SES_01696,Category,2025-07-15 21:26:40
EVT_003878,SES_01696,Product,2025-07-15 21:27:51
EVT_003879,SES_01696,Cart,2025-07-15 21:28:27
EVT_003880,SES_01697,landing,2025-09-24 15:17:52
EVT_003881,SES_01697,Category,2025-09-24 15:18:45
EVT_003882,SES_01698,landing,2025-11-30 01:48:17
EVT_003883,SES_01699,landing,2025-02-20 08:30:44
EVT_003884,SES_01700,landing,2025-04-30 03:36:36
EVT_003885,SES_01701,landing,2025-09-11 10:38:19
EVT_003886,SES_01701,Category,2025-09-11 10:40:06
EVT_003887,SES_01701,Product,2025-09-11 10:41:42
EVT_003888,SES_01701,Cart,2025-09-11 10:43:35
EVT_003889,SES_01701,Checkout,2025-09-11 10:44:09
EVT_003890,SES_01702,landing,2025-10-25 19:05:33
EVT_003891,SES_01702,Category,2025-10-25 19:06:47
EVT_003892,SES_01702,Product,2025-10-25 19:07:21
EVT_003893,SES_01702,Cart,2025-10-25 19:07:59
EVT_003894,SES_01702,Checkout,2025-10-25 19:08:17
EVT_003895,SES_01703,landing,2025-05-29 02:00:18
EVT_003896,SES_01703,Category,2025-05-29 02:01:54
EVT_003897,SES_01703,Product,2025-05-29 02:03:13
EVT_003898,SES_01703,Cart,2025-05-29 02:04:30
EVT_003899,SES_01703,Checkout,2025-05-29 02:05:47
EVT_003900,SES_01703,Thank_you,2025-05-29 02:07:30
EVT_003901,SES_01704,landing,2025-01-28 03:10:25
EVT_003902,SES_01705,landing,2025-11-26 02:38:12
EVT_003903,SES_01705,Category,2025-11-26 02:39:10
EVT_003904,SES_01706,landing,2025-10-29 15:27:30
EVT_003905,SES_01706,Category,2025-10-29 15:29:15
EVT_003906,SES_01706,Product,2025-10-29 15:29:38
EVT_003907,SES_01707,landing,2025-08-21 15:50:45
EVT_003908,SES_01707,Category,2025-08-21 15:52:32
EVT_003909,SES_01707,Product,2025-08-21 15:53:18
EVT_003910,SES_01707,Cart,2025-08-21 15:55:01
EVT_003911,SES_01707,Checkout,2025-08-21 15:55:40
EVT_003912,SES_01708,landing,2025-07-11 22:08:22
EVT_003913,SES_01708,Category,2025-07-11 22:09:45
EVT_003914,SES_01709,landing,2025-02-18 12:53:44
EVT_003915,SES_01709,Category,2025-02-18 12:54:28
EVT_003916,SES_01709,Product,2025-02-18 12:54:55
EVT_003917,SES_01710,landing,2025-02-17 16:36:39
EVT_003918,SES_01710,Category,2025-02-17 16:38:12
EVT_003919,SES_01711,landing,2025-03-24 05:10:53
EVT_003920,SES_01712,landing,2025-02-08 14:57:46
EVT_003921,SES_01713,landing,2025-07-12 10:41:26
EVT_003922,SES_01713,Category,2025-07-12 10:43:16
EVT_003923,SES_01714,landing,2025-02-06 09:47:31
EVT_003924,SES_01714,Category,2025-02-06 09:49:30
EVT_003925,SES_01714,Product,2025-02-06 09:51:28
EVT_003926,SES_01714,Cart,2025-02-06 09:51:51
EVT_003927,SES_01714,Checkout,2025-02-06 09:52:24
EVT_003928,SES_01715,landing,2025-07-10 01:55:33
EVT_003929,SES_01715,Category,2025-07-10 01:56:40
EVT_003930,SES_01716,landing,2025-07-14 21:14:09
EVT_003931,SES_01717,landing,2025-06-10 07:39:01
EVT_003932,SES_01717,Category,2025-06-10 07:40:51
EVT_003933,SES_01717,Product,2025-06-10 07:42:33
EVT_003934,SES_01717,Cart,2025-06-10 07:43:33
EVT_003935,SES_01718,landing,2025-02-22 20:14:16
EVT_003936,SES_01719,landing,2025-05-16 20:03:31
EVT_003937,SES_01720,landing,2025-11-10 22:27:10
EVT_003938,SES_01720,Category,2025-11-10 22:27:33
EVT_003939,SES_01720,Product,2025-11-10 22:28:31
EVT_003940,SES_01720,Cart,2025-11-10 22:29:48
EVT_003941,SES_01720,Checkout,2025-11-10 22:30:24
EVT_003942,SES_01720,Thank_you,2025-11-10 22:32:07
EVT_003943,SES_01721,landing,2025-08-01 06:19:43
EVT_003944,SES_01722,landing,2025-05-05 14:09:38
EVT_003945,SES_01722,Category,2025-05-05 14:10:25
EVT_003946,SES_01723,landing,2025-08-04 09:14:15
EVT_003947,SES_01723,Category,2025-08-04 09:14:54
EVT_003948,SES_01724,landing,2025-12-05 06:38:45
EVT_003949,SES_01725,landing,2025-01-24 15:53:45
EVT_003950,SES_01726,landing,2025-03-16 06:20:54
EVT_003951,SES_01727,landing,2025-02-09 01:12:33
EVT_003952,SES_01728,landing,2025-03-20 14:54:02
EVT_003953,SES_01728,Category,2025-03-20 14:55:53
EVT_003954,SES_01728,Product,2025-03-20 14:57:25
EVT_003955,SES_01728,Cart,2025-03-20 14:58:17
EVT_003956,SES_01729,landing,2025-01-21 01:06:40
EVT_003957,SES_01729,Category,2025-01-21 01:07:22
EVT_003958,SES_01730,landing,2025-04-02 19:14:50
EVT_003959,SES_01731,landing,2025-08-04 08:58:09
EVT_003960,SES_01731,Category,2025-08-04 08:59:10
EVT_003961,SES_01731,Product,2025-08-04 09:01:02
EVT_003962,SES_01731,Cart,2025-08-04 09:01:26
EVT_003963,SES_01731,Checkout,2025-08-04 09:02:05
EVT_003964,SES_01732,landing,2025-11-12 23:15:58
EVT_003965,SES_01733,landing,2025-07-13 19:18:08
EVT_003966,SES_01734,landing,2025-07-31 19:19:01
EVT_003967,SES_01735,landing,2025-10-19 22:48:55
EVT_003968,SES_01735,Category,2025-10-19 22:50:14
EVT_003969,SES_01735,Product,2025-10-19 22:50:43
EVT_003970,SES_01736,landing,2025-07-01 20:14:42
EVT_003971,SES_01737,landing,2025-09-07 01:55:26
EVT_003972,SES_01738,landing,2025-11-18 12:19:25
EVT_003973,SES_01739,landing,2025-06-12 18:17:23
EVT_003974,SES_01739,Category,2025-06-12 18:19:08
EVT_003975,SES_01740,landing,2025-12-20 02:48:42
EVT_003976,SES_01740,Category,2025-12-20 02:49:43
EVT_003977,SES_01741,landing,2025-12-19 23:35:34
EVT_003978,SES_01741,Category,2025-12-19 23:37:17
EVT_003979,SES_01741,Product,2025-12-19 23:37:49
EVT_003980,SES_01742,landing,2025-04-09 09:10:49
EVT_003981,SES_01743,landing,2025-06-30 02:40:55
EVT_003982,SES_01743,Category,2025-06-30 02:42:17
EVT_003983,SES_01744,landing,2025-06-21 06:15:00
EVT_003984,SES_01744,Category,2025-06-21 06:16:26
EVT_003985,SES_01745,landing,2025-01-09 14:06:16
EVT_003986,SES_01746,landing,2025-10-16 13:20:26
EVT_003987,SES_01746,Category,2025-10-16 13:20:53
EVT_003988,SES_01746,Product,2025-10-16 13:21:42
EVT_003989,SES_01746,Cart,2025-10-16 13:22:13
EVT_003990,SES_01747,landing,2025-11-24 17:01:19
EVT_003991,SES_01747,Category,2025-11-24 17:02:41
EVT_003992,SES_01748,landing,2025-02-02 16:48:19
EVT_003993,SES_01749,landing,2025-05-19 10:31:26
EVT_003994,SES_01750,landing,2025-01-24 10:02:54
EVT_003995,SES_01751,landing,2025-01-07 16:45:19
EVT_003996,SES_01752,landing,2025-11-15 09:42:54
EVT_003997,SES_01752,Category,2025-11-15 09:43:53
EVT_003998,SES_01752,Product,2025-11-15 09:45:04
EVT_003999,SES_01752,Cart,2025-11-15 09:46:02
EVT_004000,SES_01752,Checkout,2025-11-15 09:46:55
EVT_004001,SES_01753,landing,2025-02-01 19:55:37
EVT_004002,SES_01753,Category,2025-02-01 19:56:26
EVT_004003,SES_01754,landing,2025-10-11 10:17:39
EVT_004004,SES_01755,landing,2025-09-06 05:36:30
EVT_004005,SES_01755,Category,2025-09-06 05:37:14
EVT_004006,SES_01756,landing,2025-02-22 03:28:12
EVT_004007,SES_01756,Category,2025-02-22 03:29:16
EVT_004008,SES_01756,Product,2025-02-22 03:30:07
EVT_004009,SES_01757,landing,2025-11-16 23:34:03
EVT_004010,SES_01758,landing,2025-05-22 15:54:13
EVT_004011,SES_01758,Category,2025-05-22 15:54:39
EVT_004012,SES_01758,Product,2025-05-22 15:55:41
EVT_004013,SES_01758,Cart,2025-05-22 15:56:54
EVT_004014,SES_01759,landing,2025-09-22 16:17:59
EVT_004015,SES_01759,Category,2025-09-22 16:19:39
EVT_004016,SES_01759,Product,2025-09-22 16:21:08
EVT_004017,SES_01759,Cart,2025-09-22 16:22:08
EVT_004018,SES_01759,Checkout,2025-09-22 16:23:01
EVT_004019,SES_01759,Thank_you,2025-09-22 16:24:01
EVT_004020,SES_01760,landing,2025-10-14 18:15:13
EVT_004021,SES_01761,landing,2025-06-30 13:32:20
EVT_004022,SES_01762,landing,2025-09-06 11:13:02
EVT_004023,SES_01763,landing,2025-07-15 16:26:02
EVT_004024,SES_01764,landing,2025-01-08 19:19:28
EVT_004025,SES_01765,landing,2025-03-18 18:45:53
EVT_004026,SES_01765,Category,2025-03-18 18:47:20
EVT_004027,SES_01766,landing,2025-07-27 14:17:24
EVT_004028,SES_01767,landing,2025-10-15 23:28:36
EVT_004029,SES_01768,landing,2025-12-14 01:41:01
EVT_004030,SES_01768,Category,2025-12-14 01:42:40
EVT_004031,SES_01768,Product,2025-12-14 01:44:26
EVT_004032,SES_01768,Cart,2025-12-14 01:46:02
EVT_004033,SES_01768,Checkout,2025-12-14 01:47:54
EVT_004034,SES_01769,landing,2025-08-22 00:35:17
EVT_004035,SES_01770,landing,2025-09-28 20:24:10
EVT_004036,SES_01771,landing,2025-07-28 01:59:07
EVT_004037,SES_01771,Category,2025-07-28 02:00:42
EVT_004038,SES_01771,Product,2025-07-28 02:00:58
EVT_004039,SES_01772,landing,2025-07-04 06:20:44
EVT_004040,SES_01773,landing,2025-07-14 07:06:29
EVT_004041,SES_01773,Category,2025-07-14 07:07:52
EVT_004042,SES_01773,Product,2025-07-14 07:09:25
EVT_004043,SES_01773,Cart,2025-07-14 07:11:12
EVT_004044,SES_01773,Checkout,2025-07-14 07:12:04
EVT_004045,SES_01774,landing,2025-06-26 20:35:14
EVT_004046,SES_01774,Category,2025-06-26 20:36:36
EVT_004047,SES_01775,landing,2025-01-05 15:18:51
EVT_004048,SES_01775,Category,2025-01-05 15:20:50
EVT_004049,SES_01776,landing,2025-05-26 13:38:27
EVT_004050,SES_01776,Category,2025-05-26 13:39:53
EVT_004051,SES_01776,Product,2025-05-26 13:41:02
EVT_004052,SES_01776,Cart,2025-05-26 13:42:17
EVT_004053,SES_01777,landing,2025-07-05 06:19:21
EVT_004054,SES_01777,Category,2025-07-05 06:20:17
EVT_004055,SES_01778,landing,2025-08-28 18:56:23
EVT_004056,SES_01778,Category,2025-08-28 18:57:38
EVT_004057,SES_01779,landing,2025-02-21 06:30:30
EVT_004058,SES_01779,Category,2025-02-21 06:32:17
EVT_004059,SES_01779,Product,2025-02-21 06:32:58
EVT_004060,SES_01780,landing,2025-03-17 14:14:46
EVT_004061,SES_01781,landing,2025-07-28 15:38:54
EVT_004062,SES_01781,Category,2025-07-28 15:40:21
EVT_004063,SES_01781,Product,2025-07-28 15:41:17
EVT_004064,SES_01781,Cart,2025-07-28 15:42:14
EVT_004065,SES_01782,landing,2025-06-29 19:11:45
EVT_004066,SES_01782,Category,2025-06-29 19:12:55
EVT_004067,SES_01783,landing,2025-01-03 19:03:15
EVT_004068,SES_01784,landing,2025-06-27 07:14:50
EVT_004069,SES_01785,landing,2025-09-22 06:04:28
EVT_004070,SES_01785,Category,2025-09-22 06:04:54
EVT_004071,SES_01786,landing,2025-09-25 15:52:39
EVT_004072,SES_01786,Category,2025-09-25 15:54:36
EVT_004073,SES_01787,landing,2025-04-14 08:52:28
EVT_004074,SES_01787,Category,2025-04-14 08:53:10
EVT_004075,SES_01788,landing,2025-05-24 23:08:46
EVT_004076,SES_01788,Category,2025-05-24 23:09:37
EVT_004077,SES_01788,Product,2025-05-24 23:11:32
EVT_004078,SES_01788,Cart,2025-05-24 23:12:57
EVT_004079,SES_01789,landing,2025-03-12 01:26:54
EVT_004080,SES_01790,landing,2025-10-14 22:18:58
EVT_004081,SES_01790,Category,2025-10-14 22:20:12
EVT_004082,SES_01791,landing,2025-05-01 01:57:05
EVT_004083,SES_01791,Category,2025-05-01 01:58:47
EVT_004084,SES_01791,Product,2025-05-01 02:00:22
EVT_004085,SES_01791,Cart,2025-05-01 02:01:04
EVT_004086,SES_01792,landing,2025-02-01 15:12:55
EVT_004087,SES_01793,landing,2025-08-17 13:56:26
EVT_004088,SES_01794,landing,2025-04-30 10:10:44
EVT_004089,SES_01795,landing,2025-11-18 21:01:46
EVT_004090,SES_01795,Category,2025-11-18 21:03:43
EVT_004091,SES_01795,Product,2025-11-18 21:05:18
EVT_004092,SES_01796,landing,2025-12-02 16:11:11
EVT_004093,SES_01796,Category,2025-12-02 16:11:52
EVT_004094,SES_01797,landing,2025-03-03 00:08:20
EVT_004095,SES_01797,Category,2025-03-03 00:09:44
EVT_004096,SES_01797,Product,2025-03-03 00:10:41
EVT_004097,SES_01798,landing,2025-02-07 20:46:48
EVT_004098,SES_01798,Category,2025-02-07 20:47:40
EVT_004099,SES_01798,Product,2025-02-07 20:49:09
EVT_004100,SES_01798,Cart,2025-02-07 20:50:36
EVT_004101,SES_01798,Checkout,2025-02-07 20:51:50
EVT_004102,SES_01798,Thank_you,2025-02-07 20:53:02
EVT_004103,SES_01799,landing,2025-09-01 23:19:05
EVT_004104,SES_01799,Category,2025-09-01 23:20:53
EVT_004105,SES_01800,landing,2025-12-21 08:52:43
EVT_004106,SES_01800,Category,2025-12-21 08:53:53
