session_id,user_id,session_start,device,Landing_page,exit_page
SES_00001,USR_00972,2025-07-15 11:06:44,mobile,Product,landing
SES_00002,USR_00415,2025-10-22 10:09:50,tablet,Product,Cart
SES_00003,USR_00644,2025-07-30 19:33:02,mobile,Category,landing
SES_00004,USR_00893,2025-12-30 02:38:07,mobile,Home,Product
SES_00005,USR_00545,2025-03-23 01:43:08,laptop,Home,Category
SES_00006,USR_00608,2025-08-27 17:37:51,mobile,Home,Checkout
SES_00007,USR_00958,2025-08-26 17:29:00,mobile,Home,Cart
SES_00008,USR_00726,2025-03-31 00:46:57,mobile,Home,Product
SES_00009,USR_00164,2025-08-12 06:38:12,tablet,Home,landing
SES_00010,USR_00581,2025-02-15 03:09:23,tablet,Home,Checkout
SES_00011,USR_00378,2025-03-27 23:46:07,mobile,Category,Product
SES_00012,USR_00633,2025-05-14 13:01:59,laptop,Product,Product
SES_00013,USR_00016,2025-07-08 02:00:03,mobile,Category,Checkout
SES_00014,USR_00578,2025-06-01 14:55:31,mobile,Category,Category
SES_00015,USR_00399,2025-08-08 04:16:31,mobile,Home,landing
SES_00016,USR_00310,2025-09-13 17:36:09,mobile,Category,Product
SES_00017,USR_00570,2025-12-11 20:12:52,tablet,Home,Cart
SES_00018,USR_00887,2025-11-09 02:05:55,mobile,Home,landing
SES_00019,USR_00457,2025-05-04 15:12:31,tablet,Category,Category
SES_00020,USR_00216,2025-02-05 17:11:09,laptop,Product,Thank_you
SES_00021,USR_00815,2025-06-23 16:03:02,mobile,Home,Checkout
SES_00022,USR_00265,2025-01-18 03:52:15,tablet,Home,Cart
SES_00023,USR_00182,2025-11-06 06:29:34,mobile,Category,Product
SES_00024,USR_00909,2025-07-26 02:46:05,tablet,Home,Category
SES_00025,USR_00931,2025-03-26 02:42:32,mobile,Ad_pdp,Product
SES_00026,USR_00381,2025-10-17 09:31:55,tablet,Product,Category
SES_00027,USR_00025,2025-12-11 10:45:24,mobile,Home,landing
SES_00028,USR_00269,2025-10-25 06:37:21,mobile,Category,Category
SES_00029,USR_00018,2025-11-23 05:25:58,tablet,Home,Category
SES_00030,USR_00487,2025-06-24 16:19:49,mobile,Home,Category
SES_00031,USR_00197,2025-04-28 15:12:50,mobile,Category,Cart
SES_00032,USR_00111,2025-02-12 08:02:26,mobile,Category,Category
SES_00033,USR_00639,2025-05-14 11:37:53,mobile,Home,Category
SES_00034,USR_00159,2025-10-15 20:08:42,mobile,Home,Category
SES_00035,USR_00825,2025-09-21 23:14:09,mobile,Home,Category
SES_00036,USR_00271,2025-11-12 12:04:39,mobile,Home,Category
SES_00037,USR_00491,2025-09-26 10:39:42,mobile,Product,Cart
SES_00038,USR_00037,2025-01-27 09:57:55,mobile,Home,Cart
SES_00039,USR_00800,2025-08-31 11:36:43,mobile,Home,Category
SES_00040,USR_00599,2025-06-07 15:23:46,mobile,Category,landing
SES_00041,USR_00421,2025-10-14 09:18:07,mobile,Category,Category
SES_00042,USR_00698,2025-12-03 08:57:15,laptop,Category,landing
SES_00043,USR_00190,2025-05-11 22:57:23,laptop,Home,Product
SES_00044,USR_00208,2025-05-29 22:35:54,mobile,Home,landing
SES_00045,USR_00402,2025-07-11 00:07:51,mobile,Home,landing
SES_00046,USR_00519,2025-11-24 04:23:49,mobile,Home,landing
SES_00047,USR_00877,2025-06-30 00:44:27,tablet,Home,landing
SES_00048,USR_00555,2025-01-26 04:13:49,mobile,Home,landing
SES_00049,USR_00524,2025-02-02 06:01:31,mobile,Home,Category
SES_00050,USR_00233,2025-06-19 15:07:19,mobile,Home,landing
SES_00051,USR_00649,2025-02-15 13:49:04,laptop,Home,landing
SES_00052,USR_00050,2025-08-12 01:15:41,mobile,Home,landing
SES_00053,USR_00078,2025-10-24 04:51:39,mobile,Home,Category
SES_00054,USR_00892,2025-02-10 11:08:44,mobile,Product,Product
SES_00055,USR_00716,2025-11-25 13:02:00,mobile,Product,landing
SES_00056,USR_00766,2025-06-23 12:47:12,mobile,Home,Category
SES_00057,USR_00832,2025-01-12 17:29:57,mobile,Ad_pdp,landing
SES_00058,USR_00043,2025-04-13 22:23:51,mobile,Home,Checkout
SES_00059,USR_00567,2025-04-20 08:48:45,tablet,Home,Cart
SES_00060,USR_00913,2025-06-04 07:09:01,mobile,Home,Category
SES_00061,USR_00757,2025-10-17 17:45:21,mobile,Home,Category
SES_00062,USR_00506,2025-10-08 23:50:09,mobile,Home,landing
SES_00063,USR_00153,2025-07-04 23:55:43,mobile,Home,Category
SES_00064,USR_00368,2025-04-04 22:05:45,laptop,Ad_pdp,Checkout
SES_00065,USR_00234,2025-02-13 17:26:50,mobile,Category,landing
SES_00066,USR_00608,2025-07-26 04:14:13,mobile,Category,Category
SES_00067,USR_00320,2025-08-13 23:34:32,mobile,Category,Cart
SES_00068,USR_00099,2025-03-17 01:20:43,tablet,Category,Product
SES_00069,USR_00279,2025-09-16 01:48:03,tablet,Product,landing
SES_00070,USR_00616,2025-08-14 23:41:34,mobile,Home,Category
SES_00071,USR_00540,2025-03-26 03:44:30,mobile,Category,landing
SES_00072,USR_00289,2025-11-07 20:31:56,mobile,Ad_pdp,Category
SES_00073,USR_00913,2025-12-02 22:55:10,mobile,Product,Thank_you
SES_00074,USR_00204,2025-08-01 21:09:25,mobile,Product,Product
SES_00075,USR_00699,2025-08-29 21:18:56,mobile,Home,Category
SES_00076,USR_00755,2025-04-24 18:09:13,mobile,Category,landing
SES_00077,USR_00317,2025-05-07 12:08:38,mobile,Category,Checkout
SES_00078,USR_00618,2025-05-30 02:21:06,mobile,Category,Category
SES_00079,USR_00311,2025-11-10 00:19:20,tablet,Category,landing
SES_00080,USR_00993,2025-12-21 17:13:32,mobile,Category,Category
SES_00081,USR_00378,2025-02-08 21:12:46,mobile,Home,landing
SES_00082,USR_00199,2025-10-26 08:13:06,mobile,Home,Product
SES_00083,USR_00161,2025-04-15 05:14:19,mobile,Home,Product
SES_00084,USR_00489,2025-12-18 18:35:36,mobile,Home,landing
SES_00085,USR_00761,2025-10-01 08:49:53,mobile,Category,Category
SES_00086,USR_00145,2025-05-05 18:33:03,tablet,Home,landing
SES_00087,USR_00316,2025-07-21 02:12:45,mobile,Category,landing
SES_00088,USR_00487,2025-05-15 14:52:49,tablet,Home,Category
SES_00089,USR_00093,2025-10-18 11:19:56,mobile,Category,Checkout
SES_00090,USR_00896,2025-01-25 03:18:59,laptop,Category,Category
SES_00091,USR_00312,2025-05-21 18:24:25,mobile,Category,landing
SES_00092,USR_00089,2025-11-17 13:12:56,mobile,Home,landing
SES_00093,USR_00006,2025-11-13 07:20:19,mobile,Category,Product
SES_00094,USR_00764,2025-10-28 00:27:28,tablet,Product,Product
SES_00095,USR_00082,2025-03-13 23:45:11,mobile,Home,landing
SES_00096,USR_00478,2025-05-30 09:16:28,mobile,Home,landing
SES_00097,USR_00464,2025-06-07 00:17:21,mobile,Home,Category
SES_00098,USR_00452,2025-01-15 11:04:38,mobile,Category,landing
SES_00099,USR_00568,2025-08-03 01:49:56,mobile,Product,landing
SES_00100,USR_00573,2025-12-24 17:38:55,mobile,Home,Product
SES_00101,USR_00186,2025-02-21 20:39:38,mobile,Home,Category
SES_00102,USR_00212,2025-08-06 09:53:49,mobile,Home,Product
SES_00103,USR_00028,2025-09-04 16:09:04,tablet,Category,Cart
SES_00104,USR_00975,2025-08-05 11:29:59,mobile,Category,landing
SES_00105,USR_00787,2025-04-08 23:36:44,mobile,Product,landing
SES_00106,USR_00600,2025-10-13 03:56:20,mobile,Home,landing
SES_00107,USR_00440,2025-01-28 19:03:23,mobile,Home,landing
SES_00108,USR_00789,2025-11-28 23:00:57,mobile,Category,landing
SES_00109,USR_00266,2025-06-28 07:18:29,mobile,Ad_pdp,Cart
SES_00110,USR_00522,2025-10-04 22:37:33,mobile,Category,Category
SES_00111,USR_00714,2025-12-02 10:12:53,mobile,Home,Category
SES_00112,USR_00156,2025-04-06 09:27:50,mobile,Home,Category
SES_00113,USR_00698,2025-06-04 00:37:22,tablet,Home,Product
SES_00114,USR_00509,2025-02-13 17:24:38,mobile,Home,Product
SES_00115,USR_00248,2025-06-06 08:15:00,mobile,Home,Checkout
SES_00116,USR_00107,2025-05-23 02:41:52,mobile,Product,Product
SES_00117,USR_00435,2025-03-07 08:04:40,mobile,Category,Product
SES_00118,USR_00008,2025-05-03 23:56:51,mobile,Home,Cart
SES_00119,USR_00570,2025-03-18 22:23:20,mobile,Home,Cart
SES_00120,USR_00255,2025-07-20 15:34:10,mobile,Product,landing
SES_00121,USR_00591,2025-08-11 19:03:24,mobile,Home,Category
SES_00122,USR_00325,2025-09-30 07:05:36,mobile,Home,Product
SES_00123,USR_00742,2025-03-05 19:30:05,mobile,Home,Category
SES_00124,USR_00536,2025-05-31 04:55:12,laptop,Home,landing
SES_00125,USR_00588,2025-05-08 16:05:12,tablet,Home,Checkout
SES_00126,USR_00640,2025-09-23 15:22:03,mobile,Home,landing
SES_00127,USR_00893,2025-01-25 08:01:35,laptop,Home,Cart
SES_00128,USR_00938,2025-12-07 14:53:37,mobile,Home,Category
SES_00129,USR_00680,2025-12-06 17:25:21,mobile,Category,Product
SES_00130,USR_00071,2025-06-29 15:46:47,mobile,Home,landing
SES_00131,USR_00003,2025-07-05 13:54:59,mobile,Home,landing
SES_00132,USR_01000,2025-05-21 16:02:53,mobile,Home,Category
SES_00133,USR_00072,2025-05-04 20:06:23,mobile,Home,Category
SES_00134,USR_00455,2025-05-07 01:50:01,mobile,Ad_pdp,landing
SES_00135,USR_00796,2025-07-13 09:53:18,tablet,Home,Category
SES_00136,USR_00176,2025-08-16 05:26:08,mobile,Product,Category
SES_00137,USR_00439,2025-05-15 05:07:03,mobile,Home,landing
SES_00138,USR_00094,2025-11-06 00:05:51,mobile,Category,Category
SES_00139,USR_00916,2025-06-09 18:18:48,tablet,Category,landing
SES_00140,USR_00391,2025-01-22 16:00:58,mobile,Category,landing
SES_00141,USR_00305,2025-07-26 02:34:59,mobile,Home,Thank_you
SES_00142,USR_00399,2025-11-03 19:20:24,laptop,Category,Product
SES_00143,USR_00573,2025-12-06 05:05:40,mobile,Product,Cart
SES_00144,USR_00056,2025-06-01 22:56:51,tablet,Home,Cart
SES_00145,USR_00309,2025-05-25 15:59:56,mobile,Product,landing
SES_00146,USR_00820,2025-07-25 12:01:39,mobile,Home,Cart
SES_00147,USR_00494,2025-12-04 21:17:36,laptop,Home,Category
SES_00148,USR_00166,2025-10-04 20:35:36,mobile,Category,Cart
SES_00149,USR_00043,2025-02-19 05:34:59,tablet,Home,Category
SES_00150,USR_00648,2025-02-08 13:40:23,mobile,Home,Category
SES_00151,USR_00660,2025-06-29 12:00:07,mobile,Category,Cart
SES_00152,USR_00918,2025-09-12 01:39:29,mobile,Home,Category
SES_00153,USR_00086,2025-08-28 21:06:39,mobile,Home,Category
SES_00154,USR_00696,2025-02-26 13:53:33,mobile,Home,landing
SES_00155,USR_00271,2025-11-12 00:04:57,mobile,Home,Cart
SES_00156,USR_00898,2025-11-11 22:29:19,mobile,Category,Product
SES_00157,USR_00817,2025-06-08 17:19:03,mobile,Home,Category
SES_00158,USR_00115,2025-12-28 16:12:35,tablet,Category,landing
SES_00159,USR_00108,2025-06-23 13:27:41,mobile,Home,Product
SES_00160,USR_00412,2025-05-06 20:35:38,mobile,Home,Product
SES_00161,USR_00866,2025-08-07 21:10:52,laptop,Home,Cart
SES_00162,USR_00415,2025-08-07 22:43:04,mobile,Home,Cart
SES_00163,USR_00556,2025-09-10 15:31:34,tablet,Home,Category
SES_00164,USR_00522,2025-09-17 21:20:31,mobile,Category,landing
SES_00165,USR_00365,2025-04-01 03:26:50,mobile,Home,Category
SES_00166,USR_00637,2025-08-27 05:24:40,mobile,Home,landing
SES_00167,USR_00243,2025-07-05 05:03:28,mobile,Home,Category
SES_00168,USR_00859,2025-01-14 22:40:01,mobile,Category,landing
SES_00169,USR_00718,2025-04-25 08:39:27,tablet,Home,Category
SES_00170,USR_00532,2025-04-26 02:05:46,mobile,Product,landing
SES_00171,USR_00474,2025-10-26 15:24:16,mobile,Home,landing
SES_00172,USR_00087,2025-10-17 07:09:27,mobile,Home,landing
SES_00173,USR_00564,2025-09-18 15:00:22,mobile,Product,Cart
SES_00174,USR_00636,2025-09-27 21:43:53,mobile,Home,landing
SES_00175,USR_00111,2025-09-25 20:10:35,mobile,Category,Product
SES_00176,USR_00439,2025-03-29 19:01:44,mobile,Home,Category
SES_00177,USR_00242,2025-04-02 11:36:42,laptop,Category,Cart
SES_00178,USR_00378,2025-11-15 09:55:51,mobile,Ad_pdp,Checkout
SES_00179,USR_00722,2025-01-09 15:01:41,mobile,Home,landing
SES_00180,USR_00616,2025-05-28 16:25:55,mobile,Home,Checkout
SES_00181,USR_00501,2025-12-23 02:48:24,mobile,Category,Cart
SES_00182,USR_00785,2025-06-06 21:34:41,mobile,Home,Checkout
SES_00183,USR_00427,2025-02-09 18:06:29,laptop,Home,Cart
SES_00184,USR_00835,2025-08-05 19:57:25,laptop,Category,landing
SES_00185,USR_00562,2025-06-06 10:07:31,mobile,Category,Category
SES_00186,USR_00731,2025-06-23 09:29:58,tablet,Home,Category
SES_00187,USR_00957,2025-10-05 14:40:58,mobile,Ad_pdp,Cart
SES_00188,USR_00594,2025-04-20 23:32:27,mobile,Product,landing
SES_00189,USR_00069,2025-01-01 17:26:01,mobile,Home,Product
SES_00190,USR_00603,2025-10-05 18:09:03,mobile,Home,Category
SES_00191,USR_00035,2025-10-06 14:10:27,mobile,Home,Category
SES_00192,USR_00780,2025-01-13 15:19:43,mobile,Category,Category
SES_00193,USR_00595,2025-06-07 08:05:52,tablet,Product,Product
SES_00194,USR_00476,2025-04-21 17:35:37,mobile,Home,landing
SES_00195,USR_00611,2025-05-14 07:58:17,mobile,Category,Checkout
SES_00196,USR_00444,2025-02-08 13:38:51,mobile,Home,Category
SES_00197,USR_00038,2025-12-20 12:26:04,mobile,Category,Product
SES_00198,USR_00236,2025-04-02 00:48:19,tablet,Product,Product
SES_00199,USR_00660,2025-05-30 16:42:13,mobile,Category,landing
SES_00200,USR_00496,2025-08-27 20:29:34,tablet,Home,Cart
SES_00201,USR_00695,2025-11-05 12:32:52,mobile,Ad_pdp,Category
SES_00202,USR_00992,2025-11-15 02:49:36,mobile,Home,landing
SES_00203,USR_00632,2025-11-22 21:09:50,mobile,Home,Checkout
SES_00204,USR_00288,2025-08-09 12:16:54,mobile,Home,Category
SES_00205,USR_00246,2025-12-03 21:12:40,mobile,Ad_pdp,landing
SES_00206,USR_00095,2025-10-02 11:15:23,laptop,Category,landing
SES_00207,USR_00743,2025-04-24 18:32:00,mobile,Category,Product
SES_00208,USR_00214,2025-11-25 04:30:02,mobile,Category,Category
SES_00209,USR_00653,2025-06-28 06:54:49,mobile,Home,landing
SES_00210,USR_00755,2025-03-08 23:01:16,mobile,Home,Cart
SES_00211,USR_00239,2025-04-24 12:51:24,tablet,Home,Cart
SES_00212,USR_00079,2025-01-29 21:48:49,laptop,Home,landing
SES_00213,USR_00441,2025-01-30 16:56:09,mobile,Home,Cart
SES_00214,USR_00030,2025-10-30 08:23:09,mobile,Home,Category
SES_00215,USR_00712,2025-05-18 16:38:05,mobile,Home,Category
SES_00216,USR_00315,2025-11-04 05:49:11,mobile,Category,Category
SES_00217,USR_00032,2025-10-30 11:40:37,laptop,Home,landing
SES_00218,USR_00466,2025-11-29 09:46:54,mobile,Category,Cart
SES_00219,USR_00675,2025-11-15 06:31:18,tablet,Category,landing
SES_00220,USR_00269,2025-05-27 19:23:15,mobile,Home,Product
SES_00221,USR_00296,2025-04-19 11:03:12,mobile,Home,landing
SES_00222,USR_00554,2025-06-20 10:51:45,mobile,Home,landing
SES_00223,USR_00903,2025-07-11 14:18:41,mobile,Home,landing
SES_00224,USR_00093,2025-12-20 23:06:49,laptop,Home,landing
SES_00225,USR_00709,2025-04-22 21:29:32,mobile,Category,landing
SES_00226,USR_00876,2025-12-11 15:00:56,mobile,Ad_pdp,Thank_you
SES_00227,USR_00622,2025-04-06 04:14:41,mobile,Ad_pdp,landing
SES_00228,USR_00118,2025-05-28 16:47:34,mobile,Home,landing
SES_00229,USR_00446,2025-12-13 00:12:23,mobile,Home,Checkout
SES_00230,USR_00421,2025-10-29 00:35:11,mobile,Product,Category
SES_00231,USR_00934,2025-07-18 13:10:15,mobile,Home,landing
SES_00232,USR_00764,2025-03-16 18:34:52,mobile,Home,Category
SES_00233,USR_00827,2025-07-03 06:02:52,tablet,Home,landing
SES_00234,USR_00549,2025-12-12 12:04:16,mobile,Home,Thank_you
SES_00235,USR_00962,2025-04-01 13:47:09,mobile,Category,Product
SES_00236,USR_00996,2025-06-05 04:56:04,tablet,Home,landing
SES_00237,USR_00200,2025-10-03 16:16:25,tablet,Category,landing
SES_00238,USR_00374,2025-12-14 20:41:20,mobile,Home,landing
SES_00239,USR_00044,2025-09-23 12:11:23,mobile,Category,landing
SES_00240,USR_00656,2025-09-19 02:34:07,mobile,Home,Product
SES_00241,USR_00797,2025-05-29 18:20:11,mobile,Category,landing
SES_00242,USR_00321,2025-03-23 18:07:52,mobile,Category,landing
SES_00243,USR_00567,2025-09-02 09:55:12,mobile,Home,Product
SES_00244,USR_00278,2025-04-15 14:07:04,mobile,Ad_pdp,Product
SES_00245,USR_00352,2025-01-27 11:19:37,mobile,Category,Product
SES_00246,USR_00827,2025-03-05 08:31:35,mobile,Product,Checkout
SES_00247,USR_00349,2025-12-21 06:22:40,mobile,Category,Product
SES_00248,USR_00256,2025-08-06 20:20:04,mobile,Home,landing
SES_00249,USR_00761,2025-10-09 04:43:17,mobile,Product,landing
SES_00250,USR_00044,2025-02-05 17:57:06,mobile,Home,landing
SES_00251,USR_00765,2025-06-07 19:40:29,mobile,Home,Product
SES_00252,USR_00331,2025-08-02 12:01:04,mobile,Home,Checkout
SES_00253,USR_00510,2025-04-16 23:26:50,mobile,Home,Cart
SES_00254,USR_00271,2025-03-24 11:09:22,tablet,Category,landing
SES_00255,USR_00433,2025-03-31 00:07:44,mobile,Home,Product
SES_00256,USR_00578,2025-07-15 16:36:54,mobile,Category,Product
SES_00257,USR_00362,2025-09-26 23:29:50,mobile,Home,landing
SES_00258,USR_00959,2025-02-19 05:48:42,mobile,Ad_pdp,Category
SES_00259,USR_00490,2025-01-01 13:26:01,tablet,Home,landing
SES_00260,USR_00611,2025-03-16 07:16:16,mobile,Category,Thank_you
SES_00261,USR_00709,2025-03-17 04:06:33,mobile,Home,landing
SES_00262,USR_00581,2025-12-30 12:00:00,mobile,Home,Category
SES_00263,USR_00305,2025-11-09 21:13:07,mobile,Ad_pdp,landing
SES_00264,USR_00969,2025-06-17 15:20:34,mobile,Category,Product
SES_00265,USR_00131,2025-01-21 05:50:12,mobile,Home,Category
SES_00266,USR_00057,2025-08-23 19:43:18,mobile,Home,Product
SES_00267,USR_00714,2025-07-23 22:24:05,mobile,Category,landing
SES_00268,USR_00952,2025-11-01 14:07:17,mobile,Home,Checkout
SES_00269,USR_00246,2025-11-12 01:51:59,tablet,Category,landing
SES_00270,USR_00237,2025-01-25 02:34:08,mobile,Category,Cart
SES_00271,USR_00677,2025-01-07 03:53:31,mobile,Home,Product
SES_00272,USR_00864,2025-03-03 05:30:36,laptop,Home,Thank_you
SES_00273,USR_00445,2025-06-11 12:31:56,laptop,Home,Category
SES_00274,USR_00804,2025-02-02 12:54:11,mobile,Home,landing
SES_00275,USR_00539,2025-07-18 07:06:20,mobile,Category,Product
SES_00276,USR_00243,2025-12-14 15:51:46,mobile,Home,Product
SES_00277,USR_00700,2025-03-26 17:51:10,laptop,Home,Category
SES_00278,USR_00502,2025-04-22 19:02:52,mobile,Home,Category
SES_00279,USR_00920,2025-09-30 18:08:24,tablet,Category,landing
SES_00280,USR_00030,2025-12-13 15:16:36,mobile,Category,Checkout
SES_00281,USR_00380,2025-05-08 10:54:14,mobile,Home,Category
SES_00282,USR_00938,2025-10-22 20:40:04,mobile,Product,Product
SES_00283,USR_00835,2025-07-11 09:52:50,mobile,Home,Category
SES_00284,USR_00054,2025-01-11 13:25:04,mobile,Product,landing
SES_00285,USR_00233,2025-02-08 18:15:31,mobile,Category,Checkout
SES_00286,USR_00705,2025-03-22 16:47:53,tablet,Home,Product
SES_00287,USR_00809,2025-04-17 08:12:38,mobile,Ad_pdp,Product
SES_00288,USR_00602,2025-11-29 23:10:46,laptop,Home,Category
SES_00289,USR_00892,2025-08-09 17:28:30,mobile,Home,landing
SES_00290,USR_00237,2025-04-26 21:31:07,mobile,Home,Category
SES_00291,USR_00206,2025-06-22 02:04:01,mobile,Home,Cart
SES_00292,USR_00341,2025-04-02 21:48:54,laptop,Home,Category
SES_00293,USR_00993,2025-11-28 01:27:20,mobile,Home,landing
SES_00294,USR_00768,2025-01-14 21:49:53,mobile,Category,Category
SES_00295,USR_00512,2025-02-11 20:56:29,mobile,Home,Category
SES_00296,USR_00544,2025-10-24 16:33:42,laptop,Home,Category
SES_00297,USR_00315,2025-11-17 09:01:25,mobile,Home,Category
SES_00298,USR_00915,2025-05-09 16:02:39,mobile,Home,Product
SES_00299,USR_00998,2025-10-15 00:37:57,mobile,Category,Product
SES_00300,USR_00699,2025-04-19 10:25:54,tablet,Category,Category
SES_00301,USR_00626,2025-06-01 09:18:46,laptop,Home,Category
SES_00302,USR_00667,2025-02-26 19:34:16,mobile,Home,landing
SES_00303,USR_00575,2025-07-21 19:59:23,mobile,Home,landing
SES_00304,USR_00572,2025-11-01 20:39:36,mobile,Category,Product
SES_00305,USR_00947,2025-05-29 16:00:49,mobile,Ad_pdp,Cart
SES_00306,USR_00098,2025-10-24 04:30:18,mobile,Home,Product
SES_00307,USR_00885,2025-04-09 16:37:39,laptop,Home,Checkout
SES_00308,USR_00179,2025-04-25 03:18:04,mobile,Product,Cart
SES_00309,USR_00367,2025-09-20 09:51:21,mobile,Home,Product
SES_00310,USR_00836,2025-11-28 13:58:20,laptop,Ad_pdp,landing
SES_00311,USR_00744,2025-08-29 23:10:57,mobile,Product,Category
SES_00312,USR_00705,2025-03-12 07:14:51,mobile,Home,Thank_you
SES_00313,USR_00334,2025-06-04 12:48:54,mobile,Home,Cart
SES_00314,USR_00017,2025-01-07 18:10:09,mobile,Home,Product
SES_00315,USR_00907,2025-06-28 17:06:39,mobile,Home,landing
SES_00316,USR_00809,2025-12-16 20:27:21,mobile,Home,Category
SES_00317,USR_00281,2025-06-27 16:50:23,laptop,Home,Cart
SES_00318,USR_00301,2025-12-14 10:25:31,mobile,Home,Cart
SES_00319,USR_00508,2025-01-06 23:42:52,mobile,Category,landing
SES_00320,USR_00407,2025-10-18 20:26:11,mobile,Home,landing
SES_00321,USR_00796,2025-05-31 14:48:32,mobile,Home,Product
SES_00322,USR_00665,2025-11-30 06:56:51,laptop,Ad_pdp,Category
SES_00323,USR_00728,2025-07-13 18:28:14,mobile,Home,Product
SES_00324,USR_00278,2025-10-06 00:16:40,mobile,Category,Category
SES_00325,USR_00579,2025-01-22 06:38:40,tablet,Home,Cart
SES_00326,USR_00764,2025-01-05 01:36:07,mobile,Home,Category
SES_00327,USR_00906,2025-06-30 06:54:48,mobile,Home,Product
SES_00328,USR_00627,2025-05-03 22:58:50,mobile,Home,landing
SES_00329,USR_00116,2025-09-06 11:26:06,mobile,Home,Category
SES_00330,USR_00787,2025-04-02 04:42:56,mobile,Ad_pdp,Category
SES_00331,USR_00262,2025-11-21 05:43:39,mobile,Home,landing
SES_00332,USR_00687,2025-06-22 11:45:10,mobile,Home,Checkout
SES_00333,USR_00888,2025-02-20 18:19:43,mobile,Product,Category
SES_00334,USR_00233,2025-03-27 08:54:22,mobile,Home,landing
SES_00335,USR_00777,2025-08-09 19:17:31,mobile,Category,landing
SES_00336,USR_00666,2025-11-27 23:04:27,laptop,Home,Product
SES_00337,USR_00786,2025-02-21 06:37:06,mobile,Home,Category
SES_00338,USR_00987,2025-09-19 10:08:23,mobile,Home,Category
SES_00339,USR_00941,2025-05-16 23:28:51,mobile,Home,Product
SES_00340,USR_00293,2025-04-24 11:08:50,tablet,Home,landing
SES_00341,USR_00042,2025-10-14 12:54:06,mobile,Category,Cart
SES_00342,USR_00911,2025-02-01 12:14:05,mobile,Home,Category
SES_00343,USR_00982,2025-01-09 06:54:13,mobile,Home,Product
SES_00344,USR_00690,2025-07-18 06:40:23,mobile,Category,landing
SES_00345,USR_00141,2025-01-25 20:09:11,mobile,Category,landing
SES_00346,USR_00762,2025-04-30 12:01:03,mobile,Home,Cart
SES_00347,USR_00308,2025-08-10 22:34:21,laptop,Home,landing
SES_00348,USR_00945,2025-04-18 16:15:19,mobile,Home,Product
SES_00349,USR_00214,2025-11-24 17:07:38,mobile,Home,Category
SES_00350,USR_00245,2025-05-12 17:52:10,laptop,Ad_pdp,landing
SES_00351,USR_00587,2025-12-06 21:57:32,mobile,Category,Cart
SES_00352,USR_00057,2025-12-11 13:30:16,mobile,Home,Category
SES_00353,USR_00451,2025-02-09 08:51:36,laptop,Home,Category
SES_00354,USR_00253,2025-10-04 06:15:22,mobile,Product,landing
SES_00355,USR_00407,2025-07-12 05:23:01,mobile,Home,landing
SES_00356,USR_00194,2025-03-07 03:10:00,laptop,Home,Cart
SES_00357,USR_00757,2025-03-24 18:57:54,mobile,Product,landing
SES_00358,USR_00683,2025-11-12 11:18:38,mobile,Home,Product
SES_00359,USR_00357,2025-03-20 03:22:13,mobile,Product,landing
SES_00360,USR_00913,2025-02-12 17:03:40,mobile,Ad_pdp,Category
SES_00361,USR_00495,2025-01-06 14:56:02,laptop,Product,landing
SES_00362,USR_00106,2025-05-19 11:58:12,tablet,Home,Cart
SES_00363,USR_00084,2025-11-09 15:04:33,mobile,Home,Product
SES_00364,USR_00013,2025-11-06 07:41:44,laptop,Category,landing
SES_00365,USR_00096,2025-04-27 10:30:39,mobile,Ad_pdp,Category
SES_00366,USR_00785,2025-03-19 14:20:30,mobile,Product,Thank_you
SES_00367,USR_00874,2025-11-16 09:23:56,mobile,Home,Product
SES_00368,USR_00141,2025-02-06 13:28:34,mobile,Ad_pdp,Category
SES_00369,USR_00208,2025-03-27 17:03:41,laptop,Home,landing
SES_00370,USR_00431,2025-12-23 17:54:53,mobile,Ad_pdp,Product
SES_00371,USR_00368,2025-12-10 11:16:35,mobile,Category,landing
SES_00372,USR_00422,2025-08-21 21:41:54,mobile,Home,Product
SES_00373,USR_00436,2025-10-07 01:40:08,mobile,Product,landing
SES_00374,USR_00412,2025-08-15 07:04:01,mobile,Home,Category
SES_00375,USR_00843,2025-03-16 15:42:48,mobile,Category,landing
SES_00376,USR_00788,2025-10-02 05:50:39,mobile,Home,landing
SES_00377,USR_00264,2025-02-14 18:17:44,tablet,Ad_pdp,landing
SES_00378,USR_00630,2025-05-30 18:02:01,mobile,Category,Category
SES_00379,USR_00002,2025-04-07 01:01:31,mobile,Home,Product
SES_00380,USR_00059,2025-06-05 17:49:45,mobile,Product,Category
SES_00381,USR_00116,2025-01-05 05:27:36,mobile,Home,Category
SES_00382,USR_00856,2025-06-13 14:33:19,mobile,Home,landing
SES_00383,USR_00882,2025-01-17 08:21:55,mobile,Home,Product
SES_00384,USR_00378,2025-01-09 06:58:56,mobile,Product,Category
SES_00385,USR_00908,2025-10-06 12:51:13,mobile,Category,Checkout
SES_00386,USR_00452,2025-12-06 00:25:18,laptop,Home,Category
SES_00387,USR_00398,2025-05-09 03:09:39,mobile,Ad_pdp,Product
SES_00388,USR_00670,2025-11-06 10:41:09,laptop,Home,landing
SES_00389,USR_00573,2025-09-14 04:19:43,mobile,Home,Thank_you
SES_00390,USR_00998,2025-08-27 08:54:54,mobile,Ad_pdp,landing
SES_00391,USR_00237,2025-12-02 01:31:57,mobile,Category,Category
SES_00392,USR_00081,2025-08-16 20:31:55,mobile,Category,Checkout
SES_00393,USR_00178,2025-06-04 10:51:51,mobile,Ad_pdp,Cart
SES_00394,USR_00289,2025-12-23 01:09:08,tablet,Home,Product
SES_00395,USR_00221,2025-06-09 01:40:38,mobile,Ad_pdp,landing
SES_00396,USR_00315,2025-06-04 11:57:24,mobile,Home,Checkout
SES_00397,USR_00728,2025-08-04 21:04:03,tablet,Category,landing
SES_00398,USR_00402,2025-07-15 03:14:32,laptop,Home,Product
SES_00399,USR_00219,2025-05-27 16:24:22,mobile,Home,Category
SES_00400,USR_00962,2025-09-10 02:23:25,mobile,Home,Checkout
SES_00401,USR_00280,2025-08-19 03:25:56,mobile,Home,Cart
SES_00402,USR_00598,2025-06-22 04:54:38,tablet,Home,landing
SES_00403,USR_00919,2025-11-20 03:13:35,mobile,Category,landing
SES_00404,USR_00588,2025-06-30 10:43:38,mobile,Ad_pdp,Category
SES_00405,USR_00799,2025-09-14 04:26:23,mobile,Home,landing
SES_00406,USR_00372,2025-12-28 01:24:53,mobile,Category,Category
SES_00407,USR_00069,2025-12-04 15:20:24,mobile,Home,landing
SES_00408,USR_00961,2025-04-20 04:45:22,tablet,Home,Product
SES_00409,USR_00088,2025-10-20 19:47:25,laptop,Home,landing
SES_00410,USR_00885,2025-04-29 19:47:30,mobile,Category,landing
SES_00411,USR_00908,2025-12-26 04:34:50,mobile,Product,Cart
SES_00412,USR_00110,2025-09-27 08:16:55,mobile,Category,landing
SES_00413,USR_00513,2025-10-15 23:47:24,mobile,Home,Product
SES_00414,USR_00335,2025-01-30 22:32:02,tablet,Ad_pdp,Cart
SES_00415,USR_00304,2025-03-28 11:42:49,mobile,Home,Category
SES_00416,USR_00946,2025-11-07 19:44:24,mobile,Ad_pdp,Cart
SES_00417,USR_00220,2025-02-11 16:55:43,laptop,Category,Product
SES_00418,USR_00387,2025-05-14 07:01:09,mobile,Home,Cart
SES_00419,USR_00943,2025-08-31 09:43:03,mobile,Category,Category
SES_00420,USR_00056,2025-10-16 17:25:03,laptop,Ad_pdp,Category
SES_00421,USR_00777,2025-05-18 17:20:02,mobile,Home,Category
SES_00422,USR_00115,2025-03-26 16:23:52,mobile,Home,Category
SES_00423,USR_00246,2025-03-20 07:53:55,tablet,Home,Category
SES_00424,USR_00089,2025-03-30 09:08:20,mobile,Product,Product
SES_00425,USR_00401,2025-08-04 21:49:41,mobile,Category,Cart
SES_00426,USR_00297,2025-07-27 08:08:05,mobile,Ad_pdp,landing
SES_00427,USR_00142,2025-04-15 16:10:01,mobile,Home,landing
SES_00428,USR_00324,2025-07-01 00:29:25,mobile,Home,landing
SES_00429,USR_00427,2025-03-29 03:31:13,mobile,Home,Checkout
SES_00430,USR_00534,2025-03-02 09:38:19,mobile,Ad_pdp,Category
SES_00431,USR_00152,2025-05-15 19:01:46,mobile,Category,Category
SES_00432,USR_00303,2025-01-28 02:37:45,mobile,Home,landing
SES_00433,USR_00956,2025-12-21 11:00:10,mobile,Home,landing
SES_00434,USR_00815,2025-10-28 08:35:44,mobile,Home,Category
SES_00435,USR_00118,2025-01-25 22:31:15,mobile,Category,Checkout
SES_00436,USR_00677,2025-10-14 11:29:14,mobile,Home,Checkout
SES_00437,USR_00545,2025-08-30 19:13:48,laptop,Category,Category
SES_00438,USR_00377,2025-08-13 14:31:54,mobile,Home,Category
SES_00439,USR_00122,2025-03-25 10:46:29,mobile,Home,Checkout
SES_00440,USR_00416,2025-01-22 00:56:33,tablet,Category,landing
SES_00441,USR_00272,2025-11-12 18:50:55,mobile,Home,landing
SES_00442,USR_00416,2025-12-28 13:10:51,mobile,Home,landing
SES_00443,USR_00458,2025-04-25 23:45:22,mobile,Category,landing
SES_00444,USR_00865,2025-05-03 07:10:50,mobile,Home,Cart
SES_00445,USR_00096,2025-09-21 14:29:06,mobile,Home,Category
SES_00446,USR_00680,2025-05-15 09:05:20,mobile,Product,Category
SES_00447,USR_00505,2025-02-13 11:06:02,mobile,Ad_pdp,Cart
SES_00448,USR_00434,2025-05-23 21:32:45,mobile,Product,landing
SES_00449,USR_00443,2025-10-20 13:58:55,mobile,Home,Checkout
SES_00450,USR_00625,2025-09-01 04:39:30,mobile,Home,Cart
SES_00451,USR_00631,2025-05-08 08:12:56,mobile,Home,Category
SES_00452,USR_00470,2025-11-21 04:07:10,mobile,Home,Category
SES_00453,USR_00091,2025-10-21 20:10:32,mobile,Home,Cart
SES_00454,USR_00784,2025-11-15 11:14:28,mobile,Home,landing
SES_00455,USR_00617,2025-10-25 17:52:35,laptop,Home,Product
SES_00456,USR_00594,2025-10-01 10:15:09,mobile,Home,landing
SES_00457,USR_00440,2025-01-11 19:40:55,tablet,Category,landing
SES_00458,USR_00942,2025-02-27 08:25:26,mobile,Product,landing
SES_00459,USR_00073,2025-03-30 15:37:52,mobile,Category,landing
SES_00460,USR_00195,2025-08-11 22:19:19,mobile,Home,landing
SES_00461,USR_00188,2025-02-12 23:17:39,mobile,Category,Product
SES_00462,USR_00786,2025-08-02 00:42:12,mobile,Home,Category
SES_00463,USR_00461,2025-04-01 06:12:30,mobile,Category,landing
SES_00464,USR_00930,2025-05-10 17:32:56,tablet,Category,landing
SES_00465,USR_00404,2025-09-28 06:51:24,mobile,Home,Cart
SES_00466,USR_00071,2025-02-27 07:46:18,mobile,Home,Category
SES_00467,USR_00688,2025-02-14 12:47:04,mobile,Category,landing
SES_00468,USR_00964,2025-12-04 21:01:57,mobile,Product,landing
SES_00469,USR_00403,2025-04-21 21:57:13,mobile,Home,Cart
SES_00470,USR_00859,2025-01-19 22:05:10,mobile,Home,Category
SES_00471,USR_00828,2025-04-11 13:31:22,tablet,Home,Category
SES_00472,USR_00505,2025-01-26 21:46:42,mobile,Ad_pdp,landing
SES_00473,USR_00704,2025-06-03 12:49:45,mobile,Ad_pdp,landing
SES_00474,USR_00516,2025-10-23 10:04:51,mobile,Home,landing
SES_00475,USR_00643,2025-02-07 03:39:45,mobile,Home,landing
SES_00476,USR_00073,2025-07-01 03:46:43,mobile,Home,Cart
SES_00477,USR_00887,2025-02-22 21:39:05,laptop,Category,landing
SES_00478,USR_00713,2025-02-24 14:58:31,mobile,Home,Checkout
SES_00479,USR_00046,2025-11-02 20:49:39,mobile,Home,landing
SES_00480,USR_00835,2025-03-19 16:14:03,mobile,Product,landing
SES_00481,USR_00130,2025-05-11 05:30:52,mobile,Home,landing
SES_00482,USR_00737,2025-05-21 02:08:43,mobile,Ad_pdp,Category
SES_00483,USR_00607,2025-12-23 04:38:50,mobile,Home,Category
SES_00484,USR_00380,2025-02-05 00:55:11,mobile,Home,Checkout
SES_00485,USR_00290,2025-06-06 02:52:57,mobile,Home,Product
SES_00486,USR_00439,2025-01-10 08:45:58,mobile,Category,Product
SES_00487,USR_00994,2025-03-12 20:34:32,mobile,Home,Thank_you
SES_00488,USR_00164,2025-07-20 13:18:06,mobile,Home,Product
SES_00489,USR_00541,2025-09-05 21:23:16,mobile,Category,landing
SES_00490,USR_00944,2025-01-24 01:53:00,mobile,Product,Cart
SES_00491,USR_00376,2025-06-17 06:48:29,mobile,Home,Cart
SES_00492,USR_00899,2025-04-23 01:51:29,mobile,Home,Product
SES_00493,USR_00158,2025-04-03 17:46:26,mobile,Home,Product
SES_00494,USR_00178,2025-02-11 09:34:05,mobile,Home,Thank_you
SES_00495,USR_00820,2025-11-24 04:26:37,mobile,Category,Category
SES_00496,USR_00735,2025-06-20 12:11:49,laptop,Category,Cart
SES_00497,USR_00329,2025-12-29 00:29:49,mobile,Category,Category
SES_00498,USR_00633,2025-10-21 16:03:58,mobile,Product,Category
SES_00499,USR_00339,2025-06-14 11:36:30,tablet,Ad_pdp,landing
SES_00500,USR_00223,2025-09-24 00:27:09,laptop,Product,Category
SES_00501,USR_00541,2025-01-24 23:30:50,mobile,Product,Category
SES_00502,USR_00712,2025-08-25 09:14:17,mobile,Product,landing
SES_00503,USR_00523,2025-11-10 13:35:01,tablet,Home,landing
SES_00504,USR_00149,2025-06-12 07:25:10,laptop,Home,Cart
SES_00505,USR_00891,2025-11-26 23:22:33,mobile,Home,landing
SES_00506,USR_00566,2025-06-05 22:43:53,tablet,Home,Product
SES_00507,USR_00566,2025-12-15 15:41:04,mobile,Home,Product
SES_00508,USR_00270,2025-12-15 22:21:40,tablet,Ad_pdp,landing
SES_00509,USR_00175,2025-10-01 08:06:49,mobile,Category,landing
SES_00510,USR_00553,2025-12-30 16:23:25,mobile,Home,Cart
SES_00511,USR_00120,2025-01-10 01:48:53,mobile,Category,Category
SES_00512,USR_00992,2025-06-09 07:19:22,mobile,Home,landing
SES_00513,USR_00559,2025-12-21 08:05:45,tablet,Product,landing
SES_00514,USR_00401,2025-03-16 10:46:44,mobile,Ad_pdp,Category
SES_00515,USR_00575,2025-08-31 22:43:20,mobile,Category,Category
SES_00516,USR_00627,2025-11-25 13:06:30,mobile,Home,Category
SES_00517,USR_00311,2025-11-02 11:36:29,mobile,Product,landing
SES_00518,USR_00084,2025-05-26 09:56:00,mobile,Home,Category
SES_00519,USR_00025,2025-03-29 09:13:41,mobile,Category,landing
SES_00520,USR_00813,2025-06-06 18:27:42,mobile,Category,Product
SES_00521,USR_00002,2025-06-10 01:16:50,mobile,Category,Cart
SES_00522,USR_00718,2025-09-26 15:35:25,mobile,Home,Category
SES_00523,USR_00917,2025-06-26 06:59:47,laptop,Home,landing
SES_00524,USR_00046,2025-04-16 23:25:32,tablet,Home,landing
SES_00525,USR_00673,2025-11-23 15:42:42,mobile,Home,Category
SES_00526,USR_00984,2025-09-25 18:39:50,tablet,Product,landing
SES_00527,USR_00048,2025-07-25 21:32:36,mobile,Home,landing
SES_00528,USR_00542,2025-07-07 03:28:54,laptop,Home,Category
SES_00529,USR_00021,2025-03-15 01:28:12,laptop,Ad_pdp,Checkout
SES_00530,USR_00825,2025-04-07 23:41:41,mobile,Product,landing
SES_00531,USR_00279,2025-02-28 14:52:03,mobile,Home,landing
SES_00532,USR_00607,2025-03-28 08:31:27,mobile,Category,Category
SES_00533,USR_00452,2025-05-28 16:58:50,laptop,Category,Category
SES_00534,USR_00448,2025-11-18 12:45:50,mobile,Home,landing
SES_00535,USR_00697,2025-10-26 19:48:38,mobile,Ad_pdp,Category
SES_00536,USR_00353,2025-06-28 12:30:39,mobile,Home,Cart
SES_00537,USR_00197,2025-03-14 10:22:09,mobile,Home,Category
SES_00538,USR_00485,2025-04-27 18:34:56,laptop,Category,landing
SES_00539,USR_00308,2025-05-20 18:28:05,mobile,Category,Product
SES_00540,USR_00497,2025-11-29 13:59:31,laptop,Ad_pdp,landing
SES_00541,USR_00586,2025-10-29 20:11:57,mobile,Home,landing
SES_00542,USR_00454,2025-08-22 06:27:05,laptop,Category,Category
SES_00543,USR_00151,2025-02-19 15:33:56,mobile,Product,Product
SES_00544,USR_00610,2025-05-08 00:19:35,mobile,Home,Product
SES_00545,USR_00720,2025-04-21 08:25:17,mobile,Ad_pdp,landing
SES_00546,USR_00392,2025-05-18 21:31:58,mobile,Category,landing
SES_00547,USR_00280,2025-05-29 01:56:35,mobile,Home,Cart
SES_00548,USR_00159,2025-01-28 14:13:51,mobile,Category,Product
SES_00549,USR_00408,2025-10-18 21:11:25,mobile,Home,landing
SES_00550,USR_00425,2025-05-28 07:40:56,laptop,Category,Product
SES_00551,USR_00361,2025-09-06 15:49:12,mobile,Product,landing
SES_00552,USR_00095,2025-08-19 22:52:58,mobile,Home,Category
SES_00553,USR_00806,2025-07-04 05:11:57,mobile,Home,landing
SES_00554,USR_00456,2025-11-13 19:58:37,mobile,Home,Category
SES_00555,USR_00465,2025-04-10 22:40:39,mobile,Home,landing
SES_00556,USR_00349,2025-10-13 02:01:20,mobile,Home,landing
SES_00557,USR_00381,2025-04-05 22:50:29,mobile,Home,landing
SES_00558,USR_00538,2025-07-14 02:41:57,tablet,Product,landing
SES_00559,USR_00292,2025-07-19 04:54:43,mobile,Category,Product
SES_00560,USR_00149,2025-10-05 01:06:21,mobile,Home,Checkout
SES_00561,USR_00536,2025-05-11 13:44:19,mobile,Home,landing
SES_00562,USR_00457,2025-02-22 18:40:51,mobile,Category,Cart
SES_00563,USR_00346,2025-02-17 19:58:58,mobile,Home,Category
SES_00564,USR_00137,2025-01-17 02:00:26,laptop,Home,Checkout
SES_00565,USR_00853,2025-09-17 15:25:22,mobile,Product,Category
SES_00566,USR_00464,2025-05-17 01:19:31,tablet,Category,landing
SES_00567,USR_00541,2025-11-20 09:47:26,mobile,Home,Category
SES_00568,USR_00907,2025-03-15 05:59:20,mobile,Ad_pdp,Product
SES_00569,USR_00260,2025-08-22 10:22:32,mobile,Home,Category
SES_00570,USR_00442,2025-11-05 14:17:37,mobile,Home,Category
SES_00571,USR_00669,2025-10-10 21:10:01,mobile,Category,landing
SES_00572,USR_00094,2025-01-09 18:41:20,mobile,Home,landing
SES_00573,USR_00565,2025-03-05 07:40:12,mobile,Category,Cart
SES_00574,USR_00835,2025-08-12 21:43:29,mobile,Home,Checkout
SES_00575,USR_00805,2025-10-05 21:28:30,laptop,Category,landing
SES_00576,USR_00021,2025-02-02 13:02:44,mobile,Category,Checkout
SES_00577,USR_00694,2025-08-23 09:43:40,mobile,Ad_pdp,landing
SES_00578,USR_00380,2025-06-12 11:47:51,mobile,Home,Category
SES_00579,USR_00240,2025-05-26 01:13:34,mobile,Home,Checkout
SES_00580,USR_00836,2025-03-26 11:31:48,mobile,Product,landing
SES_00581,USR_00623,2025-01-20 23:23:25,mobile,Category,landing
SES_00582,USR_00143,2025-01-20 23:21:27,mobile,Category,landing
SES_00583,USR_00922,2025-12-29 04:30:55,tablet,Home,Category
SES_00584,USR_00926,2025-10-19 05:06:53,mobile,Category,Product
SES_00585,USR_00160,2025-04-16 01:32:07,mobile,Ad_pdp,Category
SES_00586,USR_00346,2025-08-03 08:03:27,mobile,Home,Thank_you
SES_00587,USR_00533,2025-07-09 04:38:59,mobile,Category,Category
SES_00588,USR_00764,2025-09-11 05:22:42,mobile,Home,landing
SES_00589,USR_00590,2025-08-10 10:35:40,tablet,Category,Product
SES_00590,USR_00835,2025-10-17 04:54:42,mobile,Category,Product
SES_00591,USR_00124,2025-03-06 08:07:53,mobile,Category,Cart
SES_00592,USR_00482,2025-10-04 07:06:46,mobile,Category,Category
SES_00593,USR_00566,2025-01-28 19:32:32,mobile,Category,Category
SES_00594,USR_00042,2025-09-07 04:09:21,mobile,Home,Product
SES_00595,USR_00452,2025-03-14 06:29:12,mobile,Home,Thank_you
SES_00596,USR_00426,2025-02-07 23:17:22,mobile,Category,landing
SES_00597,USR_00430,2025-11-19 05:34:11,laptop,Ad_pdp,landing
SES_00598,USR_00094,2025-09-14 19:02:55,laptop,Home,landing
SES_00599,USR_00714,2025-10-08 09:44:16,mobile,Home,landing
SES_00600,USR_00493,2025-03-17 01:22:08,mobile,Home,Category
SES_00601,USR_00057,2025-07-20 03:20:35,mobile,Home,landing
SES_00602,USR_00339,2025-04-14 16:06:37,mobile,Home,Category
SES_00603,USR_00342,2025-12-11 10:59:03,mobile,Home,landing
SES_00604,USR_00956,2025-08-21 19:54:03,mobile,Home,Cart
SES_00605,USR_00632,2025-09-30 16:41:55,mobile,Category,Cart
SES_00606,USR_00041,2025-08-30 22:31:34,mobile,Home,landing
SES_00607,USR_00825,2025-09-17 12:26:01,laptop,Category,Category
SES_00608,USR_00915,2025-08-25 04:16:54,mobile,Home,Category
SES_00609,USR_00617,2025-01-27 08:26:05,mobile,Category,Category
SES_00610,USR_00944,2025-04-26 13:08:17,mobile,Category,landing
SES_00611,USR_00559,2025-04-19 02:45:55,mobile,Product,Category
SES_00612,USR_00439,2025-03-13 18:50:07,mobile,Product,landing
SES_00613,USR_00461,2025-02-03 02:55:18,mobile,Home,Product
SES_00614,USR_00151,2025-04-05 07:00:51,mobile,Home,Cart
SES_00615,USR_00734,2025-07-01 06:42:11,mobile,Category,Category
SES_00616,USR_00896,2025-07-25 21:16:10,mobile,Category,Product
SES_00617,USR_00585,2025-05-31 16:34:06,mobile,Product,landing
SES_00618,USR_00680,2025-07-17 09:35:54,mobile,Home,landing
SES_00619,USR_00191,2025-12-27 13:55:55,mobile,Product,landing
SES_00620,USR_00565,2025-06-19 05:09:55,laptop,Ad_pdp,Category
SES_00621,USR_00123,2025-03-29 20:01:45,mobile,Home,landing
SES_00622,USR_00829,2025-05-23 13:35:22,mobile,Category,landing
SES_00623,USR_00264,2025-12-04 19:28:49,mobile,Product,Product
SES_00624,USR_00202,2025-01-27 15:50:51,mobile,Home,Category
SES_00625,USR_00995,2025-12-23 17:25:35,mobile,Home,Category
SES_00626,USR_00276,2025-05-08 14:40:14,laptop,Category,landing
SES_00627,USR_00795,2025-11-09 22:48:55,tablet,Ad_pdp,Cart
SES_00628,USR_00156,2025-01-25 22:47:21,mobile,Product,Thank_you
SES_00629,USR_00521,2025-07-05 15:20:29,tablet,Home,Checkout
SES_00630,USR_00403,2025-09-03 18:10:49,mobile,Home,landing
SES_00631,USR_00374,2025-03-28 13:23:23,tablet,Category,landing
SES_00632,USR_00715,2025-09-25 02:14:49,mobile,Category,Thank_you
SES_00633,USR_00984,2025-12-10 18:54:09,tablet,Home,Category
SES_00634,USR_00563,2025-10-14 00:39:39,mobile,Home,landing
SES_00635,USR_00645,2025-07-17 09:16:59,laptop,Product,landing
SES_00636,USR_00095,2025-01-23 06:35:03,mobile,Category,landing
SES_00637,USR_00944,2025-04-13 05:57:47,mobile,Category,Category
SES_00638,USR_00114,2025-09-06 12:47:22,mobile,Home,landing
SES_00639,USR_00728,2025-01-19 00:05:55,tablet,Home,Checkout
SES_00640,USR_00699,2025-01-29 23:12:00,mobile,Product,Thank_you
SES_00641,USR_00878,2025-08-05 22:08:30,mobile,Category,Product
SES_00642,USR_00690,2025-08-24 02:21:04,mobile,Home,landing
SES_00643,USR_00380,2025-09-03 12:28:10,mobile,Home,Category
SES_00644,USR_00399,2025-08-02 06:10:31,mobile,Home,Product
SES_00645,USR_00109,2025-05-01 06:28:33,laptop,Home,landing
SES_00646,USR_00407,2025-06-03 15:13:52,tablet,Home,landing
SES_00647,USR_00814,2025-05-18 11:35:12,mobile,Category,Category
SES_00648,USR_00268,2025-11-29 13:50:16,mobile,Home,Product
SES_00649,USR_00243,2025-02-18 02:58:42,laptop,Category,landing
SES_00650,USR_00436,2025-10-07 12:22:10,mobile,Home,Checkout
SES_00651,USR_00696,2025-01-23 04:13:17,mobile,Product,Category
SES_00652,USR_00456,2025-04-10 03:02:49,mobile,Home,landing
SES_00653,USR_00336,2025-10-22 10:52:50,mobile,Home,Category
SES_00654,USR_00417,2025-07-24 13:48:36,mobile,Home,landing
SES_00655,USR_00521,2025-02-08 19:25:59,mobile,Product,Category
SES_00656,USR_00676,2025-12-05 23:10:27,laptop,Home,Product
SES_00657,USR_00169,2025-05-07 13:58:29,mobile,Product,landing
SES_00658,USR_00757,2025-11-27 06:06:23,mobile,Home,Product
SES_00659,USR_00849,2025-06-21 20:02:48,mobile,Product,Category
SES_00660,USR_00812,2025-05-30 18:05:26,mobile,Category,landing
SES_00661,USR_00822,2025-07-13 22:06:27,mobile,Home,landing
SES_00662,USR_00504,2025-05-11 15:58:10,mobile,Product,landing
SES_00663,USR_00036,2025-06-10 06:42:17,mobile,Home,landing
SES_00664,USR_00136,2025-06-02 03:16:07,mobile,Home,landing
SES_00665,USR_00319,2025-12-29 09:50:20,mobile,Product,landing
SES_00666,USR_00571,2025-11-30 13:19:50,tablet,Product,Cart
SES_00667,USR_00347,2025-08-16 09:45:42,mobile,Product,Category
SES_00668,USR_00901,2025-11-08 20:34:34,mobile,Category,Product
SES_00669,USR_00252,2025-03-22 20:32:36,mobile,Home,Category
SES_00670,USR_00450,2025-10-07 00:05:50,mobile,Home,landing
SES_00671,USR_00313,2025-02-13 16:03:20,mobile,Home,landing
SES_00672,USR_00884,2025-03-08 03:06:55,mobile,Home,Product
SES_00673,USR_00411,2025-08-27 11:42:28,mobile,Category,landing
SES_00674,USR_00075,2025-08-12 01:19:00,mobile,Home,landing
SES_00675,USR_00647,2025-07-02 20:27:04,mobile,Home,Cart
SES_00676,USR_00745,2025-11-30 22:21:11,mobile,Home,Cart
SES_00677,USR_00829,2025-05-09 01:42:08,tablet,Product,Checkout
SES_00678,USR_00406,2025-10-27 21:41:43,laptop,Product,Product
SES_00679,USR_00458,2025-02-20 14:31:33,mobile,Home,Checkout
SES_00680,USR_00956,2025-02-05 22:32:22,mobile,Home,Product
SES_00681,USR_00439,2025-09-04 15:26:22,mobile,Home,Category
SES_00682,USR_00367,2025-06-08 04:09:38,mobile,Category,Checkout
SES_00683,USR_00260,2025-10-15 01:54:56,mobile,Category,Cart
SES_00684,USR_00652,2025-11-17 09:57:14,mobile,Home,Category
SES_00685,USR_00327,2025-07-24 16:21:19,mobile,Home,landing
SES_00686,USR_00797,2025-07-14 13:51:03,laptop,Home,landing
SES_00687,USR_00051,2025-09-20 19:28:34,mobile,Home,Product
SES_00688,USR_00746,2025-05-11 03:45:35,mobile,Home,landing
SES_00689,USR_00136,2025-03-15 06:18:37,mobile,Category,Category
SES_00690,USR_00998,2025-09-25 20:07:24,laptop,Home,Checkout
SES_00691,USR_00502,2025-08-09 01:16:17,laptop,Home,Product
SES_00692,USR_00841,2025-07-03 01:10:47,laptop,Home,landing
SES_00693,USR_00074,2025-09-19 02:51:47,mobile,Home,landing
SES_00694,USR_00808,2025-12-18 08:17:41,mobile,Home,landing
SES_00695,USR_00150,2025-11-29 09:20:51,mobile,Home,Category
SES_00696,USR_00827,2025-06-12 05:59:49,mobile,Home,Category
SES_00697,USR_00187,2025-01-17 10:35:50,mobile,Product,Category
SES_00698,USR_00083,2025-09-26 20:25:21,mobile,Home,landing
SES_00699,USR_00715,2025-10-21 16:53:06,mobile,Ad_pdp,landing
SES_00700,USR_00189,2025-06-16 04:33:49,laptop,Home,landing
SES_00701,USR_00345,2025-04-27 13:04:48,mobile,Home,landing
SES_00702,USR_00465,2025-07-08 12:25:59,mobile,Home,landing
SES_00703,USR_00072,2025-02-04 02:28:47,laptop,Home,Product
SES_00704,USR_00307,2025-03-05 19:51:31,laptop,Ad_pdp,landing
SES_00705,USR_00949,2025-12-20 23:38:40,laptop,Category,Checkout
SES_00706,USR_00360,2025-08-05 04:39:25,mobile,Category,Thank_you
SES_00707,USR_00058,2025-02-14 16:48:47,mobile,Home,Product
SES_00708,USR_00996,2025-05-06 18:35:54,laptop,Category,landing
SES_00709,USR_00407,2025-02-15 07:04:45,mobile,Home,Category
SES_00710,USR_00319,2025-07-16 15:15:38,laptop,Home,Cart
SES_00711,USR_00730,2025-05-25 03:03:38,mobile,Product,landing
SES_00712,USR_00182,2025-09-24 22:11:08,mobile,Category,Category
SES_00713,USR_00604,2025-06-26 20:08:01,mobile,Home,landing
SES_00714,USR_00547,2025-04-02 19:23:09,tablet,Home,landing
SES_00715,USR_00796,2025-01-02 13:39:06,mobile,Category,landing
SES_00716,USR_00274,2025-05-30 07:55:37,mobile,Ad_pdp,Category
SES_00717,USR_00131,2025-05-11 22:30:10,mobile,Home,landing
SES_00718,USR_00866,2025-04-21 15:31:11,mobile,Ad_pdp,landing
SES_00719,USR_00023,2025-03-28 18:57:10,mobile,Ad_pdp,Product
SES_00720,USR_00651,2025-05-30 08:32:01,laptop,Category,landing
SES_00721,USR_00657,2025-05-05 16:07:23,mobile,Ad_pdp,Category
SES_00722,USR_00666,2025-06-12 17:32:42,mobile,Home,Cart
SES_00723,USR_00823,2025-08-29 14:15:16,mobile,Home,landing
SES_00724,USR_00412,2025-10-05 07:23:56,mobile,Home,Product
SES_00725,USR_00967,2025-02-06 05:10:16,mobile,Home,landing
SES_00726,USR_00527,2025-10-21 10:13:04,mobile,Home,Product
SES_00727,USR_00159,2025-06-02 00:55:27,mobile,Category,landing
SES_00728,USR_00526,2025-06-29 07:50:21,mobile,Ad_pdp,landing
SES_00729,USR_00393,2025-01-10 04:47:55,mobile,Home,Checkout
SES_00730,USR_00162,2025-07-26 08:45:08,mobile,Category,landing
SES_00731,USR_00703,2025-02-28 10:22:02,mobile,Home,Product
SES_00732,USR_00284,2025-05-22 13:26:45,mobile,Home,Product
SES_00733,USR_00477,2025-02-06 13:41:48,laptop,Home,landing
SES_00734,USR_00260,2025-09-20 13:51:28,mobile,Home,Cart
SES_00735,USR_00457,2025-05-28 23:30:02,mobile,Category,Checkout
SES_00736,USR_00500,2025-01-21 21:21:32,mobile,Category,landing
SES_00737,USR_00176,2025-05-31 14:59:01,mobile,Category,Category
SES_00738,USR_00406,2025-02-16 03:09:23,mobile,Category,landing
SES_00739,USR_00934,2025-07-10 01:55:57,mobile,Home,landing
SES_00740,USR_00556,2025-01-29 14:56:49,mobile,Category,Cart
SES_00741,USR_00956,2025-10-12 19:25:45,tablet,Category,landing
SES_00742,USR_00186,2025-12-04 16:01:06,mobile,Home,Cart
SES_00743,USR_00716,2025-03-18 18:14:44,mobile,Home,landing
SES_00744,USR_00921,2025-03-02 05:31:10,mobile,Home,Product
SES_00745,USR_00132,2025-06-08 11:26:31,mobile,Home,Cart
SES_00746,USR_00412,2025-09-26 16:11:28,mobile,Home,landing
SES_00747,USR_00813,2025-12-28 05:10:10,laptop,Home,landing
SES_00748,USR_00490,2025-12-25 06:03:12,tablet,Category,landing
SES_00749,USR_00616,2025-08-15 08:43:37,mobile,Category,Category
SES_00750,USR_00611,2025-01-18 20:11:15,mobile,Ad_pdp,landing
SES_00751,USR_00058,2025-05-25 14:23:32,tablet,Home,Cart
SES_00752,USR_00271,2025-10-04 01:04:05,mobile,Ad_pdp,Category
SES_00753,USR_00506,2025-09-01 23:36:15,mobile,Category,Cart
SES_00754,USR_00743,2025-08-24 17:56:11,mobile,Home,landing
SES_00755,USR_00499,2025-09-11 12:19:14,mobile,Ad_pdp,landing
SES_00756,USR_00932,2025-11-24 03:55:31,mobile,Category,landing
SES_00757,USR_00365,2025-04-20 18:22:24,mobile,Category,Product
SES_00758,USR_00973,2025-09-11 16:03:29,mobile,Product,Thank_you
SES_00759,USR_00387,2025-07-04 14:59:37,mobile,Home,Product
SES_00760,USR_00279,2025-03-17 08:25:26,mobile,Category,Category
SES_00761,USR_00492,2025-08-07 21:09:50,tablet,Ad_pdp,landing
SES_00762,USR_00692,2025-02-09 04:09:18,mobile,Home,Product
SES_00763,USR_00726,2025-06-09 11:54:39,laptop,Ad_pdp,Checkout
SES_00764,USR_00484,2025-12-28 17:40:45,mobile,Home,landing
SES_00765,USR_00776,2025-11-03 20:32:23,mobile,Ad_pdp,Category
SES_00766,USR_00545,2025-03-28 19:51:11,laptop,Home,landing
SES_00767,USR_00591,2025-03-07 10:43:06,laptop,Category,landing
SES_00768,USR_00636,2025-03-06 00:53:46,mobile,Product,landing
SES_00769,USR_00306,2025-01-15 09:08:18,mobile,Home,Category
SES_00770,USR_00849,2025-03-12 23:07:13,mobile,Home,Checkout
SES_00771,USR_00326,2025-08-20 11:59:47,mobile,Home,Category
SES_00772,USR_00037,2025-10-23 02:57:23,laptop,Ad_pdp,Cart
SES_00773,USR_00180,2025-02-19 20:17:39,tablet,Home,landing
SES_00774,USR_00396,2025-04-14 01:12:01,tablet,Product,Checkout
SES_00775,USR_00760,2025-09-05 02:08:25,tablet,Home,landing
SES_00776,USR_00431,2025-03-18 12:06:49,mobile,Home,Category
SES_00777,USR_00685,2025-07-14 00:59:32,mobile,Category,landing
SES_00778,USR_00993,2025-04-22 06:57:20,mobile,Home,Cart
SES_00779,USR_00230,2025-02-01 10:18:44,mobile,Home,Category
SES_00780,USR_00019,2025-04-06 16:20:01,mobile,Home,Checkout
SES_00781,USR_00892,2025-09-20 20:27:32,laptop,Category,landing
SES_00782,USR_00764,2025-06-12 22:08:41,mobile,Home,landing
SES_00783,USR_00807,2025-03-19 04:19:59,mobile,Home,Category
SES_00784,USR_00321,2025-06-26 20:30:30,laptop,Category,landing
SES_00785,USR_00722,2025-01-11 12:36:59,mobile,Home,Product
SES_00786,USR_00790,2025-09-24 04:25:20,laptop,Ad_pdp,Category
SES_00787,USR_00284,2025-06-07 20:05:44,mobile,Ad_pdp,Product
SES_00788,USR_00019,2025-04-16 02:20:49,mobile,Home,Product
SES_00789,USR_00477,2025-01-26 13:16:06,mobile,Home,Checkout
SES_00790,USR_00631,2025-08-24 19:35:02,mobile,Category,Product
SES_00791,USR_00885,2025-06-29 06:53:59,tablet,Home,Cart
SES_00792,USR_00318,2025-05-04 23:37:25,mobile,Home,landing
SES_00793,USR_00538,2025-11-19 03:31:49,mobile,Category,landing
SES_00794,USR_00604,2025-08-02 14:46:47,tablet,Category,Cart
SES_00795,USR_00752,2025-12-03 01:21:59,mobile,Home,Cart
SES_00796,USR_00604,2025-03-27 08:33:19,mobile,Home,landing
SES_00797,USR_00095,2025-11-01 00:01:00,mobile,Category,Thank_you
SES_00798,USR_00493,2025-07-16 05:38:44,laptop,Home,Product
SES_00799,USR_00908,2025-07-09 18:03:54,laptop,Home,Product
SES_00800,USR_00470,2025-06-05 19:54:48,mobile,Home,landing
SES_00801,USR_00674,2025-08-25 18:35:10,mobile,Home,landing
SES_00802,USR_00252,2025-02-23 19:06:58,mobile,Home,Product
SES_00803,USR_00871,2025-12-04 03:59:49,mobile,Home,landing
SES_00804,USR_00029,2025-01-20 01:33:43,mobile,Home,landing
SES_00805,USR_00572,2025-11-30 07:29:46,mobile,Ad_pdp,Category
SES_00806,USR_00813,2025-04-16 17:53:47,laptop,Home,Category
SES_00807,USR_00444,2025-07-15 13:50:21,mobile,Product,Cart
SES_00808,USR_00206,2025-10-08 00:35:18,laptop,Home,Checkout
SES_00809,USR_00958,2025-06-05 03:58:51,laptop,Home,Checkout
SES_00810,USR_00592,2025-09-08 00:23:47,mobile,Home,Product
SES_00811,USR_00354,2025-11-11 06:29:39,mobile,Home,Category
SES_00812,USR_00798,2025-07-22 20:56:22,tablet,Home,Product
SES_00813,USR_00159,2025-05-05 19:13:54,mobile,Home,Cart
SES_00814,USR_00493,2025-06-06 05:42:55,mobile,Ad_pdp,landing
SES_00815,USR_00336,2025-04-10 18:21:45,mobile,Home,Cart
SES_00816,USR_00695,2025-11-22 13:42:37,mobile,Category,landing
SES_00817,USR_00926,2025-08-28 02:09:29,laptop,Category,Cart
SES_00818,USR_00240,2025-06-27 22:43:34,mobile,Home,Category
SES_00819,USR_00574,2025-02-13 15:48:55,mobile,Category,Category
SES_00820,USR_00527,2025-01-10 19:14:09,mobile,Home,landing
SES_00821,USR_00127,2025-10-17 12:57:31,mobile,Category,Product
SES_00822,USR_00432,2025-08-08 17:04:56,mobile,Category,Category
SES_00823,USR_00902,2025-10-24 09:34:22,mobile,Home,Category
SES_00824,USR_00568,2025-07-04 14:51:24,mobile,Category,Category
SES_00825,USR_00275,2025-10-27 13:14:14,mobile,Home,Product
SES_00826,USR_00087,2025-09-06 18:20:00,mobile,Home,Checkout
SES_00827,USR_00694,2025-10-06 21:00:11,mobile,Home,Cart
SES_00828,USR_00366,2025-12-18 16:25:47,mobile,Category,Cart
SES_00829,USR_00699,2025-03-21 09:21:43,mobile,Home,Product
SES_00830,USR_00054,2025-10-05 05:44:40,mobile,Home,Checkout
SES_00831,USR_00774,2025-12-07 22:34:49,mobile,Category,Product
SES_00832,USR_00143,2025-08-12 14:10:17,mobile,Product,landing
SES_00833,USR_00193,2025-07-14 15:30:12,mobile,Home,landing
SES_00834,USR_00498,2025-12-05 12:27:44,mobile,Ad_pdp,Checkout
SES_00835,USR_00018,2025-01-12 18:11:38,mobile,Home,Category
SES_00836,USR_00399,2025-01-06 18:52:04,mobile,Home,Thank_you
SES_00837,USR_00505,2025-07-27 01:23:32,mobile,Category,landing
SES_00838,USR_00279,2025-05-13 14:32:48,laptop,Home,landing
SES_00839,USR_00842,2025-05-13 04:54:39,tablet,Category,Checkout
SES_00840,USR_00755,2025-12-03 06:51:18,mobile,Home,Category
SES_00841,USR_00545,2025-11-27 20:10:49,mobile,Home,Cart
SES_00842,USR_00081,2025-01-15 21:34:51,mobile,Home,landing
SES_00843,USR_00703,2025-09-05 22:27:57,mobile,Home,landing
SES_00844,USR_00153,2025-03-16 09:34:41,mobile,Home,landing
SES_00845,USR_00729,2025-12-12 22:49:16,mobile,Category,Category
SES_00846,USR_00832,2025-04-08 03:51:23,mobile,Home,Product
SES_00847,USR_00771,2025-09-17 11:25:12,laptop,Category,landing
SES_00848,USR_00413,2025-11-23 15:23:58,tablet,Home,landing
SES_00849,USR_00281,2025-10-30 06:16:08,mobile,Home,landing
SES_00850,USR_00689,2025-05-09 06:38:17,mobile,Home,landing
SES_00851,USR_00240,2025-04-29 02:14:21,mobile,Category,landing
SES_00852,USR_00552,2025-06-29 12:53:12,mobile,Category,Category
SES_00853,USR_00944,2025-07-14 01:19:08,mobile,Category,Checkout
SES_00854,USR_00811,2025-06-18 10:31:48,mobile,Product,landing
SES_00855,USR_00227,2025-12-26 22:43:52,mobile,Home,Category
SES_00856,USR_00979,2025-02-18 16:58:03,mobile,Product,landing
SES_00857,USR_00559,2025-01-27 03:42:55,laptop,Home,Product
SES_00858,USR_00055,2025-12-30 18:22:02,mobile,Category,Category
SES_00859,USR_00126,2025-02-28 19:03:23,mobile,Home,Product
SES_00860,USR_00294,2025-11-03 06:36:36,mobile,Ad_pdp,Category
SES_00861,USR_00350,2025-12-01 19:42:56,mobile,Category,landing
SES_00862,USR_00255,2025-12-17 15:20:22,mobile,Category,Category
SES_00863,USR_00402,2025-12-17 06:16:15,mobile,Ad_pdp,Cart
SES_00864,USR_00179,2025-04-29 08:56:07,mobile,Category,Category
SES_00865,USR_00964,2025-01-24 20:50:30,laptop,Category,landing
SES_00866,USR_00343,2025-05-11 21:37:23,mobile,Category,Category
SES_00867,USR_00519,2025-03-01 23:52:27,mobile,Home,landing
SES_00868,USR_00400,2025-10-25 04:43:39,mobile,Home,Category
SES_00869,USR_00490,2025-07-12 09:55:40,mobile,Category,landing
SES_00870,USR_00474,2025-10-31 14:45:24,mobile,Home,landing
SES_00871,USR_00956,2025-08-04 01:29:47,mobile,Home,landing
SES_00872,USR_00603,2025-07-06 01:01:46,mobile,Home,Category
SES_00873,USR_00078,2025-01-02 22:26:40,mobile,Category,landing
SES_00874,USR_00531,2025-09-19 15:11:24,mobile,Category,landing
SES_00875,USR_00512,2025-04-27 05:32:08,mobile,Category,landing
SES_00876,USR_00216,2025-03-09 04:50:22,laptop,Category,Cart
SES_00877,USR_00615,2025-08-28 01:58:16,mobile,Category,Product
SES_00878,USR_00762,2025-11-05 01:39:39,mobile,Home,Cart
SES_00879,USR_00854,2025-12-11 05:21:00,mobile,Home,Cart
SES_00880,USR_00821,2025-06-14 07:49:07,mobile,Category,Product
SES_00881,USR_00620,2025-02-09 22:46:38,mobile,Category,landing
SES_00882,USR_00147,2025-01-28 20:32:07,mobile,Category,Product
SES_00883,USR_00313,2025-09-16 02:11:25,mobile,Home,Product
SES_00884,USR_00315,2025-10-24 00:40:06,mobile,Home,Category
SES_00885,USR_00785,2025-01-31 08:14:11,mobile,Home,landing
SES_00886,USR_00549,2025-01-31 17:50:46,mobile,Category,landing
SES_00887,USR_00874,2025-02-06 18:18:47,mobile,Home,landing
SES_00888,USR_00397,2025-12-29 23:00:55,mobile,Category,landing
SES_00889,USR_00586,2025-07-28 20:54:24,mobile,Home,Category
SES_00890,USR_00525,2025-06-15 18:14:10,mobile,Home,Category
SES_00891,USR_00838,2025-08-22 22:26:45,mobile,Category,Cart
SES_00892,USR_00648,2025-08-25 23:59:47,tablet,Home,Cart
SES_00893,USR_00029,2025-10-17 06:35:38,mobile,Home,Category
SES_00894,USR_00440,2025-07-23 01:46:04,laptop,Home,landing
SES_00895,USR_00669,2025-08-27 20:51:53,tablet,Home,Cart
SES_00896,USR_00753,2025-05-27 15:41:25,mobile,Category,landing
SES_00897,USR_00306,2025-01-30 12:36:56,mobile,Ad_pdp,landing
SES_00898,USR_00122,2025-08-26 03:44:11,mobile,Home,landing
SES_00899,USR_00739,2025-11-13 15:26:51,laptop,Product,Category
SES_00900,USR_00652,2025-04-09 21:45:53,mobile,Home,Checkout
SES_00901,USR_00384,2025-10-08 18:57:05,laptop,Product,Product
SES_00902,USR_00926,2025-07-21 21:36:58,mobile,Home,Category
SES_00903,USR_00879,2025-09-22 19:17:33,mobile,Home,Category
SES_00904,USR_00486,2025-07-10 21:05:43,tablet,Home,Category
SES_00905,USR_00741,2025-03-18 09:23:28,mobile,Home,Cart
SES_00906,USR_00969,2025-09-21 09:51:15,mobile,Home,Product
SES_00907,USR_00726,2025-12-15 00:16:43,tablet,Home,landing
SES_00908,USR_00719,2025-04-01 00:01:23,mobile,Home,Category
SES_00909,USR_00428,2025-05-06 18:22:03,laptop,Ad_pdp,landing
SES_00910,USR_00202,2025-09-12 14:24:59,mobile,Category,Product
SES_00911,USR_00440,2025-06-18 13:00:47,mobile,Product,Checkout
SES_00912,USR_00833,2025-09-20 19:34:19,mobile,Home,Category
SES_00913,USR_00754,2025-01-29 22:57:51,tablet,Product,landing
SES_00914,USR_00996,2025-01-05 01:09:10,mobile,Home,Category
SES_00915,USR_00510,2025-01-28 15:14:00,mobile,Category,landing
SES_00916,USR_00182,2025-09-20 03:29:25,mobile,Home,Category
SES_00917,USR_00328,2025-02-02 05:15:20,tablet,Product,landing
SES_00918,USR_00262,2025-05-05 16:06:12,mobile,Category,landing
SES_00919,USR_00826,2025-07-02 17:54:11,laptop,Home,Checkout
SES_00920,USR_00309,2025-11-16 11:28:41,mobile,Home,Product
SES_00921,USR_00060,2025-08-03 15:48:33,mobile,Home,landing
SES_00922,USR_00595,2025-07-02 14:36:59,mobile,Home,Category
SES_00923,USR_00089,2025-04-28 18:46:58,mobile,Home,Category
SES_00924,USR_00477,2025-08-15 15:49:58,mobile,Category,landing
SES_00925,USR_00561,2025-11-13 04:56:54,mobile,Category,Product
SES_00926,USR_00631,2025-07-11 16:03:17,mobile,Home,landing
SES_00927,USR_00365,2025-05-22 14:20:53,mobile,Ad_pdp,landing
SES_00928,USR_00359,2025-11-19 08:25:14,laptop,Home,Category
SES_00929,USR_00765,2025-12-28 10:12:25,mobile,Home,Category
SES_00930,USR_00032,2025-01-27 18:56:56,laptop,Category,landing
SES_00931,USR_00501,2025-05-24 23:49:15,mobile,Home,landing
SES_00932,USR_00498,2025-10-02 19:58:02,tablet,Category,Category
SES_00933,USR_00533,2025-03-16 15:13:15,mobile,Home,landing
SES_00934,USR_00914,2025-06-24 21:15:19,mobile,Category,landing
SES_00935,USR_00850,2025-12-16 13:37:31,mobile,Category,landing
SES_00936,USR_00729,2025-09-20 17:53:44,tablet,Home,Checkout
SES_00937,USR_00302,2025-04-27 22:35:51,mobile,Home,Category
SES_00938,USR_00259,2025-11-22 15:04:03,mobile,Product,landing
SES_00939,USR_00435,2025-06-19 06:49:39,mobile,Home,landing
SES_00940,USR_00368,2025-04-27 11:52:23,tablet,Home,Category
SES_00941,USR_00632,2025-11-17 06:54:28,mobile,Home,Cart
SES_00942,USR_00303,2025-05-21 02:56:07,mobile,Home,landing
SES_00943,USR_00334,2025-08-08 05:36:09,tablet,Category,landing
SES_00944,USR_00768,2025-12-10 11:59:43,tablet,Category,Cart
SES_00945,USR_00469,2025-09-15 13:16:10,laptop,Home,landing
SES_00946,USR_00822,2025-08-31 07:04:11,mobile,Category,landing
SES_00947,USR_00877,2025-06-01 04:27:50,laptop,Home,landing
SES_00948,USR_00038,2025-09-08 07:02:50,mobile,Home,Checkout
SES_00949,USR_00345,2025-10-17 14:28:49,mobile,Category,Category
SES_00950,USR_00643,2025-06-25 19:58:20,laptop,Home,landing
SES_00951,USR_00763,2025-01-26 19:03:51,laptop,Home,Category
SES_00952,USR_00086,2025-08-08 06:21:59,mobile,Ad_pdp,landing
SES_00953,USR_00819,2025-01-18 19:16:03,mobile,Ad_pdp,Cart
SES_00954,USR_00841,2025-11-29 14:01:31,mobile,Home,landing
SES_00955,USR_00027,2025-07-14 00:07:05,laptop,Category,landing
SES_00956,USR_00294,2025-03-13 08:13:21,mobile,Home,landing
SES_00957,USR_00969,2025-05-30 12:43:27,mobile,Home,Category
SES_00958,USR_00025,2025-10-09 02:18:03,mobile,Home,landing
SES_00959,USR_00156,2025-05-24 06:55:29,mobile,Home,Checkout
SES_00960,USR_00304,2025-07-22 19:22:08,mobile,Ad_pdp,Category
SES_00961,USR_00462,2025-02-16 18:52:03,mobile,Home,Category
SES_00962,USR_00045,2025-07-13 07:15:02,mobile,Home,landing
SES_00963,USR_00907,2025-03-13 07:48:00,mobile,Category,Category
SES_00964,USR_00889,2025-09-20 04:32:51,mobile,Category,Product
SES_00965,USR_00722,2025-04-12 21:56:43,mobile,Home,landing
SES_00966,USR_00217,2025-01-07 09:35:31,mobile,Ad_pdp,Category
SES_00967,USR_00080,2025-10-19 17:08:21,mobile,Home,Checkout
SES_00968,USR_00162,2025-12-20 16:01:56,mobile,Ad_pdp,Category
SES_00969,USR_00494,2025-09-17 02:48:09,mobile,Home,Product
SES_00970,USR_00106,2025-03-23 06:05:47,mobile,Home,Category
SES_00971,USR_00920,2025-01-22 11:52:18,mobile,Home,Category
SES_00972,USR_00541,2025-01-09 04:35:09,mobile,Category,landing
SES_00973,USR_00106,2025-12-11 15:15:54,mobile,Home,Category
SES_00974,USR_00715,2025-09-25 03:08:30,tablet,Home,Cart
SES_00975,USR_00735,2025-01-18 12:03:36,mobile,Home,landing
SES_00976,USR_00722,2025-03-16 04:07:54,laptop,Ad_pdp,Checkout
SES_00977,USR_00566,2025-07-23 04:15:20,mobile,Category,Category
SES_00978,USR_00363,2025-04-30 12:12:21,mobile,Product,Category
SES_00979,USR_00740,2025-04-15 17:44:21,mobile,Home,landing
SES_00980,USR_00584,2025-02-06 07:25:37,mobile,Ad_pdp,landing
SES_00981,USR_00780,2025-04-23 04:39:04,tablet,Home,Category
SES_00982,USR_00148,2025-05-26 22:21:07,mobile,Product,landing
SES_00983,USR_00849,2025-09-01 07:35:19,mobile,Product,Category
SES_00984,USR_00594,2025-11-25 16:12:15,mobile,Home,Product
SES_00985,USR_00719,2025-02-27 13:24:55,laptop,Home,landing
SES_00986,USR_00916,2025-11-08 02:34:26,mobile,Home,Category
SES_00987,USR_00972,2025-06-29 21:45:38,laptop,Home,landing
SES_00988,USR_00032,2025-02-08 06:34:29,mobile,Product,landing
SES_00989,USR_00567,2025-12-25 17:35:43,mobile,Ad_pdp,landing
SES_00990,USR_00797,2025-11-30 19:59:06,laptop,Category,landing
SES_00991,USR_00429,2025-05-30 05:24:46,mobile,Home,landing
SES_00992,USR_00189,2025-08-05 19:28:21,mobile,Home,Product
SES_00993,USR_00349,2025-09-07 17:36:41,mobile,Home,Category
SES_00994,USR_00558,2025-03-14 08:36:26,mobile,Category,landing
SES_00995,USR_00220,2025-01-29 11:34:10,mobile,Category,landing
SES_00996,USR_00118,2025-08-18 05:19:56,mobile,Product,Thank_you
SES_00997,USR_00735,2025-12-02 18:02:24,mobile,Category,Category
SES_00998,USR_00024,2025-10-04 17:45:49,mobile,Home,Cart
SES_00999,USR_00003,2025-05-01 22:33:08,mobile,Home,Thank_you
SES_01000,USR_00165,2025-05-01 15:16:11,mobile,Category,landing
SES_01001,USR_00728,2025-06-09 09:18:52,mobile,Home,landing
SES_01002,USR_00666,2025-03-14 21:50:28,mobile,Home,Cart
SES_01003,USR_00892,2025-10-20 01:37:10,laptop,Product,Checkout
SES_01004,USR_00629,2025-11-07 22:01:00,mobile,Ad_pdp,Category
SES_01005,USR_00429,2025-04-29 11:38:36,mobile,Home,Cart
SES_01006,USR_00547,2025-04-16 12:32:57,mobile,Ad_pdp,Category
SES_01007,USR_00613,2025-08-19 14:46:00,mobile,Home,landing
SES_01008,USR_00521,2025-08-16 17:00:47,mobile,Home,landing
SES_01009,USR_00679,2025-12-21 17:23:46,mobile,Home,landing
SES_01010,USR_00288,2025-01-15 03:03:39,mobile,Home,landing
SES_01011,USR_00092,2025-08-09 15:03:02,tablet,Home,landing
SES_01012,USR_00200,2025-04-01 23:57:41,mobile,Home,landing
SES_01013,USR_00740,2025-12-21 03:28:14,mobile,Category,Checkout
SES_01014,USR_00634,2025-06-18 03:22:47,mobile,Category,Product
SES_01015,USR_00717,2025-10-04 11:37:53,mobile,Category,landing
SES_01016,USR_00055,2025-11-22 11:55:38,mobile,Category,Checkout
SES_01017,USR_00504,2025-03-15 18:02:08,mobile,Home,Cart
SES_01018,USR_00354,2025-09-01 01:42:27,tablet,Home,Checkout
SES_01019,USR_00997,2025-06-27 14:24:03,laptop,Home,Category
SES_01020,USR_00090,2025-04-23 19:11:29,mobile,Category,Product
SES_01021,USR_00825,2025-09-05 09:21:00,mobile,Category,Category
SES_01022,USR_00187,2025-03-12 12:30:36,laptop,Category,Cart
SES_01023,USR_00901,2025-01-26 10:01:55,laptop,Home,landing
SES_01024,USR_00236,2025-09-20 18:08:54,mobile,Category,Product
SES_01025,USR_00839,2025-03-10 06:38:30,mobile,Home,landing
SES_01026,USR_00545,2025-07-07 16:37:31,mobile,Category,landing
SES_01027,USR_00147,2025-03-19 23:55:50,mobile,Category,Thank_you
SES_01028,USR_00522,2025-11-24 01:24:04,mobile,Home,landing
SES_01029,USR_00104,2025-03-14 05:40:15,tablet,Product,landing
SES_01030,USR_00722,2025-04-12 02:13:11,mobile,Category,landing
SES_01031,USR_00061,2025-08-28 23:58:04,mobile,Ad_pdp,Product
SES_01032,USR_00166,2025-01-16 11:42:20,laptop,Home,landing
SES_01033,USR_00936,2025-08-06 21:37:43,mobile,Home,Category
SES_01034,USR_00894,2025-07-06 12:24:29,mobile,Home,landing
SES_01035,USR_00268,2025-09-12 11:17:38,mobile,Category,landing
SES_01036,USR_00424,2025-12-20 16:34:00,mobile,Ad_pdp,Category
SES_01037,USR_00651,2025-06-24 17:23:18,mobile,Home,landing
SES_01038,USR_00951,2025-11-02 16:17:59,mobile,Home,landing
SES_01039,USR_00623,2025-11-08 05:50:43,mobile,Home,Product
SES_01040,USR_00129,2025-10-08 04:51:43,mobile,Product,Product
SES_01041,USR_00413,2025-08-08 23:14:46,tablet,Category,Checkout
SES_01042,USR_00410,2025-07-24 17:51:27,mobile,Ad_pdp,Category
SES_01043,USR_00052,2025-06-18 19:38:47,mobile,Ad_pdp,Product
SES_01044,USR_00218,2025-10-28 00:17:35,mobile,Ad_pdp,Product
SES_01045,USR_00190,2025-03-06 05:17:19,tablet,Home,landing
SES_01046,USR_00969,2025-07-14 11:13:56,mobile,Home,landing
SES_01047,USR_00291,2025-03-12 18:20:47,laptop,Home,Checkout
SES_01048,USR_00122,2025-08-12 02:58:04,laptop,Home,Product
SES_01049,USR_00085,2025-05-17 02:38:02,mobile,Home,Checkout
SES_01050,USR_00562,2025-07-21 04:18:06,laptop,Category,landing
SES_01051,USR_00730,2025-01-18 21:58:54,mobile,Product,Category
SES_01052,USR_00888,2025-07-03 14:28:35,tablet,Category,Product
SES_01053,USR_00617,2025-07-24 01:30:16,tablet,Product,Category
SES_01054,USR_00213,2025-09-26 10:34:57,mobile,Home,landing
SES_01055,USR_00273,2025-04-16 22:16:34,mobile,Category,landing
SES_01056,USR_00742,2025-09-11 18:12:19,mobile,Home,landing
SES_01057,USR_00857,2025-08-24 08:00:03,mobile,Category,Category
SES_01058,USR_00982,2025-12-28 01:12:58,mobile,Home,Cart
SES_01059,USR_00140,2025-04-28 23:42:50,tablet,Product,Thank_you
SES_01060,USR_00912,2025-11-18 07:50:16,mobile,Home,landing
SES_01061,USR_00393,2025-02-04 13:19:49,mobile,Home,landing
SES_01062,USR_00492,2025-06-05 12:19:32,mobile,Product,landing
SES_01063,USR_00958,2025-05-16 10:58:28,mobile,Home,landing
SES_01064,USR_00267,2025-06-30 05:19:35,mobile,Home,Category
SES_01065,USR_00233,2025-12-11 09:51:34,mobile,Home,landing
SES_01066,USR_00305,2025-02-26 12:56:50,mobile,Home,landing
SES_01067,USR_00170,2025-02-22 17:02:48,mobile,Home,Cart
SES_01068,USR_00820,2025-09-27 08:54:56,tablet,Category,Checkout
SES_01069,USR_00149,2025-06-27 23:25:16,mobile,Home,Category
SES_01070,USR_00141,2025-12-17 05:57:59,mobile,Category,Category
SES_01071,USR_00013,2025-10-02 10:32:24,mobile,Product,Product
SES_01072,USR_00204,2025-02-25 08:39:29,mobile,Home,landing
SES_01073,USR_00717,2025-12-10 17:29:35,mobile,Product,landing
SES_01074,USR_00401,2025-07-08 21:36:23,mobile,Ad_pdp,Category
SES_01075,USR_00151,2025-01-03 06:42:00,mobile,Home,landing
SES_01076,USR_00953,2025-09-20 06:18:21,mobile,Home,Checkout
SES_01077,USR_00457,2025-11-21 16:03:42,tablet,Category,Product
SES_01078,USR_00914,2025-02-25 03:12:11,mobile,Home,Cart
SES_01079,USR_00209,2025-02-25 22:28:57,mobile,Category,Product
SES_01080,USR_00536,2025-08-06 19:02:21,laptop,Product,landing
SES_01081,USR_00417,2025-11-23 03:44:14,mobile,Product,landing
SES_01082,USR_00974,2025-10-01 10:42:37,laptop,Home,landing
SES_01083,USR_00027,2025-06-30 03:00:36,mobile,Home,Product
SES_01084,USR_00276,2025-05-20 07:17:16,mobile,Home,landing
SES_01085,USR_00650,2025-11-25 03:08:58,mobile,Category,Thank_you
SES_01086,USR_00086,2025-10-09 10:16:19,mobile,Category,Cart
SES_01087,USR_00405,2025-07-18 13:54:42,mobile,Home,landing
SES_01088,USR_00022,2025-08-05 14:21:39,tablet,Home,Cart
SES_01089,USR_00850,2025-05-03 19:34:41,mobile,Home,landing
SES_01090,USR_00493,2025-11-23 08:12:32,mobile,Category,Cart
SES_01091,USR_00482,2025-02-01 16:52:33,mobile,Home,landing
SES_01092,USR_00402,2025-09-03 23:14:23,mobile,Category,Category
SES_01093,USR_00358,2025-01-16 21:50:44,mobile,Product,landing
SES_01094,USR_00270,2025-07-04 12:33:27,mobile,Home,Product
SES_01095,USR_00579,2025-03-18 21:45:19,mobile,Product,Product
SES_01096,USR_00238,2025-01-14 07:41:41,mobile,Category,Checkout
SES_01097,USR_00419,2025-01-12 19:35:02,mobile,Category,landing
SES_01098,USR_00551,2025-12-12 19:41:19,tablet,Home,Checkout
SES_01099,USR_00778,2025-05-16 23:07:46,mobile,Home,Category
SES_01100,USR_00414,2025-05-29 08:13:46,mobile,Product,landing
SES_01101,USR_00912,2025-10-14 00:10:46,mobile,Home,Product
SES_01102,USR_00753,2025-06-24 19:46:05,mobile,Home,landing
SES_01103,USR_00206,2025-03-18 07:09:04,tablet,Home,landing
SES_01104,USR_00029,2025-01-19 15:09:03,mobile,Category,landing
SES_01105,USR_00475,2025-04-04 17:01:36,mobile,Category,Category
SES_01106,USR_00308,2025-09-23 10:12:10,mobile,Category,landing
SES_01107,USR_00326,2025-04-09 16:30:11,mobile,Home,Category
SES_01108,USR_00398,2025-04-24 19:51:47,mobile,Home,landing
SES_01109,USR_00709,2025-02-24 10:19:06,laptop,Home,Category
SES_01110,USR_00650,2025-05-07 15:59:26,mobile,Ad_pdp,landing
SES_01111,USR_00030,2025-01-16 15:15:30,mobile,Product,Product
SES_01112,USR_00427,2025-10-19 12:27:50,laptop,Home,landing
SES_01113,USR_00540,2025-12-09 14:53:20,mobile,Ad_pdp,Checkout
SES_01114,USR_00163,2025-09-17 00:55:12,mobile,Home,Product
SES_01115,USR_00959,2025-12-25 07:25:12,mobile,Product,Cart
SES_01116,USR_00399,2025-10-28 22:55:00,mobile,Home,Category
SES_01117,USR_00405,2025-05-20 21:34:17,mobile,Category,landing
SES_01118,USR_00282,2025-09-28 16:13:44,mobile,Home,Category
SES_01119,USR_00619,2025-10-17 18:23:44,tablet,Home,landing
SES_01120,USR_00849,2025-10-22 12:39:06,mobile,Home,landing
SES_01121,USR_00517,2025-11-01 04:53:13,mobile,Ad_pdp,Product
SES_01122,USR_00543,2025-11-24 19:59:28,laptop,Home,landing
SES_01123,USR_00936,2025-03-01 22:48:41,mobile,Home,landing
SES_01124,USR_00878,2025-05-29 00:52:40,mobile,Home,Checkout
SES_01125,USR_00115,2025-08-02 15:13:01,tablet,Home,Product
SES_01126,USR_00350,2025-11-08 07:33:57,laptop,Product,Checkout
SES_01127,USR_00224,2025-06-03 17:38:04,tablet,Ad_pdp,landing
SES_01128,USR_00458,2025-05-03 04:36:33,mobile,Ad_pdp,Thank_you
SES_01129,USR_00450,2025-10-08 12:07:26,mobile,Home,Product
SES_01130,USR_00881,2025-05-09 11:14:12,mobile,Category,landing
SES_01131,USR_00538,2025-03-29 19:52:19,mobile,Category,Product
SES_01132,USR_00020,2025-10-07 15:54:24,mobile,Ad_pdp,Category
SES_01133,USR_00652,2025-01-07 20:32:22,mobile,Category,Category
SES_01134,USR_00739,2025-11-18 11:26:38,mobile,Home,landing
SES_01135,USR_00497,2025-10-13 08:19:18,mobile,Ad_pdp,landing
SES_01136,USR_00249,2025-11-05 05:20:52,mobile,Product,Product
SES_01137,USR_00234,2025-07-27 20:16:15,mobile,Category,Category
SES_01138,USR_00327,2025-11-11 11:24:59,tablet,Home,Cart
SES_01139,USR_00400,2025-04-23 11:40:31,mobile,Home,Cart
SES_01140,USR_00554,2025-09-16 09:24:43,mobile,Home,landing
SES_01141,USR_00854,2025-01-30 19:55:26,mobile,Home,landing
SES_01142,USR_00247,2025-09-14 06:11:01,mobile,Home,Checkout
SES_01143,USR_00502,2025-02-04 14:22:41,mobile,Product,landing
SES_01144,USR_00218,2025-02-16 22:02:00,mobile,Category,landing
SES_01145,USR_00976,2025-05-04 07:35:24,mobile,Category,landing
SES_01146,USR_00810,2025-05-07 05:47:05,mobile,Home,Product
SES_01147,USR_00237,2025-12-14 05:02:49,mobile,Category,Category
SES_01148,USR_00920,2025-11-30 19:46:10,laptop,Ad_pdp,landing
SES_01149,USR_00072,2025-10-05 19:43:01,mobile,Category,Checkout
SES_01150,USR_00283,2025-03-16 03:56:09,mobile,Home,landing
SES_01151,USR_00684,2025-04-22 21:37:22,tablet,Home,Product
SES_01152,USR_00224,2025-12-18 09:54:12,mobile,Ad_pdp,Category
SES_01153,USR_00374,2025-10-02 14:33:11,mobile,Home,landing
SES_01154,USR_00114,2025-04-15 11:03:24,tablet,Product,landing
SES_01155,USR_00502,2025-09-20 22:02:20,laptop,Category,Product
SES_01156,USR_00743,2025-06-21 06:06:11,mobile,Product,Product
SES_01157,USR_00211,2025-03-10 23:23:11,mobile,Home,landing
SES_01158,USR_00069,2025-07-03 03:17:32,mobile,Home,Checkout
SES_01159,USR_00355,2025-09-05 16:01:07,mobile,Category,landing
SES_01160,USR_00101,2025-03-19 16:24:42,laptop,Category,Category
SES_01161,USR_00495,2025-08-09 07:48:56,mobile,Ad_pdp,Category
SES_01162,USR_00377,2025-04-20 00:41:35,mobile,Home,landing
SES_01163,USR_00226,2025-10-11 17:50:49,mobile,Category,Cart
SES_01164,USR_00580,2025-10-04 02:00:29,laptop,Category,landing
SES_01165,USR_00930,2025-12-09 03:29:37,mobile,Product,Category
SES_01166,USR_00063,2025-03-06 03:31:42,laptop,Home,landing
SES_01167,USR_00157,2025-05-09 19:45:20,mobile,Home,Category
SES_01168,USR_00305,2025-07-13 15:23:13,mobile,Product,landing
SES_01169,USR_00497,2025-07-03 10:10:37,mobile,Home,Category
SES_01170,USR_00359,2025-03-25 16:18:18,mobile,Home,landing
SES_01171,USR_00154,2025-11-06 19:20:05,mobile,Ad_pdp,landing
SES_01172,USR_00334,2025-11-02 08:54:54,mobile,Home,Cart
SES_01173,USR_00525,2025-12-18 20:25:15,mobile,Category,Checkout
SES_01174,USR_00795,2025-02-22 18:55:10,mobile,Home,Category
SES_01175,USR_00538,2025-10-01 01:45:28,mobile,Ad_pdp,landing
SES_01176,USR_00214,2025-08-28 21:48:42,mobile,Home,landing
SES_01177,USR_00848,2025-03-14 11:05:16,mobile,Category,landing
SES_01178,USR_00659,2025-12-23 17:11:07,mobile,Home,Thank_you
SES_01179,USR_00169,2025-05-13 19:03:03,tablet,Category,Category
SES_01180,USR_00077,2025-09-19 20:41:25,laptop,Home,Cart
SES_01181,USR_00365,2025-12-23 16:48:31,mobile,Ad_pdp,landing
SES_01182,USR_00984,2025-03-30 06:31:47,mobile,Home,Category
SES_01183,USR_00386,2025-08-28 14:11:56,mobile,Ad_pdp,Thank_you
SES_01184,USR_00027,2025-08-13 21:36:21,tablet,Category,landing
SES_01185,USR_00004,2025-05-08 20:53:23,mobile,Category,landing
SES_01186,USR_00474,2025-09-10 23:04:34,laptop,Home,Category
SES_01187,USR_00577,2025-06-27 07:52:53,mobile,Home,landing
SES_01188,USR_00299,2025-11-19 02:01:10,mobile,Home,Thank_you
SES_01189,USR_00384,2025-11-29 07:39:49,mobile,Category,Product
SES_01190,USR_00543,2025-07-25 20:20:52,tablet,Category,Product
SES_01191,USR_00831,2025-09-26 04:00:02,mobile,Home,landing
SES_01192,USR_00614,2025-10-23 09:44:59,mobile,Home,landing
SES_01193,USR_00841,2025-01-21 02:09:20,mobile,Home,Category
SES_01194,USR_00087,2025-07-13 05:29:06,tablet,Category,Product
SES_01195,USR_00238,2025-03-31 01:51:17,mobile,Home,landing
SES_01196,USR_00944,2025-01-18 07:00:24,mobile,Home,landing
SES_01197,USR_00933,2025-06-07 04:47:15,mobile,Home,landing
SES_01198,USR_00082,2025-01-19 13:16:53,mobile,Category,landing
SES_01199,USR_00564,2025-11-08 08:19:49,mobile,Home,Cart
SES_01200,USR_00636,2025-04-22 14:39:20,mobile,Home,Checkout
SES_01201,USR_00300,2025-03-07 20:55:44,mobile,Home,landing
SES_01202,USR_00443,2025-10-06 02:46:05,mobile,Home,Cart
SES_01203,USR_00997,2025-08-27 14:23:42,mobile,Home,Category
SES_01204,USR_00013,2025-10-26 22:41:45,mobile,Home,landing
SES_01205,USR_00445,2025-04-22 16:10:05,mobile,Home,Product
SES_01206,USR_00602,2025-07-23 11:08:50,mobile,Product,Product
SES_01207,USR_00097,2025-10-25 17:50:51,mobile,Product,Product
SES_01208,USR_00066,2025-05-24 21:29:27,mobile,Home,Category
SES_01209,USR_00613,2025-12-04 22:04:18,mobile,Category,landing
SES_01210,USR_00770,2025-10-31 01:35:13,mobile,Home,Checkout
SES_01211,USR_00442,2025-02-15 20:46:37,mobile,Ad_pdp,Category
SES_01212,USR_00192,2025-09-15 01:30:35,mobile,Category,landing
SES_01213,USR_00861,2025-07-14 18:45:05,mobile,Home,landing
SES_01214,USR_00776,2025-01-11 03:24:32,mobile,Category,Cart
SES_01215,USR_00133,2025-07-24 00:51:12,mobile,Home,landing
SES_01216,USR_00688,2025-06-16 07:06:21,mobile,Home,landing
SES_01217,USR_00692,2025-05-17 14:29:28,mobile,Home,Category
SES_01218,USR_00184,2025-04-10 23:00:30,mobile,Ad_pdp,landing
SES_01219,USR_00499,2025-07-18 09:16:01,mobile,Home,landing
SES_01220,USR_00333,2025-03-26 13:55:09,tablet,Category,Product
SES_01221,USR_00466,2025-05-19 07:50:53,mobile,Category,landing
SES_01222,USR_00690,2025-01-26 14:50:14,mobile,Home,Cart
SES_01223,USR_00141,2025-11-23 12:14:59,mobile,Home,landing
SES_01224,USR_00980,2025-10-24 09:17:38,mobile,Home,landing
SES_01225,USR_00177,2025-03-05 15:57:47,mobile,Home,Cart
SES_01226,USR_00191,2025-08-14 10:16:51,mobile,Home,Product
SES_01227,USR_00561,2025-12-15 19:03:01,mobile,Category,Checkout
SES_01228,USR_00816,2025-10-27 05:52:32,mobile,Home,landing
SES_01229,USR_00622,2025-08-27 13:49:03,mobile,Home,landing
SES_01230,USR_00500,2025-03-16 08:59:38,mobile,Home,Product
SES_01231,USR_00200,2025-12-29 05:11:01,mobile,Home,Product
SES_01232,USR_00783,2025-04-02 02:38:26,mobile,Home,landing
SES_01233,USR_00761,2025-09-08 18:16:57,mobile,Category,landing
SES_01234,USR_00649,2025-10-28 06:13:52,mobile,Home,Product
SES_01235,USR_00306,2025-11-10 10:06:00,mobile,Category,landing
SES_01236,USR_00933,2025-09-28 10:23:03,mobile,Home,Cart
SES_01237,USR_00893,2025-01-28 17:06:54,mobile,Category,Category
SES_01238,USR_00354,2025-03-28 11:02:35,mobile,Category,Category
SES_01239,USR_00322,2025-06-07 10:08:19,mobile,Category,Category
SES_01240,USR_00981,2025-09-03 13:14:36,laptop,Category,landing
SES_01241,USR_00366,2025-09-21 20:25:52,mobile,Category,landing
SES_01242,USR_00806,2025-10-22 15:50:12,tablet,Category,Category
SES_01243,USR_00205,2025-02-27 10:42:29,mobile,Category,landing
SES_01244,USR_00520,2025-04-11 18:16:31,mobile,Home,landing
SES_01245,USR_00413,2025-04-28 06:06:53,mobile,Home,Cart
SES_01246,USR_00514,2025-02-21 11:48:03,mobile,Home,landing
SES_01247,USR_00028,2025-01-18 01:29:57,mobile,Category,Checkout
SES_01248,USR_00961,2025-11-24 19:45:23,mobile,Category,landing
SES_01249,USR_00136,2025-10-05 05:37:54,mobile,Product,Product
SES_01250,USR_00615,2025-08-15 17:22:19,mobile,Home,Category
SES_01251,USR_00716,2025-03-22 04:05:52,mobile,Category,Category
SES_01252,USR_00797,2025-03-20 05:58:53,mobile,Home,Checkout
SES_01253,USR_00990,2025-04-16 01:25:43,mobile,Home,Product
SES_01254,USR_00656,2025-03-02 02:56:52,mobile,Home,landing
SES_01255,USR_00615,2025-01-05 18:29:42,mobile,Home,landing
SES_01256,USR_00255,2025-08-06 02:22:28,tablet,Category,Category
SES_01257,USR_00520,2025-01-16 23:38:26,mobile,Home,Cart
SES_01258,USR_00636,2025-12-24 11:56:12,mobile,Category,Product
SES_01259,USR_00845,2025-04-10 09:28:16,mobile,Home,landing
SES_01260,USR_00959,2025-03-10 03:40:20,mobile,Home,landing
SES_01261,USR_00077,2025-10-17 18:23:57,mobile,Home,landing
SES_01262,USR_00411,2025-02-20 05:26:11,laptop,Home,Category
SES_01263,USR_00679,2025-06-17 05:15:41,mobile,Category,landing
SES_01264,USR_00059,2025-04-09 14:31:38,laptop,Category,Category
SES_01265,USR_00753,2025-04-23 13:25:34,tablet,Category,landing
SES_01266,USR_00401,2025-04-15 13:56:20,mobile,Product,Checkout
SES_01267,USR_00403,2025-12-16 03:30:46,mobile,Home,landing
SES_01268,USR_00137,2025-08-21 07:44:34,laptop,Category,Category
SES_01269,USR_00336,2025-01-03 23:49:20,mobile,Home,Cart
SES_01270,USR_00641,2025-01-31 03:27:40,laptop,Home,Checkout
SES_01271,USR_00726,2025-01-05 14:31:26,mobile,Home,landing
SES_01272,USR_00665,2025-03-23 08:00:06,tablet,Home,Product
SES_01273,USR_00858,2025-04-24 07:45:10,mobile,Category,landing
SES_01274,USR_00894,2025-09-29 13:14:10,laptop,Home,Cart
SES_01275,USR_00530,2025-08-13 15:11:07,mobile,Home,landing
SES_01276,USR_00467,2025-01-18 04:24:48,mobile,Product,landing
SES_01277,USR_00433,2025-06-14 23:12:43,mobile,Home,Category
SES_01278,USR_00979,2025-08-26 18:13:54,tablet,Home,Category
SES_01279,USR_00144,2025-08-13 13:40:13,tablet,Home,landing
SES_01280,USR_00604,2025-09-11 23:22:33,mobile,Home,landing
SES_01281,USR_00102,2025-11-08 19:55:33,mobile,Home,Checkout
SES_01282,USR_00450,2025-04-28 23:50:38,mobile,Home,landing
SES_01283,USR_00175,2025-03-27 14:09:44,mobile,Category,Category
SES_01284,USR_00800,2025-07-30 14:52:30,laptop,Home,Thank_you
SES_01285,USR_00284,2025-05-11 20:40:17,tablet,Category,Category
SES_01286,USR_00964,2025-11-03 04:26:41,mobile,Home,Checkout
SES_01287,USR_00284,2025-07-09 15:34:57,mobile,Category,Product
SES_01288,USR_00456,2025-03-04 16:14:16,mobile,Category,landing
SES_01289,USR_00851,2025-05-23 22:01:48,mobile,Product,Category
SES_01290,USR_00099,2025-11-20 15:09:17,mobile,Home,Category
SES_01291,USR_00913,2025-07-05 18:11:30,mobile,Home,Category
SES_01292,USR_00872,2025-01-12 16:51:04,mobile,Home,landing
SES_01293,USR_00662,2025-10-12 08:12:32,mobile,Product,landing
SES_01294,USR_00524,2025-07-23 23:24:36,mobile,Product,landing
SES_01295,USR_00984,2025-08-15 20:31:55,mobile,Ad_pdp,landing
SES_01296,USR_00664,2025-11-25 20:41:33,mobile,Home,Category
SES_01297,USR_00916,2025-11-18 12:16:03,mobile,Home,Cart
SES_01298,USR_00712,2025-10-22 14:12:07,mobile,Home,Category
SES_01299,USR_00253,2025-02-22 17:05:11,mobile,Home,Cart
SES_01300,USR_00735,2025-10-21 19:32:24,tablet,Home,Product
SES_01301,USR_00260,2025-08-03 02:53:57,tablet,Product,landing
SES_01302,USR_00382,2025-02-21 14:16:49,mobile,Category,landing
SES_01303,USR_00045,2025-11-29 22:27:14,mobile,Category,Thank_you
SES_01304,USR_00919,2025-06-16 10:46:54,mobile,Ad_pdp,Category
SES_01305,USR_00746,2025-09-13 09:19:31,mobile,Home,Product
SES_01306,USR_00480,2025-10-08 16:30:52,mobile,Product,landing
SES_01307,USR_00355,2025-12-27 08:07:33,mobile,Category,Category
SES_01308,USR_00830,2025-04-01 00:31:28,mobile,Home,landing
SES_01309,USR_00056,2025-03-05 05:04:09,mobile,Category,landing
SES_01310,USR_00631,2025-08-29 16:00:43,mobile,Category,Cart
SES_01311,USR_00432,2025-09-12 00:47:00,laptop,Home,Category
SES_01312,USR_00564,2025-08-02 08:33:31,laptop,Home,Category
SES_01313,USR_00399,2025-11-16 05:38:25,mobile,Category,landing
SES_01314,USR_00530,2025-10-01 02:06:13,tablet,Category,Category
SES_01315,USR_00084,2025-02-12 16:25:22,mobile,Home,landing
SES_01316,USR_00312,2025-05-25 22:36:29,tablet,Category,Category
SES_01317,USR_00674,2025-04-12 10:42:23,mobile,Home,Checkout
SES_01318,USR_00149,2025-08-17 00:14:16,tablet,Category,Product
SES_01319,USR_00897,2025-05-27 12:46:58,mobile,Home,Product
SES_01320,USR_00825,2025-09-02 09:42:49,mobile,Home,Cart
SES_01321,USR_00076,2025-11-27 08:52:00,laptop,Category,Category
SES_01322,USR_00675,2025-11-06 13:22:37,mobile,Home,Category
SES_01323,USR_00098,2025-12-08 00:08:54,mobile,Home,Category
SES_01324,USR_00216,2025-10-25 01:55:29,laptop,Product,Category
SES_01325,USR_00647,2025-02-23 19:49:41,mobile,Home,Product
SES_01326,USR_00249,2025-01-05 02:01:58,mobile,Home,Category
SES_01327,USR_00769,2025-05-22 04:53:24,mobile,Home,landing
SES_01328,USR_00388,2025-02-20 17:10:03,mobile,Product,landing
SES_01329,USR_00794,2025-03-05 23:29:45,laptop,Product,Category
SES_01330,USR_00986,2025-06-01 19:47:10,mobile,Home,Product
SES_01331,USR_00888,2025-12-30 17:08:57,mobile,Product,landing
SES_01332,USR_00199,2025-09-21 02:31:46,mobile,Product,Category
SES_01333,USR_00724,2025-10-05 19:43:18,tablet,Ad_pdp,Thank_you
SES_01334,USR_00022,2025-12-03 03:55:19,mobile,Category,Category
SES_01335,USR_00110,2025-03-04 03:25:52,mobile,Category,Category
SES_01336,USR_00829,2025-12-10 20:45:11,mobile,Home,Category
SES_01337,USR_00934,2025-10-21 14:15:00,tablet,Home,Cart
SES_01338,USR_00054,2025-04-21 00:49:31,laptop,Product,Product
SES_01339,USR_00941,2025-01-11 13:04:00,laptop,Product,Cart
SES_01340,USR_00822,2025-05-29 06:43:15,mobile,Home,Cart
SES_01341,USR_00270,2025-02-01 09:52:56,mobile,Ad_pdp,Category
SES_01342,USR_00328,2025-12-30 13:16:58,mobile,Home,Product
SES_01343,USR_00973,2025-05-10 01:48:54,mobile,Home,landing
SES_01344,USR_00635,2025-05-30 12:57:20,mobile,Product,Category
SES_01345,USR_00760,2025-08-29 12:28:04,mobile,Product,Thank_you
SES_01346,USR_00708,2025-10-14 22:54:25,mobile,Home,Category
SES_01347,USR_00686,2025-05-14 18:19:42,mobile,Home,Product
SES_01348,USR_00232,2025-11-02 09:31:11,mobile,Category,Product
SES_01349,USR_00750,2025-09-13 03:35:35,mobile,Ad_pdp,Category
SES_01350,USR_00101,2025-12-08 12:57:33,mobile,Home,landing
SES_01351,USR_00584,2025-07-22 21:50:57,mobile,Home,Checkout
SES_01352,USR_00207,2025-09-14 08:53:14,tablet,Category,landing
SES_01353,USR_00965,2025-05-13 08:43:05,mobile,Category,landing
SES_01354,USR_00650,2025-10-05 07:35:35,mobile,Category,Thank_you
SES_01355,USR_00714,2025-09-17 09:24:15,mobile,Home,landing
SES_01356,USR_00429,2025-12-16 04:04:41,mobile,Product,landing
SES_01357,USR_00201,2025-01-23 06:57:04,mobile,Product,landing
SES_01358,USR_00643,2025-07-05 02:34:33,mobile,Home,Checkout
SES_01359,USR_00437,2025-05-21 11:50:28,mobile,Product,Product
SES_01360,USR_00096,2025-03-10 14:36:27,mobile,Home,Cart
SES_01361,USR_00170,2025-01-15 23:31:41,laptop,Ad_pdp,landing
SES_01362,USR_00296,2025-05-29 02:16:26,mobile,Product,Checkout
SES_01363,USR_00966,2025-10-16 21:21:27,mobile,Ad_pdp,Cart
SES_01364,USR_00367,2025-10-19 10:14:36,mobile,Home,Category
SES_01365,USR_00995,2025-03-21 02:12:20,mobile,Category,Category
SES_01366,USR_00676,2025-05-22 07:02:47,mobile,Home,Product
SES_01367,USR_00163,2025-12-15 02:49:50,mobile,Product,Cart
SES_01368,USR_00005,2025-02-18 18:21:16,mobile,Home,Category
SES_01369,USR_00251,2025-11-11 08:15:02,mobile,Home,Thank_you
SES_01370,USR_00260,2025-12-23 02:26:33,mobile,Home,landing
SES_01371,USR_00142,2025-03-11 15:10:06,laptop,Category,Cart
SES_01372,USR_00690,2025-08-16 12:25:09,laptop,Home,landing
SES_01373,USR_00591,2025-08-19 04:10:31,mobile,Home,Cart
SES_01374,USR_00198,2025-12-05 14:09:44,tablet,Home,landing
SES_01375,USR_00066,2025-07-09 14:24:32,mobile,Home,Product
SES_01376,USR_00679,2025-09-26 08:24:43,mobile,Home,Cart
SES_01377,USR_00535,2025-02-04 12:25:24,mobile,Home,landing
SES_01378,USR_00562,2025-09-08 02:14:58,laptop,Home,landing
SES_01379,USR_00234,2025-07-09 09:14:41,mobile,Home,landing
SES_01380,USR_00334,2025-08-26 10:55:01,tablet,Home,Category
SES_01381,USR_00975,2025-06-08 23:08:27,mobile,Home,landing
SES_01382,USR_00812,2025-11-11 02:46:52,mobile,Ad_pdp,Checkout
SES_01383,USR_01000,2025-05-03 14:06:22,tablet,Home,Checkout
SES_01384,USR_00486,2025-06-23 01:09:16,mobile,Product,Category
SES_01385,USR_00723,2025-06-20 22:44:40,mobile,Ad_pdp,landing
SES_01386,USR_00271,2025-05-12 03:42:58,mobile,Category,landing
SES_01387,USR_00154,2025-08-07 10:39:51,mobile,Home,landing
SES_01388,USR_00069,2025-05-08 04:49:00,mobile,Category,Category
SES_01389,USR_00396,2025-09-05 05:56:57,mobile,Home,Category
SES_01390,USR_00561,2025-01-09 15:56:20,mobile,Product,Category
SES_01391,USR_00420,2025-08-10 21:43:39,mobile,Home,landing
SES_01392,USR_00673,2025-04-28 11:16:03,mobile,Home,landing
SES_01393,USR_00443,2025-04-26 13:41:34,mobile,Home,Product
SES_01394,USR_00827,2025-03-11 06:45:47,tablet,Home,landing
SES_01395,USR_00864,2025-10-27 17:39:15,mobile,Home,landing
SES_01396,USR_00409,2025-08-21 11:14:11,tablet,Home,landing
SES_01397,USR_00445,2025-04-17 02:06:54,mobile,Category,landing
SES_01398,USR_00308,2025-01-28 08:23:30,mobile,Home,Cart
SES_01399,USR_00092,2025-10-03 10:12:47,mobile,Product,Cart
SES_01400,USR_00193,2025-05-26 14:43:47,mobile,Home,Product
SES_01401,USR_00521,2025-06-08 01:39:34,mobile,Category,landing
SES_01402,USR_00074,2025-01-12 07:19:41,mobile,Home,Category
SES_01403,USR_00645,2025-12-18 13:36:40,mobile,Category,Category
SES_01404,USR_00217,2025-09-03 09:02:12,mobile,Category,Cart
SES_01405,USR_00898,2025-07-25 17:07:43,laptop,Home,Checkout
SES_01406,USR_00087,2025-10-09 06:45:11,mobile,Home,landing
SES_01407,USR_00834,2025-11-19 10:43:59,mobile,Ad_pdp,Category
SES_01408,USR_00028,2025-09-20 19:46:41,mobile,Product,Cart
SES_01409,USR_00364,2025-11-25 02:40:19,laptop,Ad_pdp,landing
SES_01410,USR_00930,2025-02-22 02:31:53,mobile,Category,Category
SES_01411,USR_00203,2025-01-09 16:36:31,mobile,Home,Category
SES_01412,USR_00377,2025-05-18 02:38:41,mobile,Product,landing
SES_01413,USR_00907,2025-07-27 04:51:37,tablet,Home,landing
SES_01414,USR_00958,2025-08-08 10:52:52,mobile,Home,landing
SES_01415,USR_00173,2025-11-08 02:06:19,mobile,Home,landing
SES_01416,USR_00120,2025-02-22 20:44:01,tablet,Ad_pdp,Category
SES_01417,USR_00470,2025-12-26 15:39:38,laptop,Home,Product
SES_01418,USR_00854,2025-12-12 12:09:09,mobile,Home,Category
SES_01419,USR_00461,2025-11-27 01:30:58,mobile,Home,landing
SES_01420,USR_00682,2025-11-09 20:02:17,mobile,Product,landing
SES_01421,USR_00312,2025-05-16 02:05:42,mobile,Home,Product
SES_01422,USR_00121,2025-10-20 23:15:21,mobile,Home,Product
SES_01423,USR_00826,2025-05-07 16:39:16,tablet,Ad_pdp,landing
SES_01424,USR_00895,2025-11-07 10:03:22,mobile,Product,landing
SES_01425,USR_00456,2025-03-29 10:22:59,laptop,Home,landing
SES_01426,USR_00765,2025-05-28 07:21:42,mobile,Ad_pdp,landing
SES_01427,USR_00071,2025-09-01 11:22:17,laptop,Home,landing
SES_01428,USR_00065,2025-11-11 06:44:07,mobile,Category,landing
SES_01429,USR_00312,2025-01-26 14:01:04,laptop,Product,landing
SES_01430,USR_00510,2025-08-09 22:19:17,mobile,Category,Category
SES_01431,USR_00787,2025-11-12 11:46:56,mobile,Home,landing
SES_01432,USR_00729,2025-01-05 05:07:44,mobile,Home,Cart
SES_01433,USR_00201,2025-04-10 19:48:56,mobile,Category,landing
SES_01434,USR_00685,2025-03-05 13:01:42,mobile,Home,landing
SES_01435,USR_00435,2025-07-07 11:32:07,mobile,Home,landing
SES_01436,USR_00494,2025-10-24 08:17:44,mobile,Home,landing
SES_01437,USR_00917,2025-04-21 23:44:39,laptop,Home,Product
SES_01438,USR_00974,2025-01-12 21:19:31,mobile,Home,Category
SES_01439,USR_00263,2025-04-19 12:33:37,laptop,Category,Category
SES_01440,USR_00525,2025-10-07 02:26:44,mobile,Home,Cart
SES_01441,USR_00639,2025-05-11 17:35:31,mobile,Home,landing
SES_01442,USR_00922,2025-03-05 18:26:44,tablet,Home,Product
SES_01443,USR_00064,2025-10-08 03:53:51,laptop,Home,landing
SES_01444,USR_00688,2025-08-26 01:27:14,tablet,Ad_pdp,Product
SES_01445,USR_00363,2025-05-03 21:20:21,mobile,Ad_pdp,Cart
SES_01446,USR_00875,2025-10-01 18:31:43,tablet,Category,Category
SES_01447,USR_00372,2025-02-20 03:10:49,mobile,Home,landing
SES_01448,USR_00693,2025-12-20 01:27:24,tablet,Ad_pdp,Cart
SES_01449,USR_00584,2025-08-19 05:14:05,mobile,Home,Category
SES_01450,USR_00968,2025-12-14 13:52:45,mobile,Home,landing
SES_01451,USR_00785,2025-08-03 01:05:55,mobile,Home,Thank_you
SES_01452,USR_00847,2025-06-24 19:02:25,mobile,Home,Cart
SES_01453,USR_00604,2025-07-28 18:58:48,laptop,Home,Product
SES_01454,USR_00052,2025-07-29 14:00:52,mobile,Product,Checkout
SES_01455,USR_00764,2025-04-07 09:51:05,mobile,Home,Category
SES_01456,USR_00181,2025-12-07 21:19:19,mobile,Category,landing
SES_01457,USR_00665,2025-01-09 22:03:34,mobile,Home,landing
SES_01458,USR_00801,2025-08-07 12:10:42,tablet,Category,landing
SES_01459,USR_00906,2025-10-13 21:06:55,mobile,Home,landing
SES_01460,USR_00272,2025-07-26 19:32:29,mobile,Home,landing
SES_01461,USR_00584,2025-06-03 02:04:17,mobile,Home,Checkout
SES_01462,USR_00796,2025-07-03 03:12:35,laptop,Category,Product
SES_01463,USR_00841,2025-01-31 21:54:15,laptop,Home,Category
SES_01464,USR_00884,2025-11-16 08:00:33,mobile,Home,Category
SES_01465,USR_00414,2025-03-15 15:21:39,mobile,Home,Product
SES_01466,USR_00873,2025-03-29 10:03:59,mobile,Product,Product
SES_01467,USR_00206,2025-04-13 22:27:57,mobile,Home,landing
SES_01468,USR_00288,2025-06-03 00:24:45,laptop,Category,Category
SES_01469,USR_00025,2025-05-28 18:21:49,mobile,Home,Category
SES_01470,USR_00096,2025-08-29 09:25:17,mobile,Home,Thank_you
SES_01471,USR_00872,2025-10-27 12:34:38,tablet,Home,Checkout
SES_01472,USR_00097,2025-04-02 12:26:37,mobile,Home,Checkout
SES_01473,USR_00851,2025-01-16 17:38:56,laptop,Category,Category
SES_01474,USR_00018,2025-03-21 08:57:58,mobile,Category,landing
SES_01475,USR_00083,2025-01-17 22:32:02,tablet,Home,landing
SES_01476,USR_00957,2025-05-05 21:30:19,mobile,Category,Category
SES_01477,USR_00689,2025-10-03 14:31:23,mobile,Home,Product
SES_01478,USR_00916,2025-11-25 23:05:30,mobile,Category,Category
SES_01479,USR_00587,2025-02-01 00:39:14,mobile,Home,landing
SES_01480,USR_00989,2025-03-04 15:09:41,mobile,Home,landing
SES_01481,USR_00777,2025-09-06 16:05:22,mobile,Home,Product
SES_01482,USR_00842,2025-10-13 05:17:37,tablet,Home,landing
SES_01483,USR_00026,2025-01-13 19:02:26,mobile,Home,landing
SES_01484,USR_00890,2025-08-27 02:32:36,mobile,Home,Product
SES_01485,USR_00640,2025-05-09 11:29:13,laptop,Ad_pdp,Category
SES_01486,USR_00750,2025-12-06 15:43:21,tablet,Product,landing
SES_01487,USR_00519,2025-10-21 16:17:59,mobile,Product,landing
SES_01488,USR_00627,2025-09-25 11:31:46,mobile,Home,Product
SES_01489,USR_00122,2025-11-16 17:10:40,mobile,Ad_pdp,Category
SES_01490,USR_00165,2025-09-16 21:43:02,mobile,Ad_pdp,landing
SES_01491,USR_00807,2025-01-31 23:39:17,mobile,Ad_pdp,landing
SES_01492,USR_00160,2025-05-12 09:16:14,mobile,Ad_pdp,Checkout
SES_01493,USR_00626,2025-07-17 05:48:20,mobile,Home,Category
SES_01494,USR_00458,2025-03-25 17:34:05,mobile,Home,Category
SES_01495,USR_00590,2025-07-10 11:44:16,mobile,Category,landing
SES_01496,USR_00796,2025-10-10 16:08:00,laptop,Home,landing
SES_01497,USR_00221,2025-01-18 08:48:24,tablet,Ad_pdp,Cart
SES_01498,USR_00522,2025-05-30 11:34:19,mobile,Home,Cart
SES_01499,USR_00629,2025-12-08 22:33:37,mobile,Category,landing
SES_01500,USR_00813,2025-03-09 17:18:09,mobile,Ad_pdp,Product
SES_01501,USR_00600,2025-07-28 17:23:24,mobile,Home,Checkout
SES_01502,USR_00909,2025-10-20 03:29:57,mobile,Category,Cart
SES_01503,USR_00796,2025-04-02 14:58:06,laptop,Product,Checkout
SES_01504,USR_00292,2025-06-24 18:35:37,mobile,Ad_pdp,Product
SES_01505,USR_00465,2025-09-03 00:26:14,mobile,Home,Category
SES_01506,USR_00373,2025-02-06 00:27:03,tablet,Home,Category
SES_01507,USR_00876,2025-02-13 00:52:45,mobile,Home,Cart
SES_01508,USR_00577,2025-05-02 01:01:37,mobile,Product,Product
SES_01509,USR_00782,2025-06-26 21:21:29,mobile,Category,Checkout
SES_01510,USR_00225,2025-09-11 11:12:54,mobile,Home,Category
SES_01511,USR_00430,2025-01-05 02:27:22,mobile,Product,landing
SES_01512,USR_00923,2025-01-12 14:48:51,mobile,Home,landing
SES_01513,USR_00950,2025-02-27 16:48:04,mobile,Home,landing
SES_01514,USR_00734,2025-03-29 03:31:34,mobile,Home,landing
SES_01515,USR_00995,2025-06-12 21:16:06,mobile,Home,landing
SES_01516,USR_00577,2025-11-15 21:53:13,mobile,Ad_pdp,landing
SES_01517,USR_00406,2025-03-08 18:47:54,mobile,Category,landing
SES_01518,USR_00541,2025-06-02 17:58:15,mobile,Category,Product
SES_01519,USR_00949,2025-07-16 04:49:59,mobile,Home,Category
SES_01520,USR_00650,2025-08-10 12:24:05,mobile,Home,landing
SES_01521,USR_00996,2025-07-17 10:40:31,mobile,Home,Product
SES_01522,USR_00906,2025-05-30 10:29:44,mobile,Category,landing
SES_01523,USR_00873,2025-09-03 04:44:14,mobile,Category,landing
SES_01524,USR_00041,2025-12-06 01:58:40,mobile,Home,landing
SES_01525,USR_00139,2025-09-19 21:09:59,mobile,Home,Category
SES_01526,USR_00812,2025-07-02 08:21:01,tablet,Home,landing
SES_01527,USR_00409,2025-04-22 01:12:43,mobile,Home,Category
SES_01528,USR_00651,2025-10-04 06:27:44,mobile,Product,Checkout
SES_01529,USR_00524,2025-11-20 23:31:10,mobile,Category,Category
SES_01530,USR_00188,2025-08-16 21:19:50,mobile,Ad_pdp,landing
SES_01531,USR_00280,2025-11-05 16:27:28,laptop,Home,landing
SES_01532,USR_00174,2025-03-30 23:20:40,mobile,Ad_pdp,Product
SES_01533,USR_00577,2025-07-06 00:55:37,laptop,Home,landing
SES_01534,USR_00127,2025-10-24 11:54:11,mobile,Home,landing
SES_01535,USR_00423,2025-09-05 03:31:04,tablet,Category,Product
SES_01536,USR_00181,2025-06-07 02:04:18,mobile,Product,landing
SES_01537,USR_00735,2025-10-21 13:39:55,tablet,Home,Product
SES_01538,USR_00132,2025-04-15 03:06:38,laptop,Category,Product
SES_01539,USR_00491,2025-01-24 21:09:29,mobile,Home,landing
SES_01540,USR_00768,2025-12-08 23:19:08,mobile,Category,landing
SES_01541,USR_00381,2025-01-17 02:49:55,mobile,Home,Cart
SES_01542,USR_00400,2025-09-04 11:39:43,laptop,Ad_pdp,Product
SES_01543,USR_00290,2025-07-22 17:07:57,mobile,Home,Checkout
SES_01544,USR_00714,2025-05-19 07:50:11,mobile,Category,Category
SES_01545,USR_00043,2025-09-05 00:12:09,mobile,Home,Checkout
SES_01546,USR_00931,2025-06-09 07:00:35,tablet,Home,Product
SES_01547,USR_00534,2025-11-21 07:57:02,mobile,Category,landing
SES_01548,USR_00267,2025-01-30 02:14:54,mobile,Home,Category
SES_01549,USR_00657,2025-12-24 11:30:27,laptop,Product,landing
SES_01550,USR_00446,2025-01-06 12:09:20,mobile,Home,Category
SES_01551,USR_00178,2025-05-29 06:16:33,mobile,Home,Product
SES_01552,USR_00106,2025-07-27 13:59:13,mobile,Home,Checkout
SES_01553,USR_00094,2025-06-27 09:06:48,laptop,Home,landing
SES_01554,USR_00934,2025-12-11 03:02:40,mobile,Ad_pdp,landing
SES_01555,USR_00138,2025-01-23 11:23:49,mobile,Home,Category
SES_01556,USR_00644,2025-11-03 06:20:21,mobile,Home,Cart
SES_01557,USR_00327,2025-11-26 06:54:56,mobile,Product,Product
SES_01558,USR_00056,2025-10-07 21:10:13,tablet,Home,Product
SES_01559,USR_00405,2025-12-18 01:25:31,mobile,Home,Category
SES_01560,USR_00068,2025-09-13 13:49:49,mobile,Category,landing
SES_01561,USR_00756,2025-02-21 06:43:54,tablet,Home,Product
SES_01562,USR_00157,2025-10-26 17:36:58,mobile,Category,Product
SES_01563,USR_00403,2025-12-22 16:45:11,mobile,Home,Category
SES_01564,USR_00987,2025-03-13 10:49:58,mobile,Product,Category
SES_01565,USR_00445,2025-10-03 17:03:37,mobile,Product,landing
SES_01566,USR_00600,2025-08-24 17:53:51,tablet,Home,landing
SES_01567,USR_00332,2025-11-20 22:53:37,mobile,Home,landing
SES_01568,USR_00228,2025-08-23 01:05:14,mobile,Home,Cart
SES_01569,USR_00020,2025-04-12 00:38:57,mobile,Home,landing
SES_01570,USR_00349,2025-02-21 07:40:48,mobile,Category,landing
SES_01571,USR_00988,2025-04-15 08:15:09,tablet,Ad_pdp,landing
SES_01572,USR_00970,2025-05-26 18:50:30,laptop,Category,Product
SES_01573,USR_00789,2025-05-12 10:56:32,tablet,Category,Product
SES_01574,USR_00758,2025-09-26 15:49:09,laptop,Category,Product
SES_01575,USR_00956,2025-06-01 19:57:47,laptop,Ad_pdp,landing
SES_01576,USR_00191,2025-01-30 23:16:16,tablet,Home,Product
SES_01577,USR_00776,2025-02-26 21:46:41,mobile,Category,Category
SES_01578,USR_00074,2025-09-21 22:12:52,mobile,Home,Category
SES_01579,USR_00054,2025-07-25 09:32:11,laptop,Product,landing
SES_01580,USR_00693,2025-09-12 01:38:16,mobile,Home,Cart
SES_01581,USR_00419,2025-08-04 23:39:58,mobile,Home,landing
SES_01582,USR_00328,2025-07-14 20:40:42,mobile,Home,Category
SES_01583,USR_00504,2025-07-29 05:40:28,mobile,Home,landing
SES_01584,USR_00771,2025-04-08 05:30:33,mobile,Home,landing
SES_01585,USR_00185,2025-11-10 13:00:21,mobile,Home,Cart
SES_01586,USR_00702,2025-03-23 19:06:10,mobile,Ad_pdp,Product
SES_01587,USR_00641,2025-05-13 13:36:19,mobile,Home,landing
SES_01588,USR_00231,2025-05-10 01:19:19,mobile,Home,landing
SES_01589,USR_00910,2025-05-03 18:12:04,mobile,Home,Category
SES_01590,USR_00929,2025-09-13 01:10:48,mobile,Home,Product
SES_01591,USR_00309,2025-07-29 22:14:27,mobile,Category,Checkout
SES_01592,USR_00892,2025-08-10 13:59:23,mobile,Home,Product
SES_01593,USR_00782,2025-10-12 22:52:37,mobile,Home,Category
SES_01594,USR_00115,2025-02-26 12:40:45,mobile,Category,landing
SES_01595,USR_00606,2025-08-29 20:46:12,laptop,Product,Checkout
SES_01596,USR_00626,2025-10-29 02:37:29,mobile,Home,Category
SES_01597,USR_00486,2025-08-29 04:34:00,tablet,Home,landing
SES_01598,USR_00935,2025-01-19 07:16:00,mobile,Product,Category
SES_01599,USR_00911,2025-01-09 04:33:01,tablet,Home,Thank_you
SES_01600,USR_00942,2025-10-23 11:53:13,mobile,Home,landing
SES_01601,USR_00048,2025-02-28 18:24:42,tablet,Home,Product
SES_01602,USR_00671,2025-08-14 04:15:39,mobile,Category,Product
SES_01603,USR_00856,2025-09-03 12:33:29,mobile,Category,Category
SES_01604,USR_00341,2025-08-24 17:48:14,mobile,Home,Cart
SES_01605,USR_00589,2025-10-06 18:45:02,mobile,Home,landing
SES_01606,USR_00444,2025-03-03 02:55:06,tablet,Ad_pdp,Category
SES_01607,USR_00184,2025-04-30 18:23:05,mobile,Category,Product
SES_01608,USR_00396,2025-02-02 02:30:49,mobile,Ad_pdp,landing
SES_01609,USR_00977,2025-11-02 00:53:15,laptop,Product,landing
SES_01610,USR_00220,2025-07-06 07:39:35,mobile,Product,Cart
SES_01611,USR_00463,2025-05-28 08:03:39,mobile,Product,Product
SES_01612,USR_00373,2025-06-15 15:36:42,mobile,Category,Product
SES_01613,USR_00619,2025-09-09 23:39:51,mobile,Ad_pdp,Checkout
SES_01614,USR_00730,2025-03-31 22:55:03,mobile,Ad_pdp,Category
SES_01615,USR_00676,2025-12-23 08:47:52,mobile,Home,Product
SES_01616,USR_00752,2025-08-24 19:40:12,mobile,Ad_pdp,landing
SES_01617,USR_00811,2025-09-04 21:52:45,mobile,Home,landing
SES_01618,USR_00760,2025-03-07 14:50:51,mobile,Home,Category
SES_01619,USR_00355,2025-06-17 23:01:14,mobile,Home,Product
SES_01620,USR_00677,2025-10-20 09:19:16,mobile,Category,landing
SES_01621,USR_00752,2025-10-02 11:25:35,mobile,Category,Category
SES_01622,USR_00863,2025-05-10 18:36:46,mobile,Ad_pdp,Category
SES_01623,USR_00171,2025-07-11 19:43:56,mobile,Home,Cart
SES_01624,USR_00205,2025-01-17 20:17:43,mobile,Home,landing
SES_01625,USR_00291,2025-03-23 02:31:15,mobile,Product,Checkout
SES_01626,USR_00880,2025-10-31 12:02:10,mobile,Home,landing
SES_01627,USR_00614,2025-05-10 08:13:42,laptop,Product,landing
SES_01628,USR_00151,2025-03-04 17:15:41,laptop,Home,Cart
SES_01629,USR_00928,2025-08-13 06:27:21,mobile,Home,Category
SES_01630,USR_00169,2025-12-28 15:02:52,tablet,Category,Category
SES_01631,USR_00245,2025-03-14 07:38:49,mobile,Category,landing
SES_01632,USR_00546,2025-04-04 02:24:47,tablet,Home,landing
SES_01633,USR_00922,2025-01-04 07:36:55,laptop,Home,Category
SES_01634,USR_00208,2025-10-02 11:48:47,mobile,Ad_pdp,landing
SES_01635,USR_00114,2025-03-07 05:15:34,mobile,Home,landing
SES_01636,USR_00557,2025-08-01 07:17:31,mobile,Home,landing
SES_01637,USR_00868,2025-09-08 05:15:42,mobile,Home,landing
SES_01638,USR_00377,2025-04-10 15:14:34,mobile,Product,Category
SES_01639,USR_00611,2025-02-20 20:48:50,mobile,Category,Category
SES_01640,USR_00956,2025-09-12 09:32:58,tablet,Home,Category
SES_01641,USR_00534,2025-02-04 03:25:22,mobile,Home,Category
SES_01642,USR_00706,2025-01-27 23:22:53,mobile,Home,Checkout
SES_01643,USR_00649,2025-01-05 14:37:40,mobile,Ad_pdp,landing
SES_01644,USR_00690,2025-09-29 17:11:26,mobile,Home,landing
SES_01645,USR_00112,2025-12-17 04:39:52,mobile,Home,landing
SES_01646,USR_00652,2025-04-05 05:46:40,mobile,Home,landing
SES_01647,USR_00477,2025-04-10 07:41:05,mobile,Home,Cart
SES_01648,USR_00650,2025-01-06 11:04:43,mobile,Category,landing
SES_01649,USR_00814,2025-07-12 13:34:17,tablet,Home,Product
SES_01650,USR_00022,2025-03-22 16:25:36,mobile,Home,Checkout
SES_01651,USR_00669,2025-03-02 12:32:20,mobile,Ad_pdp,Product
SES_01652,USR_00318,2025-11-12 23:56:49,mobile,Category,landing
SES_01653,USR_00895,2025-06-15 18:14:02,laptop,Home,landing
SES_01654,USR_00324,2025-06-24 19:17:27,mobile,Home,landing
SES_01655,USR_00242,2025-08-28 07:31:47,mobile,Home,Product
SES_01656,USR_00992,2025-11-06 04:58:20,mobile,Ad_pdp,Category
SES_01657,USR_00159,2025-03-27 14:11:31,mobile,Category,Checkout
SES_01658,USR_00256,2025-06-12 22:49:02,mobile,Category,landing
SES_01659,USR_00124,2025-02-25 07:34:56,mobile,Ad_pdp,Checkout
SES_01660,USR_00868,2025-08-20 00:02:54,mobile,Category,landing
SES_01661,USR_00178,2025-06-26 22:26:29,mobile,Home,landing
SES_01662,USR_00971,2025-07-06 22:11:21,mobile,Home,landing
SES_01663,USR_00235,2025-08-28 12:47:41,mobile,Product,Category
SES_01664,USR_00742,2025-10-12 07:47:29,mobile,Home,Category
SES_01665,USR_00360,2025-11-13 07:32:26,mobile,Home,Category
SES_01666,USR_00647,2025-01-12 07:17:42,tablet,Home,Cart
SES_01667,USR_00995,2025-06-06 20:45:24,mobile,Home,Category
SES_01668,USR_00834,2025-04-15 19:55:02,mobile,Home,Cart
SES_01669,USR_00297,2025-04-30 09:44:30,mobile,Home,landing
SES_01670,USR_00365,2025-01-11 20:54:40,laptop,Ad_pdp,Category
SES_01671,USR_00923,2025-07-19 07:51:40,mobile,Product,Cart
SES_01672,USR_00568,2025-08-02 13:05:44,mobile,Home,Category
SES_01673,USR_00140,2025-08-17 00:39:49,mobile,Home,landing
SES_01674,USR_00448,2025-03-31 09:34:24,mobile,Category,landing
SES_01675,USR_00838,2025-09-20 12:36:16,mobile,Home,landing
SES_01676,USR_00861,2025-04-23 12:52:34,tablet,Home,Checkout
SES_01677,USR_00601,2025-07-01 12:04:01,mobile,Product,landing
SES_01678,USR_00595,2025-04-02 08:23:12,laptop,Ad_pdp,Cart
SES_01679,USR_00327,2025-12-22 13:27:00,tablet,Product,landing
SES_01680,USR_00288,2025-01-26 12:52:53,mobile,Home,Checkout
SES_01681,USR_00279,2025-12-10 00:46:24,tablet,Home,landing
SES_01682,USR_00350,2025-01-25 20:46:43,mobile,Home,landing
SES_01683,USR_00581,2025-06-19 15:15:49,mobile,Category,Product
SES_01684,USR_00275,2025-04-19 06:49:23,mobile,Home,Thank_you
SES_01685,USR_00596,2025-08-05 08:24:32,mobile,Category,landing
SES_01686,USR_00695,2025-10-11 19:52:57,tablet,Ad_pdp,Category
SES_01687,USR_00324,2025-11-10 19:06:53,mobile,Category,Checkout
SES_01688,USR_00300,2025-05-23 09:13:32,mobile,Home,landing
SES_01689,USR_00594,2025-02-03 23:56:39,mobile,Home,Category
SES_01690,USR_00271,2025-01-08 23:40:11,mobile,Product,landing
SES_01691,USR_00495,2025-06-22 01:04:50,tablet,Category,Category
SES_01692,USR_00789,2025-03-04 04:33:13,mobile,Home,landing
SES_01693,USR_00644,2025-10-16 20:30:13,laptop,Home,landing
SES_01694,USR_00653,2025-03-26 23:34:49,mobile,Home,Category
SES_01695,USR_00305,2025-06-08 15:09:48,mobile,Ad_pdp,landing
SES_01696,USR_00396,2025-07-15 21:25:04,mobile,Category,Cart
SES_01697,USR_00864,2025-09-24 15:17:52,mobile,Product,Category
SES_01698,USR_00519,2025-11-30 01:48:17,mobile,Category,landing
SES_01699,USR_00839,2025-02-20 08:30:44,laptop,Home,landing
SES_01700,USR_00283,2025-04-30 03:36:36,mobile,Home,landing
SES_01701,USR_00665,2025-09-11 10:38:19,mobile,Category,Checkout
SES_01702,USR_00244,2025-10-25 19:05:33,mobile,Home,Checkout
SES_01703,USR_00335,2025-05-29 02:00:18,mobile,Home,Thank_you
SES_01704,USR_00460,2025-01-28 03:10:25,mobile,Product,landing
SES_01705,USR_00618,2025-11-26 02:38:12,laptop,Home,Category
SES_01706,USR_00740,2025-10-29 15:27:30,mobile,Home,Product
SES_01707,USR_00469,2025-08-21 15:50:45,mobile,Home,Checkout
SES_01708,USR_00701,2025-07-11 22:08:22,laptop,Home,Category
SES_01709,USR_00750,2025-02-18 12:53:44,mobile,Home,Product
SES_01710,USR_00355,2025-02-17 16:36:39,mobile,Ad_pdp,Category
SES_01711,USR_00590,2025-03-24 05:10:53,mobile,Home,landing
SES_01712,USR_00428,2025-02-08 14:57:46,mobile,Product,landing
SES_01713,USR_00384,2025-07-12 10:41:26,tablet,Home,Category
SES_01714,USR_00674,2025-02-06 09:47:31,mobile,Product,Checkout
SES_01715,USR_00942,2025-07-10 01:55:33,mobile,Home,Category
SES_01716,USR_00686,2025-07-14 21:14:09,mobile,Category,landing
SES_01717,USR_00588,2025-06-10 07:39:01,mobile,Home,Cart
SES_01718,USR_00460,2025-02-22 20:14:16,mobile,Home,landing
SES_01719,USR_00454,2025-05-16 20:03:31,mobile,Category,landing
SES_01720,USR_00275,2025-11-10 22:27:10,mobile,Category,Thank_you
SES_01721,USR_00204,2025-08-01 06:19:43,mobile,Home,landing
SES_01722,USR_00003,2025-05-05 14:09:38,mobile,Category,Category
SES_01723,USR_00206,2025-08-04 09:14:15,mobile,Home,Category
SES_01724,USR_00228,2025-12-05 06:38:45,mobile,Home,landing
SES_01725,USR_00248,2025-01-24 15:53:45,mobile,Home,landing
SES_01726,USR_00722,2025-03-16 06:20:54,mobile,Category,landing
SES_01727,USR_00706,2025-02-09 01:12:33,mobile,Ad_pdp,landing
SES_01728,USR_00910,2025-03-20 14:54:02,mobile,Home,Cart
SES_01729,USR_00624,2025-01-21 01:06:40,laptop,Home,Category
SES_01730,USR_00904,2025-04-02 19:14:50,mobile,Home,landing
SES_01731,USR_00942,2025-08-04 08:58:09,mobile,Home,Checkout
SES_01732,USR_00299,2025-11-12 23:15:58,tablet,Ad_pdp,landing
SES_01733,USR_00689,2025-07-13 19:18:08,mobile,Category,landing
SES_01734,USR_00057,2025-07-31 19:19:01,tablet,Home,landing
SES_01735,USR_00052,2025-10-19 22:48:55,mobile,Home,Product
SES_01736,USR_00988,2025-07-01 20:14:42,laptop,Home,landing
SES_01737,USR_00643,2025-09-07 01:55:26,mobile,Home,landing
SES_01738,USR_00978,2025-11-18 12:19:25,mobile,Home,landing
SES_01739,USR_00788,2025-06-12 18:17:23,tablet,Home,Category
SES_01740,USR_00066,2025-12-20 02:48:42,mobile,Home,Category
SES_01741,USR_00816,2025-12-19 23:35:34,mobile,Home,Product
SES_01742,USR_00883,2025-04-09 09:10:49,mobile,Home,landing
SES_01743,USR_00004,2025-06-30 02:40:55,mobile,Ad_pdp,Category
SES_01744,USR_00608,2025-06-21 06:15:00,mobile,Home,Category
SES_01745,USR_00486,2025-01-09 14:06:16,mobile,Category,landing
SES_01746,USR_00470,2025-10-16 13:20:26,mobile,Home,Cart
SES_01747,USR_00889,2025-11-24 17:01:19,mobile,Home,Category
SES_01748,USR_00881,2025-02-02 16:48:19,mobile,Home,landing
SES_01749,USR_00745,2025-05-19 10:31:26,tablet,Ad_pdp,landing
SES_01750,USR_00349,2025-01-24 10:02:54,laptop,Home,landing
SES_01751,USR_00717,2025-01-07 16:45:19,laptop,Ad_pdp,landing
SES_01752,USR_00423,2025-11-15 09:42:54,laptop,Home,Checkout
SES_01753,USR_00769,2025-02-01 19:55:37,mobile,Home,Category
SES_01754,USR_00646,2025-10-11 10:17:39,mobile,Home,landing
SES_01755,USR_00296,2025-09-06 05:36:30,mobile,Home,Category
SES_01756,USR_00236,2025-02-22 03:28:12,mobile,Product,Product
SES_01757,USR_00551,2025-11-16 23:34:03,mobile,Category,landing
SES_01758,USR_00436,2025-05-22 15:54:13,tablet,Home,Cart
SES_01759,USR_00542,2025-09-22 16:17:59,mobile,Ad_pdp,Thank_you
SES_01760,USR_00923,2025-10-14 18:15:13,mobile,Home,landing
SES_01761,USR_00930,2025-06-30 13:32:20,mobile,Home,landing
SES_01762,USR_00906,2025-09-06 11:13:02,mobile,Home,landing
SES_01763,USR_00731,2025-07-15 16:26:02,tablet,Ad_pdp,landing
SES_01764,USR_00241,2025-01-08 19:19:28,mobile,Category,landing
SES_01765,USR_00158,2025-03-18 18:45:53,mobile,Home,Category
SES_01766,USR_00973,2025-07-27 14:17:24,mobile,Home,landing
SES_01767,USR_00313,2025-10-15 23:28:36,mobile,Category,landing
SES_01768,USR_00944,2025-12-14 01:41:01,tablet,Category,Checkout
SES_01769,USR_00936,2025-08-22 00:35:17,mobile,Home,landing
SES_01770,USR_00936,2025-09-28 20:24:10,mobile,Category,landing
SES_01771,USR_00789,2025-07-28 01:59:07,mobile,Ad_pdp,Product
SES_01772,USR_00688,2025-07-04 06:20:44,mobile,Home,landing
SES_01773,USR_00029,2025-07-14 07:06:29,mobile,Product,Checkout
SES_01774,USR_00148,2025-06-26 20:35:14,mobile,Home,Category
SES_01775,USR_00037,2025-01-05 15:18:51,mobile,Category,Category
SES_01776,USR_00753,2025-05-26 13:38:27,mobile,Home,Cart
SES_01777,USR_00525,2025-07-05 06:19:21,mobile,Ad_pdp,Category
SES_01778,USR_00658,2025-08-28 18:56:23,mobile,Home,Category
SES_01779,USR_00275,2025-02-21 06:30:30,mobile,Category,Product
SES_01780,USR_00545,2025-03-17 14:14:46,mobile,Ad_pdp,landing
SES_01781,USR_00683,2025-07-28 15:38:54,mobile,Home,Cart
SES_01782,USR_00701,2025-06-29 19:11:45,mobile,Home,Category
SES_01783,USR_00206,2025-01-03 19:03:15,mobile,Home,landing
SES_01784,USR_00071,2025-06-27 07:14:50,tablet,Product,landing
SES_01785,USR_00938,2025-09-22 06:04:28,laptop,Home,Category
SES_01786,USR_00960,2025-09-25 15:52:39,mobile,Category,Category
SES_01787,USR_00669,2025-04-14 08:52:28,mobile,Product,Category
SES_01788,USR_00180,2025-05-24 23:08:46,mobile,Home,Cart
SES_01789,USR_00953,2025-03-12 01:26:54,mobile,Category,landing
SES_01790,USR_00592,2025-10-14 22:18:58,tablet,Category,Category
SES_01791,USR_00132,2025-05-01 01:57:05,mobile,Home,Cart
SES_01792,USR_00904,2025-02-01 15:12:55,mobile,Home,landing
SES_01793,USR_00645,2025-08-17 13:56:26,mobile,Home,landing
SES_01794,USR_00583,2025-04-30 10:10:44,mobile,Home,landing
SES_01795,USR_00198,2025-11-18 21:01:46,mobile,Home,Product
SES_01796,USR_00770,2025-12-02 16:11:11,mobile,Product,Category
SES_01797,USR_00329,2025-03-03 00:08:20,mobile,Home,Product
SES_01798,USR_00563,2025-02-07 20:46:48,mobile,Product,Thank_you
SES_01799,USR_00264,2025-09-01 23:19:05,laptop,Home,Category
SES_01800,USR_00559,2025-12-21 08:52:43,mobile,Home,Category
